{
	"credit": "Made with Blockbench",
	"textures": {
		"0": "item/diamond_sword",
		"particle": "item/diamond_sword"
	},
	"elements": [
		{
			"from": [0, 0, 7.5],
			"to": [3, 2, 8.5],
			"rotation": {"angle": 0, "axis": "y", "origin": [8, 10, 15.5]},
			"faces": {
				"north": {"uv": [3, 14, 0, 16], "texture": "#0"},
				"east": {"uv": [2, 13, 3, 16], "texture": "#0"},
				"south": {"uv": [0, 14, 3, 16], "texture": "#0"},
				"west": {"uv": [0, 13, 1, 16], "texture": "#0", "cullface": "west"},
				"up": {"uv": [0, 13, 3, 14], "texture": "#0"},
				"down": {"uv": [0, 15, 3, 16], "texture": "#0", "cullface": "down"}
			}
		},
		{
			"from": [1, 2, 7.5],
			"to": [2, 3, 8.5],
			"rotation": {"angle": 0, "axis": "y", "origin": [8, 11, 15.5]},
			"faces": {
				"north": {"uv": [2, 13, 1, 14], "texture": "#0"},
				"east": {"uv": [2, 13, 1, 14], "texture": "#0"},
				"south": {"uv": [2, 13, 1, 14], "texture": "#0"},
				"west": {"uv": [2, 13, 1, 14], "texture": "#0"},
				"up": {"uv": [2, 13, 1, 14], "texture": "#0"},
				"down": {"uv": [2, 13, 1, 14], "texture": "#0"}
			}
		},
		{
			"from": [4, 4, 7.5],
			"to": [7, 7, 8.5],
			"rotation": {"angle": 0, "axis": "y", "origin": [12, 14, 15.5]},
			"faces": {
				"north": {"uv": [7, 9, 4, 12], "texture": "#0"},
				"south": {"uv": [4, 9, 7, 12], "texture": "#0"},
				"west": {"uv": [3, 8, 4, 10], "texture": "#0"},
				"down": {"uv": [4, 11, 7, 12], "texture": "#0"}
			}
		},
		{
			"from": [10, 11, 7.5],
			"to": [11, 13, 8.5],
			"rotation": {"angle": 0, "axis": "y", "origin": [18, 20, 15.5]},
			"faces": {
				"north": {"uv": [11, 3, 10, 5], "texture": "#0"},
				"east": {"uv": [12, 3, 13, 4], "texture": "#0"},
				"south": {"uv": [10, 3, 11, 5], "texture": "#0"},
				"west": {"uv": [12, 1, 13, 2], "texture": "#0"},
				"up": {"uv": [12, 1, 13, 2], "texture": "#0"},
				"down": {"uv": [9, 8, 10, 9], "texture": "#0"}
			}
		},
		{
			"from": [11, 11, 7.5],
			"to": [12, 13, 8.2],
			"rotation": {"angle": 0, "axis": "y", "origin": [19, 20, 15.5]},
			"faces": {
				"north": {"uv": [11, 3, 10, 5], "texture": "#0"},
				"east": {"uv": [14, 0, 14.7, 2], "texture": "#0"},
				"south": {"uv": [10, 3, 11, 5], "texture": "#0"},
				"west": {"uv": [12, 1, 13, 2], "texture": "#0"},
				"up": {"uv": [12, 1, 13, 2], "texture": "#0"},
				"down": {"uv": [9, 8, 10, 9], "texture": "#0"}
			}
		},
		{
			"from": [13, 13, 7.5],
			"to": [15, 15, 8.5],
			"rotation": {"angle": 0, "axis": "y", "origin": [21, 23, 15.5]},
			"faces": {
				"north": {"uv": [15, 0, 13, 2], "texture": "#0"},
				"east": {"uv": [15, 0, 16, 3], "texture": "#0", "cullface": "east"},
				"south": {"uv": [13, 0, 15, 2], "texture": "#0"},
				"west": {"uv": [13, 0, 14, 3], "texture": "#0"},
				"up": {"uv": [13, 0, 16, 1], "texture": "#0", "cullface": "up"},
				"down": {"uv": [9, 8, 10, 9], "texture": "#0"}
			}
		},
		{
			"from": [13, 15, 7.5],
			"to": [15, 16, 8.5],
			"rotation": {"angle": 0, "axis": "y", "origin": [21, 24, 15.5]},
			"faces": {
				"north": {"uv": [15, 0, 13, 1], "texture": "#0"},
				"east": {"uv": [15, 0, 16, 3], "texture": "#0", "cullface": "east"},
				"south": {"uv": [13, 0, 15, 1], "texture": "#0"},
				"west": {"uv": [13, 0, 14, 1], "texture": "#0"},
				"up": {"uv": [13, 0, 16, 1], "texture": "#0", "cullface": "up"},
				"down": {"uv": [9, 8, 10, 9], "texture": "#0"}
			}
		},
		{
			"from": [3, 7, 7.5],
			"to": [5, 8, 8.5],
			"rotation": {"angle": 0, "axis": "y", "origin": [11, 16, 15.5]},
			"faces": {
				"north": {"uv": [2, 6, 3, 8], "texture": "#0"},
				"east": {"uv": [2, 6, 3, 8], "texture": "#0"},
				"south": {"uv": [2, 6, 3, 8], "texture": "#0"},
				"west": {"uv": [2, 6, 3, 8], "texture": "#0"},
				"up": {"uv": [2, 6, 3, 8], "texture": "#0"},
				"down": {"uv": [2, 6, 3, 8], "texture": "#0"}
			}
		},
		{
			"from": [3, 6, 7.5],
			"to": [4, 7, 8.5],
			"rotation": {"angle": 0, "axis": "y", "origin": [11, 15, 15.5]},
			"faces": {
				"north": {"uv": [4, 9, 3, 10], "texture": "#0"},
				"south": {"uv": [3, 9, 4, 10], "texture": "#0"},
				"west": {"uv": [3, 9, 4, 10], "texture": "#0"},
				"down": {"uv": [3, 9, 4, 10], "texture": "#0"}
			}
		},
		{
			"from": [6, 3, 7.5],
			"to": [8, 4, 8.5],
			"rotation": {"angle": 0, "axis": "y", "origin": [14, 12, 15.5]},
			"faces": {
				"north": {"uv": [8, 12, 6, 13], "texture": "#0"},
				"south": {"uv": [6, 12, 8, 13], "texture": "#0"},
				"west": {"uv": [6, 12, 7, 13], "texture": "#0"},
				"down": {"uv": [6, 12, 8, 13], "texture": "#0"}
			}
		},
		{
			"from": [8, 2.2, 7.5],
			"to": [9.1, 4, 8.5],
			"rotation": {"angle": 0, "axis": "y", "origin": [16, 12, 15.5]},
			"faces": {
				"north": {"uv": [10, 12, 8, 14], "texture": "#0"},
				"east": {"uv": [9, 12, 10, 14], "texture": "#0"},
				"south": {"uv": [8, 12, 10, 14], "texture": "#0"},
				"west": {"uv": [8, 12, 9, 14], "texture": "#0"},
				"up": {"uv": [8, 12, 10, 13], "texture": "#0"},
				"down": {"uv": [8, 13, 10, 14], "texture": "#0"}
			}
		},
		{
			"from": [3, 3, 7.5],
			"to": [5, 4, 8.5],
			"rotation": {"angle": 0, "axis": "y", "origin": [11, 12, 15.5]},
			"faces": {
				"north": {"uv": [5, 12, 3, 13], "texture": "#0"},
				"east": {"uv": [4, 12, 5, 13], "texture": "#0"},
				"south": {"uv": [3, 12, 5, 13], "texture": "#0"},
				"down": {"uv": [3, 12, 5, 13], "texture": "#0"}
			}
		},
		{
			"from": [3, 2, 7.5],
			"to": [4, 3, 8.5],
			"rotation": {"angle": 0, "axis": "y", "origin": [11, 11, 15.5]},
			"faces": {
				"north": {"uv": [4, 13, 3, 14], "texture": "#0"},
				"east": {"uv": [3, 13, 4, 14], "texture": "#0"},
				"south": {"uv": [3, 13, 4, 14], "texture": "#0"},
				"down": {"uv": [3, 13, 4, 14], "texture": "#0"}
			}
		},
		{
			"from": [2, 3, 7.5],
			"to": [3, 4, 8.5],
			"rotation": {"angle": 0, "axis": "y", "origin": [10, 12, 15.5]},
			"faces": {
				"north": {"uv": [3, 12, 2, 13], "texture": "#0"},
				"south": {"uv": [2, 12, 3, 13], "texture": "#0"},
				"west": {"uv": [2, 12, 3, 13], "texture": "#0"},
				"up": {"uv": [2, 12, 3, 13], "texture": "#0"}
			}
		},
		{
			"from": [7, 6, 7.5],
			"to": [9, 7, 8.5],
			"rotation": {"angle": 0, "axis": "y", "origin": [15, 15, 15.5]},
			"faces": {
				"north": {"uv": [9, 9, 7, 10], "texture": "#0"},
				"east": {"uv": [8, 9, 9, 10], "texture": "#0"},
				"south": {"uv": [7, 9, 9, 10], "texture": "#0"},
				"down": {"uv": [9, 8, 10, 9], "texture": "#0"}
			}
		},
		{
			"from": [7, 5, 7.5],
			"to": [8, 6, 8.5],
			"rotation": {"angle": 0, "axis": "y", "origin": [15, 14, 15.5]},
			"faces": {
				"north": {"uv": [8, 10, 7, 11], "texture": "#0"},
				"east": {"uv": [7, 10, 8, 11], "texture": "#0"},
				"south": {"uv": [7, 10, 8, 11], "texture": "#0"}
			}
		},
		{
			"from": [10, 8, 7.5],
			"to": [11, 9, 8.5],
			"rotation": {"angle": 0, "axis": "y", "origin": [18, 17, 15.5]},
			"faces": {
				"north": {"uv": [10, 7, 11, 8], "texture": "#0"},
				"east": {"uv": [10, 7, 11, 8], "texture": "#0"},
				"south": {"uv": [10, 7, 11, 8], "texture": "#0"},
				"west": {"uv": [10, 7, 11, 8], "texture": "#0"},
				"up": {"uv": [10, 7, 11, 8], "texture": "#0"},
				"down": {"uv": [10, 7, 11, 8], "texture": "#0"}
			}
		},
		{
			"from": [13, 11, 7.5],
			"to": [14, 12, 8.5],
			"rotation": {"angle": 0, "axis": "y", "origin": [21, 20, 15.5]},
			"faces": {
				"north": {"uv": [14, 4, 13, 5], "texture": "#0"},
				"east": {"uv": [14, 4, 13, 5], "texture": "#0"},
				"south": {"uv": [14, 4, 13, 5], "texture": "#0"},
				"west": {"uv": [14, 4, 13, 5], "texture": "#0"},
				"up": {"uv": [14, 4, 13, 5], "texture": "#0"},
				"down": {"uv": [14, 4, 13, 5], "texture": "#0"}
			}
		},
		{
			"from": [13, 12, 7.5],
			"to": [15, 13, 8.5],
			"rotation": {"angle": 0, "axis": "y", "origin": [21, 21, 15.5]},
			"faces": {
				"north": {"uv": [15, 3, 13, 4], "texture": "#0"},
				"east": {"uv": [14, 3, 15, 4], "texture": "#0"},
				"south": {"uv": [13, 3, 15, 4], "texture": "#0"},
				"down": {"uv": [9, 8, 10, 9], "texture": "#0"}
			}
		},
		{
			"from": [8, 10, 7.5],
			"to": [10, 11, 8.5],
			"rotation": {"angle": 0, "axis": "y", "origin": [16, 19, 15.5]},
			"faces": {
				"north": {"uv": [10, 5, 8, 6], "texture": "#0"},
				"south": {"uv": [8, 5, 10, 6], "texture": "#0"},
				"west": {"uv": [12, 1, 13, 2], "texture": "#0"},
				"up": {"uv": [12, 1, 13, 2], "texture": "#0"}
			}
		},
		{
			"from": [5, 7, 7.5],
			"to": [7, 8, 8.5],
			"rotation": {"angle": 0, "axis": "y", "origin": [13, 16, 15.5]},
			"faces": {
				"north": {"uv": [7, 8, 5, 9], "texture": "#0"},
				"south": {"uv": [5, 8, 7, 9], "texture": "#0"},
				"up": {"uv": [5, 8, 7, 9], "texture": "#0"}
			}
		},
		{
			"from": [11, 13, 7.5],
			"to": [13, 14, 8.5],
			"rotation": {"angle": 0, "axis": "y", "origin": [19, 22, 15.5]},
			"faces": {
				"north": {"uv": [13, 2, 11, 3], "texture": "#0"},
				"south": {"uv": [11, 2, 13, 3], "texture": "#0"},
				"west": {"uv": [12, 1, 13, 2], "texture": "#0"},
				"up": {"uv": [12, 1, 13, 2], "texture": "#0"},
				"down": {"uv": [10, 3, 12, 4], "texture": "#0"}
			}
		},
		{
			"from": [12, 14, 7.5],
			"to": [13, 15, 8.5],
			"rotation": {"angle": 0, "axis": "y", "origin": [19, 23, 15.5]},
			"faces": {
				"north": {"uv": [13, 1, 12, 2], "texture": "#0"},
				"south": {"uv": [12, 1, 13, 2], "texture": "#0"},
				"west": {"uv": [12, 1, 13, 2], "texture": "#0"},
				"up": {"uv": [12, 1, 13, 2], "texture": "#0"}
			}
		},
		{
			"from": [9, 11, 7.5],
			"to": [10, 12, 8.5],
			"rotation": {"angle": 0, "axis": "y", "origin": [16, 20, 15.5]},
			"faces": {
				"north": {"uv": [10, 4, 9, 5], "texture": "#0"},
				"south": {"uv": [9, 4, 10, 5], "texture": "#0"},
				"west": {"uv": [12, 1, 13, 2], "texture": "#0"},
				"up": {"uv": [12, 1, 13, 2], "texture": "#0"}
			}
		},
		{
			"from": [6, 8, 7.5],
			"to": [7, 9, 8.5],
			"rotation": {"angle": 0, "axis": "y", "origin": [13, 17, 15.5]},
			"faces": {
				"north": {"uv": [7, 7, 6, 8], "texture": "#0"},
				"south": {"uv": [6, 7, 7, 8], "texture": "#0"},
				"west": {"uv": [12, 1, 13, 2], "texture": "#0"},
				"up": {"uv": [12, 1, 13, 2], "texture": "#0"}
			}
		},
		{
			"from": [4, 8, 7.5],
			"to": [5, 9, 8.5],
			"rotation": {"angle": 0, "axis": "y", "origin": [11, 17, 15.5]},
			"faces": {
				"north": {"uv": [4, 7, 5, 8], "texture": "#0"},
				"east": {"uv": [4, 7, 5, 8], "texture": "#0"},
				"south": {"uv": [4, 7, 5, 8], "texture": "#0"},
				"west": {"uv": [4, 7, 5, 8], "texture": "#0"},
				"up": {"uv": [4, 7, 5, 8], "texture": "#0"},
				"down": {"uv": [4, 7, 5, 8], "texture": "#0"}
			}
		},
		{
			"from": [1, 1, 7.2],
			"to": [2, 2, 8.8],
			"rotation": {"angle": 0, "axis": "y", "origin": [9, 9, 15.5]},
			"faces": {
				"north": {"uv": [2, 14, 1, 15], "texture": "#0"},
				"east": {"uv": [1, 14, 2, 15], "texture": "#0"},
				"south": {"uv": [1, 14, 2, 15], "texture": "#0"},
				"west": {"uv": [1, 14, 2, 15], "texture": "#0"},
				"up": {"uv": [1, 14, 2, 15], "texture": "#0"},
				"down": {"uv": [1, 14, 2, 15], "texture": "#0"}
			}
		},
		{
			"from": [0, 2, 8],
			"to": [1, 3, 8.2],
			"rotation": {"angle": 0, "axis": "y", "origin": [8, 10, 15.5]},
			"faces": {
				"north": {"uv": [2, 14, 1, 15], "texture": "#0"},
				"east": {"uv": [1, 14, 2, 15], "texture": "#0"},
				"south": {"uv": [1, 14, 2, 15], "texture": "#0"},
				"west": {"uv": [1, 14, 2, 15], "texture": "#0"},
				"up": {"uv": [1, 14, 2, 15], "texture": "#0"},
				"down": {"uv": [1, 14, 2, 15], "texture": "#0"}
			}
		},
		{
			"from": [2, 2, 7.2],
			"to": [3, 3, 8.8],
			"rotation": {"angle": 0, "axis": "y", "origin": [10, 10, 15.5]},
			"faces": {
				"north": {"uv": [3, 13, 2, 14], "texture": "#0"},
				"east": {"uv": [2, 13, 3, 14], "texture": "#0"},
				"south": {"uv": [2, 13, 3, 14], "texture": "#0"},
				"west": {"uv": [2, 13, 3, 14], "texture": "#0"},
				"up": {"uv": [2, 13, 3, 14], "texture": "#0"},
				"down": {"uv": [2, 13, 3, 14], "texture": "#0"}
			}
		},
		{
			"from": [3, 3, 7.2],
			"to": [4, 4, 8.8],
			"rotation": {"angle": 0, "axis": "y", "origin": [11, 11, 15.5]},
			"faces": {
				"north": {"uv": [4, 12, 3, 13], "texture": "#0"},
				"east": {"uv": [3, 12, 4, 13], "texture": "#0"},
				"south": {"uv": [3, 12, 4, 13], "texture": "#0"},
				"west": {"uv": [3, 12, 4, 13], "texture": "#0"},
				"up": {"uv": [3, 12, 4, 13], "texture": "#0"},
				"down": {"uv": [3, 12, 4, 13], "texture": "#0"}
			}
		},
		{
			"from": [3.8, 4, 7.2],
			"to": [5, 5, 8.8],
			"rotation": {"angle": 0, "axis": "y", "origin": [12, 12, 15.5]},
			"faces": {
				"north": {"uv": [5, 11, 4, 12], "texture": "#0"},
				"east": {"uv": [4, 11, 5, 12], "texture": "#0"},
				"south": {"uv": [4, 11, 5, 12], "texture": "#0"},
				"west": {"uv": [4, 11, 5, 12], "texture": "#0"},
				"up": {"uv": [4, 11, 5, 12], "texture": "#0"},
				"down": {"uv": [4, 11, 5, 12], "texture": "#0"}
			}
		},
		{
			"from": [5, 5, 7.2],
			"to": [7, 7, 8.8],
			"rotation": {"angle": 0, "axis": "y", "origin": [13, 13, 15.5]},
			"faces": {
				"north": {"uv": [7, 9, 5, 11], "texture": "#0"},
				"east": {"uv": [5, 9, 7, 11], "texture": "#0"},
				"south": {"uv": [5, 9, 7, 11], "texture": "#0"},
				"west": {"uv": [5, 9, 7, 11], "texture": "#0"},
				"up": {"uv": [5, 9, 7, 11], "texture": "#0"},
				"down": {"uv": [5, 9, 7, 11], "texture": "#0"}
			}
		},
		{
			"from": [7, 7, 7.2],
			"to": [9, 9, 8.8],
			"rotation": {"angle": 0, "axis": "y", "origin": [15, 15, 15.5]},
			"faces": {
				"north": {"uv": [9, 7, 7, 9], "texture": "#0"},
				"east": {"uv": [7, 7, 9, 9], "rotation": 90, "texture": "#0"},
				"south": {"uv": [7, 7, 9, 9], "texture": "#0"},
				"west": {"uv": [7, 7, 9, 9], "texture": "#0"},
				"up": {"uv": [7, 7, 9, 9], "texture": "#0"},
				"down": {"uv": [7, 7, 9, 9], "texture": "#0"}
			}
		},
		{
			"from": [9, 9, 7.4],
			"to": [11, 11, 8.6],
			"rotation": {"angle": 0, "axis": "y", "origin": [17, 17, 15.5]},
			"faces": {
				"north": {"uv": [11, 5, 9, 7], "texture": "#0"},
				"east": {"uv": [9, 5, 11, 7], "texture": "#0"},
				"south": {"uv": [9, 5, 11, 7], "texture": "#0"},
				"west": {"uv": [9, 5, 11, 7], "texture": "#0"},
				"up": {"uv": [9, 5, 11, 7], "texture": "#0"},
				"down": {"uv": [9, 5, 11, 7], "texture": "#0"}
			}
		},
		{
			"from": [12, 11, 7.6],
			"to": [13, 13, 8.6],
			"rotation": {"angle": 0, "axis": "y", "origin": [19, 19, 15.5]},
			"faces": {
				"north": {"uv": [12, 3, 11, 5], "texture": "#0"},
				"east": {"uv": [11, 3, 13, 5], "texture": "#0"},
				"south": {"uv": [11, 3, 12, 5], "texture": "#0"},
				"west": {"uv": [11, 3, 13, 5], "texture": "#0"},
				"up": {"uv": [11, 3, 13, 5], "texture": "#0"},
				"down": {"uv": [11, 3, 12, 4], "texture": "#0"}
			}
		},
		{
			"from": [13, 13, 7.2],
			"to": [14, 15, 8.8],
			"rotation": {"angle": 0, "axis": "y", "origin": [21, 21, 15.5]},
			"faces": {
				"north": {"uv": [14, 1, 13, 3], "texture": "#0"},
				"east": {"uv": [13, 1, 15, 3], "texture": "#0"},
				"south": {"uv": [13, 1, 14, 3], "texture": "#0"},
				"west": {"uv": [13, 1, 15, 3], "texture": "#0"},
				"up": {"uv": [13, 1, 15, 3], "texture": "#0"},
				"down": {"uv": [13, 1, 15, 3], "texture": "#0"}
			}
		},
		{
			"from": [15, 12.3, 7.8],
			"to": [15.5, 15.3, 8.2],
			"rotation": {"angle": 0, "axis": "y", "origin": [23, 21.3, 15]},
			"faces": {
				"north": {"uv": [13.5, 1, 13, 4], "texture": "#0"},
				"east": {"uv": [12, 2, 12.4, 5], "texture": "#0"},
				"south": {"uv": [13, 1, 13.5, 4], "texture": "#0"},
				"west": {"uv": [13, 1, 15, 3], "texture": "#0"},
				"up": {"uv": [13, 1, 13.5, 1.4], "texture": "#0"},
				"down": {"uv": [13, 1, 13.5, 1.4], "texture": "#0"}
			}
		},
		{
			"from": [13, 12, 7.4],
			"to": [14, 13, 8.6],
			"rotation": {"angle": 0, "axis": "y", "origin": [21, 20, 15.5]},
			"faces": {
				"north": {"uv": [13, 3, 14, 4], "texture": "#0"},
				"east": {"uv": [13, 3, 14, 4], "texture": "#0"},
				"south": {"uv": [13, 3, 14, 4], "texture": "#0"},
				"west": {"uv": [13, 3, 14, 4], "texture": "#0"},
				"up": {"uv": [13, 3, 14, 4], "texture": "#0"},
				"down": {"uv": [13, 3, 14, 4], "texture": "#0"}
			}
		},
		{
			"from": [12, 13, 7.2],
			"to": [13, 14, 8.8],
			"rotation": {"angle": 0, "axis": "y", "origin": [20, 21, 15.5]},
			"faces": {
				"north": {"uv": [12, 2, 13, 3], "texture": "#0"},
				"east": {"uv": [12, 2, 13, 3], "texture": "#0"},
				"south": {"uv": [12, 2, 13, 3], "texture": "#0"},
				"west": {"uv": [12, 2, 13, 3], "texture": "#0"},
				"up": {"uv": [12, 2, 13, 3], "texture": "#0"},
				"down": {"uv": [12, 2, 13, 3], "texture": "#0"}
			}
		},
		{
			"from": [10, 11, 7.2],
			"to": [11, 12, 8.2],
			"rotation": {"angle": 0, "axis": "y", "origin": [18, 19, 15.5]},
			"faces": {
				"north": {"uv": [11, 4, 10, 5], "texture": "#0"},
				"south": {"uv": [10, 4, 11, 5], "texture": "#0"},
				"west": {"uv": [10, 4, 11, 5], "texture": "#0"},
				"up": {"uv": [10, 4, 11, 5], "texture": "#0"}
			}
		},
		{
			"from": [11, 10, 7.3],
			"to": [12, 11, 8.6],
			"rotation": {"angle": 0, "axis": "y", "origin": [19, 18, 15.5]},
			"faces": {
				"north": {"uv": [10, 4, 11, 5], "texture": "#0"},
				"east": {"uv": [10, 4, 11, 5], "texture": "#0"},
				"south": {"uv": [10, 4, 11, 5], "texture": "#0"},
				"west": {"uv": [10, 4, 11, 5], "texture": "#0"},
				"up": {"uv": [10, 4, 11, 5], "texture": "#0"},
				"down": {"uv": [10, 4, 11, 5], "texture": "#0"}
			}
		},
		{
			"from": [9, 7.2, 7.5],
			"to": [10, 8, 8.5],
			"rotation": {"angle": 0, "axis": "y", "origin": [17, 15, 15.5]},
			"faces": {
				"north": {"uv": [10, 4, 11, 5], "texture": "#0"},
				"east": {"uv": [10, 4, 11, 5], "texture": "#0"},
				"south": {"uv": [10, 4, 11, 5], "texture": "#0"},
				"west": {"uv": [10, 4, 11, 5], "texture": "#0"},
				"up": {"uv": [10, 4, 11, 5], "texture": "#0"},
				"down": {"uv": [10, 4, 11, 5], "texture": "#0"}
			}
		},
		{
			"from": [9, 8, 7.6],
			"to": [10, 9, 8.2],
			"rotation": {"angle": 0, "axis": "y", "origin": [17, 16, 15.5]},
			"faces": {
				"north": {"uv": [10, 7, 9, 8], "texture": "#0"},
				"east": {"uv": [9, 7, 10, 8], "texture": "#0"},
				"south": {"uv": [9, 7, 10, 8], "texture": "#0"},
				"down": {"uv": [9, 7, 10, 8], "texture": "#0"}
			}
		},
		{
			"from": [8, 9, 7.2],
			"to": [9, 10, 8.8],
			"rotation": {"angle": 0, "axis": "y", "origin": [16, 17, 15.5]},
			"faces": {
				"north": {"uv": [8, 6, 9, 7], "texture": "#0"},
				"east": {"uv": [8, 6, 9, 7], "texture": "#0"},
				"south": {"uv": [8, 6, 9, 7], "texture": "#0"},
				"west": {"uv": [8, 6, 9, 7], "texture": "#0"},
				"up": {"uv": [8, 6, 9, 7], "texture": "#0"},
				"down": {"uv": [8, 6, 9, 7], "texture": "#0"}
			}
		},
		{
			"from": [6, 7, 7.2],
			"to": [7, 8, 8.8],
			"rotation": {"angle": 0, "axis": "y", "origin": [14, 15, 15.5]},
			"faces": {
				"north": {"uv": [7, 8, 6, 9], "texture": "#0"},
				"south": {"uv": [6, 8, 7, 9], "texture": "#0"},
				"west": {"uv": [6, 8, 7, 9], "texture": "#0"},
				"up": {"uv": [6, 8, 7, 9], "texture": "#0"}
			}
		},
		{
			"from": [7, 6, 7.2],
			"to": [8, 7, 8.8],
			"rotation": {"angle": 0, "axis": "y", "origin": [15, 14, 15.5]},
			"faces": {
				"north": {"uv": [8, 9, 7, 10], "texture": "#0"},
				"east": {"uv": [7, 9, 8, 10], "texture": "#0"},
				"south": {"uv": [7, 9, 8, 10], "texture": "#0"},
				"down": {"uv": [7, 9, 8, 10], "texture": "#0"}
			}
		},
		{
			"from": [6, 4, 7.2],
			"to": [8, 5, 8.8],
			"rotation": {"angle": 0, "axis": "y", "origin": [14, 12, 15.5]},
			"faces": {
				"north": {"uv": [8, 11, 6, 12], "texture": "#0"},
				"east": {"uv": [6, 11, 8, 12], "texture": "#0"},
				"south": {"uv": [6, 11, 8, 12], "texture": "#0"},
				"west": {"uv": [6, 11, 8, 12], "texture": "#0"},
				"up": {"uv": [6, 11, 8, 12], "texture": "#0"},
				"down": {"uv": [6, 11, 8, 12], "texture": "#0"}
			}
		},
		{
			"from": [4, 6, 7.2],
			"to": [5, 8, 8.8],
			"rotation": {"angle": 0, "axis": "y", "origin": [12, 14, 15.5]},
			"faces": {
				"north": {"uv": [5, 8, 4, 10], "texture": "#0"},
				"east": {"uv": [4, 8, 5, 10], "texture": "#0"},
				"south": {"uv": [4, 8, 5, 10], "texture": "#0"},
				"west": {"uv": [4, 8, 5, 10], "texture": "#0"},
				"up": {"uv": [4, 8, 5, 10], "texture": "#0"},
				"down": {"uv": [4, 8, 5, 10], "texture": "#0"}
			}
		},
		{
			"from": [8, 3, 7.4],
			"to": [9, 4.075, 8.8],
			"rotation": {"angle": 0, "axis": "y", "origin": [16, 11, 15.5]},
			"faces": {
				"north": {"uv": [9, 12, 8, 13], "texture": "#0"},
				"east": {"uv": [8, 12, 9, 13], "texture": "#0"},
				"south": {"uv": [8, 12, 9, 13], "texture": "#0"},
				"west": {"uv": [8, 12, 9, 13], "texture": "#0"},
				"up": {"uv": [8, 12, 9, 13], "texture": "#0"},
				"down": {"uv": [8, 12, 9, 13], "texture": "#0"}
			}
		}
	],
	"gui_light": "front",
	"display": {
		"thirdperson_righthand": {
			"rotation": [0, -90, 55],
			"translation": [0, 4, 0.5],
			"scale": [0.85, 0.85, 0.85]
		},
		"thirdperson_lefthand": {
			"rotation": [0, 90, -55],
			"translation": [0, 4, 0.5],
			"scale": [0.85, 0.85, 0.85]
		},
		"firstperson_righthand": {
			"rotation": [0, -90, 25],
			"translation": [1.13, 3.2, 1.13],
			"scale": [0.68, 0.68, 0.68]
		},
		"firstperson_lefthand": {
			"rotation": [0, 90, -25],
			"translation": [1.13, 3.2, 1.13],
			"scale": [0.68, 0.68, 0.68]
		},
		"ground": {
			"translation": [0, 2, 0],
			"scale": [0.5, 0.5, 0.5]
		},
		"head": {
			"rotation": [0, 180, 0],
			"translation": [0, 13, 7]
		},
		"fixed": {
			"rotation": [0, 180, 0]
		}
	},
	"groups": [
		{
			"name": "1",
			"origin": [8, 8, 8],
			"children": [0, 1, 2, 3, 4, 5, 6, 7, 8, 9, 10, 11, 12, 13, 14, 15, 16, 17, 18, 19, 20, 21, 22, 23, 24, 25]
		},
		{
			"name": "2",
			"origin": [8, 8, 8],
			"children": [26, 27, 28, 29, 30, 31, 32, 33, 34, 35, 36, 37, 38, 39, 40, 41, 42, 43, 44, 45, 46, 47, 48]
		}
	]
}