{
	"credit": "Made with Blockbench",
	"parent": "minecraft:block/cube_all",
	"textures": {
		"particle": "block/cut_copper",
		"all": "block/cut_copper"
	},
	"elements": [
		{
			"from": [0.5, 0.5, 0.5],
			"to": [15.5, 15.5, 15.5],
			"faces": {
				"north": {"uv": [1, 1, 15, 15], "texture": "#all", "cullface": "north"},
				"east": {"uv": [1, 1, 15, 15], "texture": "#all", "cullface": "east"},
				"south": {"uv": [1, 1, 15, 15], "texture": "#all", "cullface": "south"},
				"west": {"uv": [1, 1, 15, 15], "texture": "#all", "cullface": "west"},
				"up": {"uv": [1, 1, 15, 15], "texture": "#all", "cullface": "up"},
				"down": {"uv": [1, 1, 15, 15], "texture": "#all", "cullface": "down"}
			}
		},
		{
			"from": [0, 0, 0],
			"to": [7, 8, 7],
			"faces": {
				"north": {"uv": [9, 8, 16, 16], "texture": "#all", "cullface": "north"},
				"east": {"uv": [9, 8, 16, 16], "texture": "#all"},
				"south": {"uv": [0, 8, 7, 16], "texture": "#all"},
				"west": {"uv": [0, 8, 7, 16], "texture": "#all", "cullface": "west"},
				"up": {"uv": [0, 0, 7, 7], "texture": "#all"},
				"down": {"uv": [0, 9, 7, 16], "texture": "#all", "cullface": "down"}
			}
		},
		{
			"from": [0, 9, 0],
			"to": [7, 16, 7],
			"faces": {
				"north": {"uv": [9, 0, 16, 7], "texture": "#all", "cullface": "north"},
				"east": {"uv": [9, 0, 16, 7], "texture": "#all"},
				"south": {"uv": [0, 0, 7, 7], "texture": "#all"},
				"west": {"uv": [0, 0, 7, 7], "texture": "#all", "cullface": "west"},
				"up": {"uv": [0, 0, 7, 7], "texture": "#all", "cullface": "up"},
				"down": {"uv": [0, 9, 7, 16], "texture": "#all"}
			}
		},
		{
			"from": [9, 0, 0],
			"to": [16, 8, 8],
			"faces": {
				"north": {"uv": [0, 8, 7, 16], "texture": "#all", "cullface": "north"},
				"east": {"uv": [8, 8, 16, 16], "texture": "#all", "cullface": "east"},
				"south": {"uv": [9, 8, 16, 16], "texture": "#all"},
				"west": {"uv": [0, 8, 8, 16], "texture": "#all"},
				"up": {"uv": [9, 0, 16, 8], "texture": "#all"},
				"down": {"uv": [9, 8, 16, 16], "texture": "#all", "cullface": "down"}
			}
		},
		{
			"from": [9, 9, 0],
			"to": [16, 16, 7],
			"faces": {
				"north": {"uv": [0, 0, 7, 7], "texture": "#all", "cullface": "north"},
				"east": {"uv": [9, 0, 16, 7], "texture": "#all", "cullface": "east"},
				"south": {"uv": [9, 0, 16, 7], "texture": "#all"},
				"west": {"uv": [0, 0, 7, 7], "texture": "#all"},
				"up": {"uv": [9, 0, 16, 7], "texture": "#all", "cullface": "up"},
				"down": {"uv": [9, 9, 16, 16], "texture": "#all"}
			}
		},
		{
			"from": [8, 0, 9],
			"to": [16, 8, 16],
			"faces": {
				"north": {"uv": [0, 8, 8, 16], "texture": "#all"},
				"east": {"uv": [0, 8, 7, 16], "texture": "#all", "cullface": "east"},
				"south": {"uv": [8, 8, 16, 16], "texture": "#all", "cullface": "south"},
				"west": {"uv": [9, 8, 16, 16], "texture": "#all"},
				"up": {"uv": [8, 9, 16, 16], "texture": "#all"},
				"down": {"uv": [8, 0, 16, 7], "texture": "#all", "cullface": "down"}
			}
		},
		{
			"from": [8, 9, 9],
			"to": [16, 16, 16],
			"faces": {
				"north": {"uv": [0, 0, 8, 7], "texture": "#all"},
				"east": {"uv": [0, 0, 7, 7], "texture": "#all", "cullface": "east"},
				"south": {"uv": [8, 0, 16, 7], "texture": "#all", "cullface": "south"},
				"west": {"uv": [9, 0, 16, 7], "texture": "#all"},
				"up": {"uv": [8, 9, 16, 16], "texture": "#all", "cullface": "up"},
				"down": {"uv": [8, 0, 16, 7], "texture": "#all"}
			}
		},
		{
			"from": [0, 0, 9],
			"to": [7, 8, 16],
			"faces": {
				"north": {"uv": [9, 8, 16, 16], "texture": "#all"},
				"east": {"uv": [0, 8, 7, 16], "texture": "#all"},
				"south": {"uv": [0, 8, 7, 16], "texture": "#all", "cullface": "south"},
				"west": {"uv": [9, 8, 16, 16], "texture": "#all", "cullface": "west"},
				"up": {"uv": [0, 9, 7, 16], "texture": "#all"},
				"down": {"uv": [0, 0, 7, 7], "texture": "#all", "cullface": "down"}
			}
		},
		{
			"from": [0, 9, 8],
			"to": [7, 16, 16],
			"faces": {
				"north": {"uv": [9, 0, 16, 7], "texture": "#all"},
				"east": {"uv": [0, 0, 8, 7], "texture": "#all"},
				"south": {"uv": [0, 0, 7, 7], "texture": "#all", "cullface": "south"},
				"west": {"uv": [8, 0, 16, 7], "texture": "#all", "cullface": "west"},
				"up": {"uv": [0, 8, 7, 16], "texture": "#all", "cullface": "up"},
				"down": {"uv": [0, 0, 7, 8], "texture": "#all"}
			}
		},
		{
			"from": [7, 0, 0],
			"to": [8, 8, 1],
			"faces": {
				"north": {"uv": [8, 8, 9, 16], "texture": "#all", "cullface": "north"},
				"east": {"uv": [15, 8, 16, 16], "texture": "#all"},
				"south": {"uv": [7, 8, 8, 16], "texture": "#all"},
				"up": {"uv": [7, 0, 8, 1], "texture": "#all"},
				"down": {"uv": [7, 15, 8, 16], "texture": "#all", "cullface": "down"}
			}
		},
		{
			"from": [7, 9, 0],
			"to": [8, 16, 1],
			"faces": {
				"north": {"uv": [8, 0, 9, 7], "texture": "#all", "cullface": "north"},
				"east": {"uv": [15, 0, 16, 7], "texture": "#all"},
				"south": {"uv": [7, 0, 8, 7], "texture": "#all"},
				"up": {"uv": [7, 0, 8, 1], "texture": "#all", "cullface": "up"},
				"down": {"uv": [7, 15, 8, 16], "texture": "#all"}
			}
		},
		{
			"from": [0, 0, 7],
			"to": [7, 1, 8],
			"faces": {
				"east": {"uv": [8, 15, 9, 16], "texture": "#all"},
				"south": {"uv": [0, 15, 7, 16], "texture": "#all"},
				"west": {"uv": [7, 15, 8, 16], "texture": "#all", "cullface": "west"},
				"up": {"uv": [0, 7, 7, 8], "texture": "#all"},
				"down": {"uv": [0, 8, 7, 9], "texture": "#all", "cullface": "down"}
			}
		},
		{
			"from": [0, 0, 8],
			"to": [1, 8, 9],
			"faces": {
				"north": {"uv": [15, 8, 16, 16], "texture": "#all"},
				"east": {"uv": [7, 8, 8, 16], "texture": "#all"},
				"west": {"uv": [8, 8, 9, 16], "texture": "#all", "cullface": "west"},
				"up": {"uv": [0, 8, 1, 9], "texture": "#all"},
				"down": {"uv": [0, 7, 1, 8], "texture": "#all", "cullface": "down"}
			}
		},
		{
			"from": [8, 15, 0],
			"to": [9, 16, 7],
			"faces": {
				"north": {"uv": [7, 0, 8, 1], "texture": "#all", "cullface": "north"},
				"south": {"uv": [8, 0, 9, 1], "texture": "#all"},
				"west": {"uv": [0, 0, 7, 1], "texture": "#all"},
				"up": {"uv": [8, 0, 9, 7], "texture": "#all", "cullface": "up"},
				"down": {"uv": [8, 9, 9, 16], "texture": "#all"}
			}
		},
		{
			"from": [8, 0, 0],
			"to": [9, 1, 8],
			"faces": {
				"north": {"uv": [7, 15, 8, 16], "texture": "#all", "cullface": "north"},
				"south": {"uv": [8, 15, 9, 16], "texture": "#all"},
				"west": {"uv": [0, 15, 8, 16], "texture": "#all"},
				"up": {"uv": [8, 0, 9, 8], "texture": "#all"},
				"down": {"uv": [8, 8, 9, 16], "texture": "#all", "cullface": "down"}
			}
		},
		{
			"from": [8, 15, 8],
			"to": [16, 16, 9],
			"faces": {
				"north": {"uv": [0, 0, 8, 1], "texture": "#all"},
				"east": {"uv": [7, 0, 8, 1], "texture": "#all", "cullface": "east"},
				"west": {"uv": [8, 0, 9, 1], "texture": "#all"},
				"up": {"uv": [8, 8, 16, 9], "texture": "#all", "cullface": "up"},
				"down": {"uv": [8, 7, 16, 8], "texture": "#all"}
			}
		},
		{
			"from": [15, 9, 7],
			"to": [16, 16, 8],
			"faces": {
				"east": {"uv": [8, 0, 9, 7], "texture": "#all", "cullface": "east"},
				"south": {"uv": [15, 0, 16, 7], "texture": "#all"},
				"west": {"uv": [7, 0, 8, 7], "texture": "#all"},
				"up": {"uv": [15, 7, 16, 8], "texture": "#all", "cullface": "up"},
				"down": {"uv": [15, 8, 16, 9], "texture": "#all"}
			}
		},
		{
			"from": [0, 1, 7],
			"to": [0, 16, 8],
			"faces": {
				"east": {"uv": [8, 0, 9, 15], "texture": "#all"}
			}
		},
		{
			"from": [0, 8, 0],
			"to": [0, 9, 7],
			"faces": {
				"east": {"uv": [9, 7, 16, 8], "texture": "#all"}
			}
		},
		{
			"from": [0, 8, 0],
			"to": [8, 9, 0],
			"faces": {
				"south": {"uv": [0, 7, 8, 8], "texture": "#all"}
			}
		},
		{
			"from": [8, 1, 0],
			"to": [9, 15, 0],
			"faces": {
				"south": {"uv": [8, 1, 9, 15], "texture": "#all"}
			}
		},
		{
			"from": [9, 8, 0],
			"to": [16, 9, 0],
			"faces": {
				"south": {"uv": [9, 7, 16, 8], "texture": "#all"}
			}
		},
		{
			"from": [16, 8, 0],
			"to": [16, 9, 8],
			"faces": {
				"west": {"uv": [0, 7, 8, 8], "texture": "#all"}
			}
		},
		{
			"from": [16, 0, 8],
			"to": [16, 15, 9],
			"faces": {
				"west": {"uv": [8, 1, 9, 16], "texture": "#all"}
			}
		},
		{
			"from": [16, 8, 9],
			"to": [16, 9, 16],
			"faces": {
				"west": {"uv": [9, 7, 16, 8], "texture": "#all"}
			}
		},
		{
			"from": [8, 8, 16],
			"to": [16, 9, 16],
			"faces": {
				"north": {"uv": [0, 7, 8, 8], "texture": "#all"}
			}
		},
		{
			"from": [7, 0, 16],
			"to": [8, 16, 16],
			"faces": {
				"north": {"uv": [8, 0, 9, 16], "texture": "#all"}
			}
		},
		{
			"from": [0, 8, 16],
			"to": [7, 9, 16],
			"faces": {
				"north": {"uv": [9, 7, 16, 8], "texture": "#all"}
			}
		},
		{
			"from": [0, 8, 8],
			"to": [0, 9, 16],
			"faces": {
				"east": {"uv": [0, 7, 8, 8], "texture": "#all"}
			}
		},
		{
			"from": [0, 16, 7],
			"to": [7, 16, 8],
			"faces": {
				"down": {"uv": [0, 8, 7, 9], "texture": "#all"}
			}
		},
		{
			"from": [8, 16, 7],
			"to": [15, 16, 8],
			"faces": {
				"down": {"uv": [8, 8, 15, 9], "texture": "#all"}
			}
		},
		{
			"from": [7, 16, 1],
			"to": [8, 16, 16],
			"faces": {
				"down": {"uv": [7, 0, 8, 15], "texture": "#all"}
			}
		},
		{
			"from": [1, 0, 8],
			"to": [7, 0, 9],
			"faces": {
				"up": {"uv": [1, 8, 7, 9], "texture": "#all"}
			}
		},
		{
			"from": [7, 0, 1],
			"to": [8, 0, 16],
			"faces": {
				"up": {"uv": [7, 1, 8, 16], "texture": "#all"}
			}
		},
		{
			"from": [8, 0, 8],
			"to": [16, 0, 9],
			"faces": {
				"up": {"uv": [8, 8, 16, 9], "texture": "#all"}
			}
		}
	],
	"display": {
		"thirdperson_righthand": {
			"rotation": [75, 45, 0],
			"translation": [0, 2.5, 0],
			"scale": [0.375, 0.375, 0.375]
		},
		"thirdperson_lefthand": {
			"rotation": [75, 45, 0],
			"translation": [0, 2.5, 0],
			"scale": [0.375, 0.375, 0.375]
		},
		"firstperson_righthand": {
			"rotation": [0, 45, 0],
			"scale": [0.4, 0.4, 0.4]
		},
		"firstperson_lefthand": {
			"rotation": [0, 225, 0],
			"scale": [0.4, 0.4, 0.4]
		},
		"ground": {
			"translation": [0, 3, 0],
			"scale": [0.25, 0.25, 0.25]
		},
		"gui": {
			"rotation": [30, 225, 0],
			"scale": [0.625, 0.625, 0.625]
		},
		"fixed": {
			"scale": [0.5, 0.5, 0.5]
		}
	},
	"groups": [
		0,
		{
			"name": "group",
			"origin": [0, 0, 0],
			"color": 0,
			"children": [1, 2, 3, 4, 5, 6, 7, 8, 9, 10, 11, 12, 13, 14, 15, 16]
		},
		{
			"name": "panel",
			"origin": [0, 0, 0],
			"color": 0,
			"children": [17, 18, 19, 20, 21, 22, 23, 24, 25, 26, 27, 28, 29, 30, 31, 32, 33, 34]
		}
	]
}