{
	"credit": "Made with Blockbench",
	"ambientocclusion": false,
	"textures": {
		"0": "block/spruce_door_bottom",
		"particle": "block/spruce_door_bottom"
	},
	"elements": [
		{
			"from": [0, 0, 0],
			"to": [3, 16, 16],
			"rotation": {"angle": 0, "axis": "y", "origin": [1.5, 10, 8]},
			"faces": {
				"north": {"uv": [0, 0, 3, 16], "texture": "#0", "cullface": "north"},
				"east": {"uv": [0, 0, 16, 16], "texture": "#0"},
				"south": {"uv": [3, 0, 0, 16], "texture": "#0", "cullface": "south"},
				"west": {"uv": [16, 0, 0, 16], "texture": "#0", "cullface": "west"},
				"down": {"uv": [13, 0, 16, 16], "rotation": 180, "texture": "#0", "cullface": "down"}
			}
		},
		{
			"from": [3, 5, 13],
			"to": [3.5, 6, 16],
			"rotation": {"angle": 0, "axis": "y", "origin": [1.5, 10, 8]},
			"faces": {
				"north": {"uv": [14, 10, 14.5, 11], "texture": "#0"},
				"east": {"uv": [0, 10, 3, 11], "texture": "#0"},
				"south": {"uv": [0, 10, 0.5, 11], "texture": "#0", "cullface": "south"},
				"up": {"uv": [0, 10, 3, 10.5], "rotation": 270, "texture": "#0"},
				"down": {"uv": [0, 10, 3, 10.5], "rotation": 90, "texture": "#0"}
			}
		},
		{
			"from": [3, 4, 15],
			"to": [3.5, 5, 16],
			"rotation": {"angle": 0, "axis": "y", "origin": [1.5, 10, 8]},
			"faces": {
				"north": {"uv": [0, 11, 0.5, 12], "texture": "#0"},
				"east": {"uv": [0, 11, 1, 12], "texture": "#0"},
				"south": {"uv": [0, 11, 0.5, 12], "texture": "#0", "cullface": "south"},
				"down": {"uv": [0, 11, 1, 11.5], "rotation": 270, "texture": "#0"}
			}
		},
		{
			"from": [3, 15, 15],
			"to": [3.5, 16, 16],
			"rotation": {"angle": 0, "axis": "y", "origin": [1.5, 10, 8]},
			"faces": {
				"north": {"uv": [0, 0, 0.5, 1], "texture": "#0"},
				"east": {"uv": [0, 0, 1, 1], "texture": "#0"},
				"south": {"uv": [0, 0, 0.5, 1], "texture": "#0", "cullface": "south"},
				"up": {"uv": [0, 0, 1, 0.5], "rotation": 270, "texture": "#0", "cullface": "up"},
				"down": {"uv": [0, 0, 1, 0.5], "rotation": 270, "texture": "#0"}
			}
		},
		{
			"from": [3, 5, 10],
			"to": [3.5, 6, 12],
			"rotation": {"angle": 0, "axis": "y", "origin": [1.5, 10, 8]},
			"faces": {
				"north": {"uv": [14, 10, 14.5, 11], "texture": "#0"},
				"east": {"uv": [4, 10, 6, 11], "texture": "#0"},
				"south": {"uv": [4, 10, 4.5, 11], "texture": "#0"},
				"up": {"uv": [4, 10, 6, 10.5], "rotation": 270, "texture": "#0"},
				"down": {"uv": [4, 10, 6, 10.5], "rotation": 90, "texture": "#0"}
			}
		},
		{
			"from": [3, 5, 7],
			"to": [3.5, 6, 9],
			"rotation": {"angle": 0, "axis": "y", "origin": [1.5, 10, 8]},
			"faces": {
				"north": {"uv": [14, 10, 14.5, 11], "texture": "#0"},
				"east": {"uv": [7, 10, 9, 11], "texture": "#0"},
				"south": {"uv": [7, 10, 7.5, 11], "texture": "#0"},
				"up": {"uv": [7, 10, 9, 10.5], "rotation": 270, "texture": "#0"},
				"down": {"uv": [7, 10, 9, 10.5], "rotation": 90, "texture": "#0"}
			}
		},
		{
			"from": [3, 5, 4],
			"to": [3.5, 6, 6],
			"rotation": {"angle": 0, "axis": "y", "origin": [1.5, 10, 8]},
			"faces": {
				"north": {"uv": [14, 10, 14.5, 11], "texture": "#0"},
				"east": {"uv": [10, 10, 12, 11], "texture": "#0"},
				"south": {"uv": [10, 10, 10.5, 11], "texture": "#0"},
				"up": {"uv": [10, 10, 12, 10.5], "rotation": 270, "texture": "#0"},
				"down": {"uv": [10, 10, 12, 10.5], "rotation": 90, "texture": "#0"}
			}
		},
		{
			"from": [3, 5, 1],
			"to": [3.5, 6, 3],
			"rotation": {"angle": 0, "axis": "y", "origin": [1.5, 10, 8]},
			"faces": {
				"north": {"uv": [14, 10, 14.5, 11], "texture": "#0"},
				"east": {"uv": [13, 10, 15, 11], "texture": "#0"},
				"south": {"uv": [13, 10, 13.5, 11], "texture": "#0"},
				"up": {"uv": [13, 10, 15, 10.5], "rotation": 270, "texture": "#0"},
				"down": {"uv": [13, 10, 15, 10.5], "rotation": 90, "texture": "#0"}
			}
		},
		{
			"from": [3, 12, 3],
			"to": [3.5, 13, 5],
			"rotation": {"angle": 0, "axis": "y", "origin": [1.5, 10, 8]},
			"faces": {
				"north": {"uv": [12, 3, 12.5, 4], "texture": "#0"},
				"east": {"uv": [11, 3, 13, 4], "texture": "#0"},
				"south": {"uv": [11, 3, 11.5, 4], "texture": "#0"},
				"up": {"uv": [11, 3, 13, 3.5], "rotation": 270, "texture": "#0"},
				"down": {"uv": [11, 3, 13, 3.5], "rotation": 90, "texture": "#0"}
			}
		},
		{
			"from": [3, 15, 3],
			"to": [3.5, 16, 5],
			"rotation": {"angle": 0, "axis": "y", "origin": [1.5, 10, 8]},
			"faces": {
				"north": {"uv": [11, 0, 11.5, 1], "texture": "#0"},
				"east": {"uv": [11, 0, 13, 1], "texture": "#0"},
				"south": {"uv": [11, 0, 11.5, 1], "texture": "#0"},
				"up": {"uv": [11, 0, 13, 0.5], "rotation": 270, "texture": "#0", "cullface": "up"},
				"down": {"uv": [11, 0, 13, 0.5], "rotation": 90, "texture": "#0"}
			}
		},
		{
			"from": [3, 13, 5],
			"to": [3.5, 15, 6],
			"rotation": {"angle": 0, "axis": "y", "origin": [1.5, 10, 8]},
			"faces": {
				"north": {"uv": [10, 1, 10.5, 3], "texture": "#0"},
				"east": {"uv": [10, 1, 11, 3], "texture": "#0"},
				"south": {"uv": [10, 1, 10.5, 3], "texture": "#0"},
				"up": {"uv": [10, 1, 11, 1.5], "rotation": 270, "texture": "#0"},
				"down": {"uv": [10, 2, 11, 2.5], "rotation": 270, "texture": "#0"}
			}
		},
		{
			"from": [3, 13, 2],
			"to": [3.5, 15, 3],
			"rotation": {"angle": 0, "axis": "y", "origin": [1.5, 10, 8]},
			"faces": {
				"north": {"uv": [13, 1, 13.5, 3], "texture": "#0"},
				"east": {"uv": [13, 1, 14, 3], "texture": "#0"},
				"south": {"uv": [13, 1, 13.5, 3], "texture": "#0"},
				"up": {"uv": [13, 1, 14, 1.5], "rotation": 270, "texture": "#0"},
				"down": {"uv": [13, 2, 14, 2.5], "rotation": 270, "texture": "#0"}
			}
		},
		{
			"from": [-0.5, 4, 15],
			"to": [0, 5, 16],
			"rotation": {"angle": 0, "axis": "y", "origin": [1.5, 10, 8]},
			"faces": {
				"north": {"uv": [0, 11, 0.5, 12], "texture": "#0", "cullface": "west"},
				"south": {"uv": [0, 11, 0.5, 12], "texture": "#0", "cullface": "west"},
				"west": {"uv": [0, 11, 1, 12], "texture": "#0", "cullface": "west"},
				"down": {"uv": [0, 11, 1, 11.5], "rotation": 270, "texture": "#0", "cullface": "west"}
			}
		},
		{
			"from": [-0.5, 5, 13],
			"to": [0, 6, 16],
			"rotation": {"angle": 0, "axis": "y", "origin": [1.5, 10, 8]},
			"faces": {
				"north": {"uv": [0, 10, 0.5, 11], "texture": "#0", "cullface": "west"},
				"south": {"uv": [14, 10, 14.5, 11], "texture": "#0", "cullface": "west"},
				"west": {"uv": [0, 10, 3, 11], "texture": "#0", "cullface": "west"},
				"up": {"uv": [0, 10, 3, 10.5], "rotation": 90, "texture": "#0", "cullface": "west"},
				"down": {"uv": [0, 10, 3, 10.5], "rotation": 270, "texture": "#0", "cullface": "west"}
			}
		},
		{
			"from": [-0.5, 5, 10],
			"to": [0, 6, 12],
			"rotation": {"angle": 0, "axis": "y", "origin": [1.5, 10, 8]},
			"faces": {
				"north": {"uv": [4, 10, 4.5, 11], "texture": "#0", "cullface": "west"},
				"south": {"uv": [14, 10, 14.5, 11], "texture": "#0", "cullface": "west"},
				"west": {"uv": [4, 10, 6, 11], "texture": "#0", "cullface": "west"},
				"up": {"uv": [4, 10, 6, 10.5], "rotation": 90, "texture": "#0", "cullface": "west"},
				"down": {"uv": [4, 10, 6, 10.5], "rotation": 270, "texture": "#0", "cullface": "west"}
			}
		},
		{
			"from": [-0.5, 5, 7],
			"to": [0, 6, 9],
			"rotation": {"angle": 0, "axis": "y", "origin": [1.5, 10, 8]},
			"faces": {
				"north": {"uv": [7, 10, 7.5, 11], "texture": "#0", "cullface": "west"},
				"south": {"uv": [14, 10, 14.5, 11], "texture": "#0", "cullface": "west"},
				"west": {"uv": [7, 10, 9, 11], "texture": "#0", "cullface": "west"},
				"up": {"uv": [7, 10, 9, 10.5], "rotation": 90, "texture": "#0", "cullface": "west"},
				"down": {"uv": [7, 10, 9, 10.5], "rotation": 270, "texture": "#0", "cullface": "west"}
			}
		},
		{
			"from": [-0.5, 5, 4],
			"to": [0, 6, 6],
			"rotation": {"angle": 0, "axis": "y", "origin": [1.5, 10, 8]},
			"faces": {
				"north": {"uv": [10, 10, 10.5, 11], "texture": "#0", "cullface": "west"},
				"south": {"uv": [14, 10, 14.5, 11], "texture": "#0", "cullface": "west"},
				"west": {"uv": [10, 10, 12, 11], "texture": "#0", "cullface": "west"},
				"up": {"uv": [10, 10, 12, 10.5], "rotation": 90, "texture": "#0", "cullface": "west"},
				"down": {"uv": [10, 10, 12, 10.5], "rotation": 270, "texture": "#0", "cullface": "west"}
			}
		},
		{
			"from": [-0.5, 5, 1],
			"to": [0, 6, 3],
			"rotation": {"angle": 0, "axis": "y", "origin": [1.5, 10, 8]},
			"faces": {
				"north": {"uv": [13, 10, 13.5, 11], "texture": "#0", "cullface": "west"},
				"south": {"uv": [14, 10, 14.5, 11], "texture": "#0", "cullface": "west"},
				"west": {"uv": [13, 10, 15, 11], "texture": "#0", "cullface": "west"},
				"up": {"uv": [13, 10, 15, 10.5], "rotation": 90, "texture": "#0", "cullface": "west"},
				"down": {"uv": [13, 10, 15, 10.5], "rotation": 270, "texture": "#0", "cullface": "west"}
			}
		},
		{
			"from": [-0.5, 12, 3],
			"to": [0, 13, 5],
			"rotation": {"angle": 0, "axis": "y", "origin": [1.5, 10, 8]},
			"faces": {
				"north": {"uv": [11, 3, 11.5, 4], "texture": "#0", "cullface": "west"},
				"south": {"uv": [11, 3, 11.5, 4], "texture": "#0", "cullface": "west"},
				"west": {"uv": [11, 3, 13, 4], "texture": "#0", "cullface": "west"},
				"up": {"uv": [11, 3, 13, 3.5], "rotation": 90, "texture": "#0", "cullface": "west"},
				"down": {"uv": [11, 3, 13, 3.5], "rotation": 270, "texture": "#0", "cullface": "west"}
			}
		},
		{
			"from": [-0.5, 15, 3],
			"to": [0, 16, 5],
			"rotation": {"angle": 0, "axis": "y", "origin": [1.5, 10, 8]},
			"faces": {
				"north": {"uv": [11, 0, 11.5, 1], "texture": "#0", "cullface": "west"},
				"south": {"uv": [11, 0, 11.5, 1], "texture": "#0", "cullface": "west"},
				"west": {"uv": [11, 0, 13, 1], "texture": "#0", "cullface": "west"},
				"up": {"uv": [11, 0, 13, 0.5], "rotation": 90, "texture": "#0", "cullface": "west"},
				"down": {"uv": [11, 0, 13, 0.5], "rotation": 270, "texture": "#0", "cullface": "west"}
			}
		},
		{
			"from": [-0.5, 13, 2],
			"to": [0, 15, 3],
			"rotation": {"angle": 0, "axis": "y", "origin": [1.5, 10, 8]},
			"faces": {
				"north": {"uv": [13, 1, 13.5, 3], "texture": "#0", "cullface": "west"},
				"south": {"uv": [13, 1, 13.5, 3], "texture": "#0", "cullface": "west"},
				"west": {"uv": [13, 1, 14, 3], "texture": "#0", "cullface": "west"},
				"up": {"uv": [13, 1, 14, 1.5], "rotation": 270, "texture": "#0", "cullface": "west"},
				"down": {"uv": [13, 1, 14, 1.5], "rotation": 270, "texture": "#0", "cullface": "west"}
			}
		},
		{
			"from": [-0.5, 13, 5],
			"to": [0, 15, 6],
			"rotation": {"angle": 0, "axis": "y", "origin": [1.5, 10, 8]},
			"faces": {
				"north": {"uv": [10, 1, 10.5, 3], "texture": "#0", "cullface": "west"},
				"south": {"uv": [10, 1, 10.5, 3], "texture": "#0", "cullface": "west"},
				"west": {"uv": [10, 1, 11, 3], "texture": "#0", "cullface": "west"},
				"up": {"uv": [10, 1, 11, 1.5], "rotation": 270, "texture": "#0", "cullface": "west"},
				"down": {"uv": [10, 1, 11, 1.5], "rotation": 270, "texture": "#0", "cullface": "west"}
			}
		},
		{
			"from": [-0.5, 15, 15],
			"to": [0, 16, 16],
			"rotation": {"angle": 0, "axis": "y", "origin": [1.5, 10, 8]},
			"faces": {
				"north": {"uv": [0, 0, 0.5, 1], "texture": "#0", "cullface": "west"},
				"south": {"uv": [0, 0, 0.5, 1], "texture": "#0", "cullface": "west"},
				"west": {"uv": [0, 0, 1, 1], "texture": "#0", "cullface": "west"},
				"up": {"uv": [0, 0, 1, 0.5], "rotation": 270, "texture": "#0", "cullface": "west"},
				"down": {"uv": [0, 0, 1, 0.5], "rotation": 270, "texture": "#0", "cullface": "west"}
			}
		}
	],
	"groups": [
		{
			"name": "door_bottom",
			"origin": [8, 8, 8],
			"color": 0,
			"children": [0, 1, 2, 3, 4, 5, 6, 7, 8, 9, 10, 11, 12, 13, 14, 15, 16, 17, 18, 19, 20, 21, 22]
		}
	]
}