{
	"credit": "Made with Blockbench",
	"ambientocclusion": false,
	"textures": {
		"1": "block/dark_oak_door_top",
		"particle": "block/dark_oak_door_top"
	},
	"elements": [
		{
			"from": [0, 0, 0],
			"to": [3, 2, 16],
			"rotation": {"angle": 0, "axis": "y", "origin": [1.5, 7.5, 8]},
			"faces": {
				"north": {"uv": [0, 14, 3, 16], "texture": "#1", "cullface": "north"},
				"east": {"uv": [16, 14, 0, 16], "texture": "#1"},
				"south": {"uv": [3, 14, 0, 16], "texture": "#1", "cullface": "south"},
				"west": {"uv": [0, 14, 16, 16], "texture": "#1", "cullface": "west"},
				"up": {"uv": [0, 0, 16, 3], "rotation": 270, "texture": "#1"}
			}
		},
		{
			"from": [0, 2, 0],
			"to": [3, 13, 3],
			"rotation": {"angle": 0, "axis": "y", "origin": [1.5, 7.5, 8]},
			"faces": {
				"north": {"uv": [0, 3, 3, 14], "texture": "#1", "cullface": "north"},
				"east": {"uv": [3, 3, 0, 14], "texture": "#1"},
				"south": {"uv": [13, 0, 16, 11], "texture": "#1"},
				"west": {"uv": [0, 3, 3, 14], "texture": "#1", "cullface": "west"}
			}
		},
		{
			"from": [0, 2, 13],
			"to": [3, 13, 16],
			"rotation": {"angle": 0, "axis": "y", "origin": [1.5, 7.5, 8]},
			"faces": {
				"north": {"uv": [13, 0, 16, 11], "texture": "#1"},
				"east": {"uv": [16, 3, 13, 14], "texture": "#1"},
				"south": {"uv": [3, 3, 0, 14], "texture": "#1", "cullface": "south"},
				"west": {"uv": [13, 3, 16, 14], "texture": "#1", "cullface": "west"}
			}
		},
		{
			"from": [0, 2, 6],
			"to": [3, 13, 10],
			"rotation": {"angle": 0, "axis": "y", "origin": [1.5, 7.5, 8]},
			"faces": {
				"north": {"uv": [7, 0, 10, 11], "texture": "#1"},
				"east": {"uv": [10, 3, 6, 14], "texture": "#1"},
				"south": {"uv": [6, 0, 9, 11], "texture": "#1"},
				"west": {"uv": [6, 3, 10, 14], "texture": "#1", "cullface": "west"}
			}
		},
		{
			"from": [0.5, 2, 3],
			"to": [2.5, 13, 6],
			"rotation": {"angle": 0, "axis": "y", "origin": [1.5, 7.5, 8]},
			"faces": {
				"east": {"uv": [13, 3, 10, 14], "texture": "#1"},
				"west": {"uv": [3, 3, 6, 14], "texture": "#1", "cullface": "west"}
			}
		},
		{
			"from": [0.5, 2, 10],
			"to": [2.5, 13, 13],
			"rotation": {"angle": 0, "axis": "y", "origin": [1.5, 7.5, 8]},
			"faces": {
				"east": {"uv": [6, 3, 3, 14], "texture": "#1"},
				"west": {"uv": [10, 3, 13, 14], "texture": "#1", "cullface": "west"}
			}
		},
		{
			"from": [3, 0, 11],
			"to": [3.5, 1, 14],
			"rotation": {"angle": 0, "axis": "y", "origin": [1.5, 7.5, 8]},
			"faces": {
				"north": {"uv": [11, 15, 12, 15.5], "rotation": 90, "texture": "#1"},
				"east": {"uv": [11, 15, 14, 16], "rotation": 180, "texture": "#1"},
				"south": {"uv": [13, 15, 13.5, 16], "rotation": 180, "texture": "#1"},
				"up": {"uv": [11, 15, 14, 16], "rotation": 90, "texture": "#1"},
				"down": {"uv": [11, 15, 14, 16], "rotation": 270, "texture": "#1", "cullface": "down"}
			}
		},
		{
			"from": [-0.5, 0, 11],
			"to": [0, 1, 14],
			"rotation": {"angle": 0, "axis": "y", "origin": [1.5, 7.5, 8]},
			"faces": {
				"north": {"uv": [11, 15, 12, 15.5], "rotation": 90, "texture": "#1", "cullface": "west"},
				"south": {"uv": [13, 15, 13.5, 16], "rotation": 180, "texture": "#1", "cullface": "west"},
				"west": {"uv": [11, 15, 14, 16], "texture": "#1", "cullface": "west"},
				"up": {"uv": [11, 15, 14, 16], "rotation": 90, "texture": "#1", "cullface": "west"},
				"down": {"uv": [11, 15, 14, 16], "rotation": 270, "texture": "#1", "cullface": "west"}
			}
		},
		{
			"from": [0, 13, 0],
			"to": [3, 16, 16],
			"rotation": {"angle": 0, "axis": "y", "origin": [1.5, 7.5, 8]},
			"faces": {
				"north": {"uv": [0, 0, 3, 3], "texture": "#1", "cullface": "north"},
				"east": {"uv": [16, 0, 0, 3], "texture": "#1"},
				"south": {"uv": [3, 0, 0, 3], "texture": "#1", "cullface": "south"},
				"west": {"uv": [0, 0, 16, 3], "texture": "#1", "cullface": "west"},
				"up": {"uv": [13, 0, 16, 16], "rotation": 180, "texture": "#1", "cullface": "up"},
				"down": {"uv": [0, 0, 16, 3], "rotation": 270, "texture": "#1"}
			}
		}
	],
	"display": {
		"thirdperson_righthand": {
			"rotation": [75, 45, 0],
			"translation": [0, 2.5, 0],
			"scale": [0.375, 0.375, 0.375]
		},
		"thirdperson_lefthand": {
			"rotation": [75, 45, 0],
			"translation": [0, 2.5, 0],
			"scale": [0.375, 0.375, 0.375]
		},
		"firstperson_righthand": {
			"rotation": [0, 45, 0],
			"scale": [0.4, 0.4, 0.4]
		},
		"firstperson_lefthand": {
			"rotation": [0, 225, 0],
			"scale": [0.4, 0.4, 0.4]
		},
		"ground": {
			"translation": [0, 3, 0],
			"scale": [0.25, 0.25, 0.25]
		},
		"gui": {
			"rotation": [30, 225, 0],
			"scale": [0.625, 0.625, 0.625]
		},
		"fixed": {
			"scale": [0.5, 0.5, 0.5]
		}
	},
	"groups": [
		{
			"name": "1",
			"origin": [8, 8, 8],
			"color": 0,
			"children": [0, 1, 2, 3, 4, 5, 6, 7, 8]
		}
	]
}