{
	"credit": "Made with Blockbench",
	"textures": {
		"particle": "block/gilded_blackstone",
		"all": "block/gilded_blackstone"
	},
	"elements": [
		{
			"from": [0, 0, 0],
			"to": [16, 16, 16],
			"faces": {
				"north": {"uv": [0, 0, 16, 16], "texture": "#all", "cullface": "north"},
				"east": {"uv": [0, 0, 16, 16], "texture": "#all", "cullface": "east"},
				"south": {"uv": [0, 0, 16, 16], "texture": "#all", "cullface": "south"},
				"west": {"uv": [0, 0, 16, 16], "texture": "#all", "cullface": "west"},
				"up": {"uv": [0, 0, 16, 16], "texture": "#all", "cullface": "up"},
				"down": {"uv": [0, 0, 16, 16], "texture": "#all", "cullface": "down"}
			}
		},
		{
			"from": [3, 0, -0.5],
			"to": [4, 1, 0],
			"rotation": {"angle": 0, "axis": "y", "origin": [11, 8, 7]},
			"faces": {
				"north": {"uv": [12, 15, 13, 16], "texture": "#all", "cullface": "north"},
				"east": {"uv": [12.032, 15.032, 12.5, 15.968], "texture": "#all", "cullface": "north"},
				"west": {"uv": [12.032, 15.032, 12.5, 15.968], "texture": "#all", "cullface": "north"},
				"up": {"uv": [12.032, 15.032, 12.968, 15.5], "rotation": 180, "texture": "#all", "cullface": "north"},
				"down": {"uv": [12.032, 15.032, 12.968, 15.5], "rotation": 180, "texture": "#all", "cullface": "north"}
			}
		},
		{
			"from": [1, 3, -0.5],
			"to": [2, 4, 0],
			"rotation": {"angle": 0, "axis": "y", "origin": [9, 11, 7]},
			"faces": {
				"north": {"uv": [14, 12, 15, 13], "texture": "#all", "cullface": "north"},
				"east": {"uv": [14.032, 12.032, 14.5, 12.968], "texture": "#all", "cullface": "north"},
				"west": {"uv": [14.032, 12.032, 14.5, 12.968], "texture": "#all", "cullface": "north"},
				"up": {"uv": [14.032, 12.032, 14.968, 12.5], "rotation": 180, "texture": "#all", "cullface": "north"}
			}
		},
		{
			"from": [6, 6, -0.5],
			"to": [7, 7, 0],
			"rotation": {"angle": 0, "axis": "y", "origin": [14, 14, 7]},
			"faces": {
				"north": {"uv": [9, 9, 10, 10], "texture": "#all", "cullface": "north"},
				"east": {"uv": [9.032, 9.032, 9.5, 9.968], "texture": "#all", "cullface": "north"},
				"west": {"uv": [9.032, 9.032, 9.5, 9.968], "texture": "#all", "cullface": "north"},
				"up": {"uv": [9.032, 9.032, 9.968, 9.5], "rotation": 180, "texture": "#all", "cullface": "north"},
				"down": {"uv": [9.032, 9.032, 9.968, 9.5], "rotation": 180, "texture": "#all", "cullface": "north"}
			}
		},
		{
			"from": [8, 9, -0.5],
			"to": [9, 10, 0],
			"rotation": {"angle": 0, "axis": "y", "origin": [16, 17, 7]},
			"faces": {
				"north": {"uv": [7, 6, 8, 7], "texture": "#all", "cullface": "north"},
				"east": {"uv": [7.032, 6.032, 7.5, 6.968], "texture": "#all", "cullface": "north"},
				"west": {"uv": [7.032, 6.032, 7.5, 6.968], "texture": "#all", "cullface": "north"},
				"up": {"uv": [7.032, 6.032, 7.968, 6.5], "rotation": 180, "texture": "#all", "cullface": "north"},
				"down": {"uv": [7.032, 6.032, 7.968, 6.5], "rotation": 180, "texture": "#all", "cullface": "north"}
			}
		},
		{
			"from": [15, 12, -0.5],
			"to": [16, 13, 0],
			"rotation": {"angle": 0, "axis": "y", "origin": [23, 20, 7]},
			"faces": {
				"north": {"uv": [0, 3, 1, 4], "texture": "#all", "cullface": "north"},
				"east": {"uv": [0.032, 3.032, 0.5, 3.968], "texture": "#all", "cullface": "north"},
				"west": {"uv": [0.032, 3.032, 0.5, 3.968], "texture": "#all", "cullface": "north"},
				"up": {"uv": [0.032, 3.032, 0.968, 3.5], "rotation": 180, "texture": "#all", "cullface": "north"},
				"down": {"uv": [0.032, 3.032, 0.968, 3.5], "rotation": 180, "texture": "#all", "cullface": "north"}
			}
		},
		{
			"from": [1, 14, -0.5],
			"to": [2, 15, 0],
			"rotation": {"angle": 0, "axis": "y", "origin": [9, 22, 7]},
			"faces": {
				"north": {"uv": [14, 1, 15, 2], "texture": "#all", "cullface": "north"},
				"east": {"uv": [14.032, 1.032, 14.5, 1.968], "texture": "#all", "cullface": "north"},
				"west": {"uv": [14.032, 1.032, 14.5, 1.968], "texture": "#all", "cullface": "north"},
				"down": {"uv": [14.032, 1.032, 14.968, 1.5], "rotation": 180, "texture": "#all", "cullface": "north"}
			}
		},
		{
			"from": [0, 10, -0.5],
			"to": [1, 12, 0],
			"rotation": {"angle": 0, "axis": "y", "origin": [8, 19, 7]},
			"faces": {
				"north": {"uv": [15, 4, 16, 6], "texture": "#all", "cullface": "north"},
				"east": {"uv": [15.032, 4.032, 15.5, 5.968], "texture": "#all", "cullface": "north"},
				"west": {"uv": [15.032, 4.032, 15.5, 5.968], "texture": "#all", "cullface": "north"},
				"up": {"uv": [15.032, 4.032, 15.968, 4.5], "rotation": 180, "texture": "#all", "cullface": "north"},
				"down": {"uv": [15.032, 4.032, 15.968, 4.5], "rotation": 180, "texture": "#all", "cullface": "north"}
			}
		},
		{
			"from": [8, 1, -0.5],
			"to": [9, 3, 0],
			"rotation": {"angle": 0, "axis": "y", "origin": [16, 10, 7]},
			"faces": {
				"north": {"uv": [7, 13, 8, 15], "texture": "#all", "cullface": "north"},
				"east": {"uv": [7.032, 13.032, 7.5, 14.968], "texture": "#all", "cullface": "north"},
				"west": {"uv": [7.032, 13.032, 7.5, 14.968], "texture": "#all", "cullface": "north"},
				"up": {"uv": [7.032, 13.032, 7.968, 13.5], "rotation": 180, "texture": "#all", "cullface": "north"},
				"down": {"uv": [7.032, 13.032, 7.968, 13.5], "rotation": 180, "texture": "#all", "cullface": "north"}
			}
		},
		{
			"from": [9, 3, -0.5],
			"to": [10, 5, 0],
			"rotation": {"angle": 0, "axis": "y", "origin": [17, 12, 7]},
			"faces": {
				"north": {"uv": [6, 11, 7, 13], "texture": "#all", "cullface": "north"},
				"east": {"uv": [6.032, 11.032, 6.5, 12.968], "texture": "#all", "cullface": "north"},
				"west": {"uv": [6.032, 11.032, 6.5, 12.968], "texture": "#all", "cullface": "north"},
				"up": {"uv": [6.032, 11.032, 6.968, 11.5], "rotation": 180, "texture": "#all", "cullface": "north"},
				"down": {"uv": [6.032, 11.032, 6.968, 11.5], "rotation": 180, "texture": "#all", "cullface": "north"}
			}
		},
		{
			"from": [10, 5, -0.5],
			"to": [12, 6, 0],
			"rotation": {"angle": 0, "axis": "y", "origin": [18, 13, 7]},
			"faces": {
				"north": {"uv": [4, 10, 6, 11], "texture": "#all", "cullface": "north"},
				"east": {"uv": [4.032, 10.032, 4.5, 10.968], "texture": "#all", "cullface": "north"},
				"west": {"uv": [4.032, 10.032, 4.5, 10.968], "texture": "#all", "cullface": "north"},
				"up": {"uv": [4.032, 10.032, 5.968, 10.5], "rotation": 180, "texture": "#all", "cullface": "north"},
				"down": {"uv": [4.032, 10.032, 5.968, 10.5], "rotation": 180, "texture": "#all", "cullface": "north"}
			}
		},
		{
			"from": [9, 8, -0.5],
			"to": [11, 9, 0],
			"rotation": {"angle": 0, "axis": "y", "origin": [17, 16, 7]},
			"faces": {
				"north": {"uv": [5, 7, 7, 8], "texture": "#all", "cullface": "north"},
				"east": {"uv": [5.032, 7.032, 5.5, 7.968], "texture": "#all", "cullface": "north"},
				"west": {"uv": [5.032, 7.032, 5.5, 7.968], "texture": "#all", "cullface": "north"},
				"up": {"uv": [5.032, 7.032, 6.968, 7.5], "rotation": 180, "texture": "#all", "cullface": "north"},
				"down": {"uv": [5.032, 7.032, 6.968, 7.5], "rotation": 180, "texture": "#all", "cullface": "north"}
			}
		},
		{
			"from": [4, 12, -0.5],
			"to": [6, 13, 0],
			"rotation": {"angle": 0, "axis": "y", "origin": [12, 20, 7]},
			"faces": {
				"north": {"uv": [10, 3, 12, 4], "texture": "#all", "cullface": "north"},
				"east": {"uv": [10.032, 3.032, 10.5, 3.968], "texture": "#all", "cullface": "north"},
				"west": {"uv": [10.032, 3.032, 10.5, 3.968], "texture": "#all", "cullface": "north"},
				"up": {"uv": [10.032, 3.032, 11.968, 3.5], "rotation": 180, "texture": "#all", "cullface": "north"},
				"down": {"uv": [10.032, 3.032, 11.968, 3.5], "rotation": 180, "texture": "#all", "cullface": "north"}
			}
		},
		{
			"from": [5, 13, -0.5],
			"to": [7, 14, 0],
			"rotation": {"angle": 0, "axis": "y", "origin": [13, 21, 7]},
			"faces": {
				"north": {"uv": [9, 2, 11, 3], "texture": "#all", "cullface": "north"},
				"east": {"uv": [9.032, 2.032, 9.5, 2.968], "texture": "#all", "cullface": "north"},
				"west": {"uv": [9.032, 2.032, 9.5, 2.968], "texture": "#all", "cullface": "north"},
				"up": {"uv": [9.032, 2.032, 10.968, 2.5], "rotation": 180, "texture": "#all", "cullface": "north"},
				"down": {"uv": [9.032, 2.032, 10.968, 2.5], "rotation": 180, "texture": "#all", "cullface": "north"}
			}
		},
		{
			"from": [3, 9, -0.5],
			"to": [4, 12, 0],
			"rotation": {"angle": 0, "axis": "y", "origin": [11, 19, 7]},
			"faces": {
				"north": {"uv": [12, 4, 13, 7], "texture": "#all", "cullface": "north"},
				"east": {"uv": [12.032, 4.032, 12.5, 6.968], "texture": "#all", "cullface": "north"},
				"west": {"uv": [12.032, 4.032, 12.5, 6.968], "texture": "#all", "cullface": "north"},
				"up": {"uv": [12.032, 4.032, 12.968, 4.5], "rotation": 180, "texture": "#all", "cullface": "north"},
				"down": {"uv": [12.032, 4.032, 12.968, 4.5], "rotation": 180, "texture": "#all", "cullface": "north"}
			}
		},
		{
			"from": [3, 7, -0.5],
			"to": [6, 8, 0],
			"rotation": {"angle": 0, "axis": "y", "origin": [11, 17, 7]},
			"faces": {
				"north": {"uv": [10, 8, 13, 9], "texture": "#all", "cullface": "north"},
				"east": {"uv": [10.032, 8.032, 10.5, 8.968], "texture": "#all", "cullface": "north"},
				"west": {"uv": [10.032, 8.032, 10.5, 8.968], "texture": "#all", "cullface": "north"},
				"up": {"uv": [10.032, 8.032, 12.968, 8.5], "rotation": 180, "texture": "#all", "cullface": "north"},
				"down": {"uv": [10.032, 8.032, 12.968, 8.5], "rotation": 180, "texture": "#all", "cullface": "north"}
			}
		},
		{
			"from": [14, 13, -0.5],
			"to": [15, 14, 0],
			"rotation": {"angle": 0, "axis": "y", "origin": [22, 21, 7]},
			"faces": {
				"north": {"uv": [1, 2, 2, 3], "texture": "#all", "cullface": "north"},
				"east": {"uv": [1.032, 2.032, 1.5, 2.968], "texture": "#all", "cullface": "north"},
				"west": {"uv": [1.032, 2.032, 1.5, 2.968], "texture": "#all", "cullface": "north"},
				"up": {"uv": [1.032, 2.032, 1.968, 2.5], "rotation": 180, "texture": "#all", "cullface": "north"},
				"down": {"uv": [1.032, 2.032, 1.968, 2.5], "rotation": 180, "texture": "#all", "cullface": "north"}
			}
		},
		{
			"from": [11, 14, -0.5],
			"to": [14, 15, 0],
			"rotation": {"angle": 0, "axis": "y", "origin": [21, 22, 7]},
			"faces": {
				"north": {"uv": [2, 1, 5, 2], "texture": "#all", "cullface": "north"},
				"east": {"uv": [2.032, 1.032, 2.5, 1.968], "texture": "#all", "cullface": "north"},
				"west": {"uv": [2.032, 1.032, 2.5, 1.968], "texture": "#all", "cullface": "north"},
				"up": {"uv": [2.032, 1.032, 4.968, 1.5], "rotation": 180, "texture": "#all", "cullface": "north"},
				"down": {"uv": [2.032, 1.032, 4.968, 1.5], "rotation": 180, "texture": "#all", "cullface": "north"}
			}
		},
		{
			"from": [1, 15, -0.5],
			"to": [3, 16, 0],
			"rotation": {"angle": 0, "axis": "y", "origin": [11, 23, 7]},
			"faces": {
				"north": {"uv": [13, 0, 15, 1], "texture": "#all", "cullface": "north"},
				"east": {"uv": [13.032, 0.032, 13.5, 0.968], "texture": "#all", "cullface": "north"},
				"west": {"uv": [13.032, 0.032, 13.5, 0.968], "texture": "#all", "cullface": "north"},
				"up": {"uv": [13.032, 0.032, 14.968, 0.5], "rotation": 180, "texture": "#all", "cullface": "north"},
				"down": {"uv": [13.032, 0.032, 14.968, 0.5], "rotation": 180, "texture": "#all", "cullface": "north"}
			}
		},
		{
			"from": [1, 2, -0.5],
			"to": [3, 3, 0],
			"rotation": {"angle": 0, "axis": "y", "origin": [10, 10, 7]},
			"faces": {
				"north": {"uv": [13, 13, 15, 14], "texture": "#all", "cullface": "north"},
				"east": {"uv": [13.032, 13.032, 13.5, 13.968], "texture": "#all", "cullface": "north"},
				"west": {"uv": [13.032, 13.032, 13.5, 13.968], "texture": "#all", "cullface": "north"},
				"up": {"uv": [13.032, 13.032, 14.968, 13.5], "rotation": 180, "texture": "#all", "cullface": "north"},
				"down": {"uv": [13.032, 13.032, 14.968, 13.5], "rotation": 180, "texture": "#all", "cullface": "north"}
			}
		},
		{
			"from": [0, 4, -0.5],
			"to": [1, 7, 0],
			"rotation": {"angle": 0, "axis": "y", "origin": [9, 12, 7]},
			"faces": {
				"north": {"uv": [15, 9, 16, 12], "texture": "#all", "cullface": "north"},
				"east": {"uv": [15.032, 9.032, 15.5, 11.968], "texture": "#all", "cullface": "north"},
				"west": {"uv": [15.032, 9.032, 15.5, 11.968], "texture": "#all", "cullface": "north"},
				"up": {"uv": [15.032, 9.032, 15.968, 9.5], "rotation": 180, "texture": "#all", "cullface": "north"},
				"down": {"uv": [15.032, 9.032, 15.968, 9.5], "rotation": 180, "texture": "#all", "cullface": "north"}
			}
		},
		{
			"from": [12, 0, 16],
			"to": [13, 1, 16.5],
			"rotation": {"angle": 0, "axis": "y", "origin": [6.35, 8.675, 16.25]},
			"faces": {
				"east": {"uv": [12.032, 15.032, 12.5, 15.968], "texture": "#all", "cullface": "south"},
				"south": {"uv": [12, 15, 13, 16], "texture": "#all", "cullface": "south"},
				"west": {"uv": [12.032, 15.032, 12.5, 15.968], "texture": "#all", "cullface": "south"},
				"up": {"uv": [12.032, 15.032, 12.968, 15.5], "texture": "#all", "cullface": "south"},
				"down": {"uv": [12.032, 15.032, 12.968, 15.5], "texture": "#all", "cullface": "south"}
			}
		},
		{
			"from": [14, 3, 16],
			"to": [15, 4, 16.5],
			"rotation": {"angle": 0, "axis": "y", "origin": [6.35, 8.675, 16.25]},
			"faces": {
				"east": {"uv": [14.032, 12.032, 14.5, 12.968], "texture": "#all", "cullface": "south"},
				"south": {"uv": [14, 12, 15, 13], "texture": "#all", "cullface": "south"},
				"west": {"uv": [14.032, 12.032, 14.5, 12.968], "texture": "#all", "cullface": "south"},
				"up": {"uv": [14.032, 12.032, 14.968, 12.5], "texture": "#all", "cullface": "south"}
			}
		},
		{
			"from": [9, 6, 16],
			"to": [10, 7, 16.5],
			"rotation": {"angle": 0, "axis": "y", "origin": [6.35, 8.675, 16.25]},
			"faces": {
				"east": {"uv": [9.032, 9.032, 9.5, 9.968], "texture": "#all", "cullface": "south"},
				"south": {"uv": [9, 9, 10, 10], "texture": "#all", "cullface": "south"},
				"west": {"uv": [9.032, 9.032, 9.5, 9.968], "texture": "#all", "cullface": "south"},
				"up": {"uv": [9.032, 9.032, 9.968, 9.5], "texture": "#all", "cullface": "south"},
				"down": {"uv": [9.032, 9.032, 9.968, 9.5], "texture": "#all", "cullface": "south"}
			}
		},
		{
			"from": [7, 9, 16],
			"to": [8, 10, 16.5],
			"rotation": {"angle": 0, "axis": "y", "origin": [6.35, 8.675, 16.25]},
			"faces": {
				"east": {"uv": [7.032, 6.032, 7.5, 6.968], "texture": "#all", "cullface": "south"},
				"south": {"uv": [7, 6, 8, 7], "texture": "#all", "cullface": "south"},
				"west": {"uv": [7.032, 6.032, 7.5, 6.968], "texture": "#all", "cullface": "south"},
				"up": {"uv": [7.032, 6.032, 7.968, 6.5], "texture": "#all", "cullface": "south"},
				"down": {"uv": [7.032, 6.032, 7.968, 6.5], "texture": "#all", "cullface": "south"}
			}
		},
		{
			"from": [0, 12, 16],
			"to": [1, 13, 16.5],
			"rotation": {"angle": 0, "axis": "y", "origin": [6.35, 8.675, 16.25]},
			"faces": {
				"east": {"uv": [0.032, 3.032, 0.5, 3.968], "texture": "#all", "cullface": "south"},
				"south": {"uv": [0, 3, 1, 4], "texture": "#all", "cullface": "south"},
				"west": {"uv": [0.032, 3.032, 0.5, 3.968], "texture": "#all", "cullface": "south"},
				"up": {"uv": [0.032, 3.032, 0.968, 3.5], "texture": "#all", "cullface": "south"},
				"down": {"uv": [0.032, 3.032, 0.968, 3.5], "texture": "#all", "cullface": "south"}
			}
		},
		{
			"from": [14, 14, 16],
			"to": [15, 15, 16.5],
			"rotation": {"angle": 0, "axis": "y", "origin": [6.35, 8.675, 16.25]},
			"faces": {
				"east": {"uv": [14.032, 1.032, 14.5, 1.968], "texture": "#all", "cullface": "south"},
				"south": {"uv": [14, 1, 15, 2], "texture": "#all", "cullface": "south"},
				"west": {"uv": [14.032, 1.032, 14.5, 1.968], "texture": "#all", "cullface": "south"},
				"down": {"uv": [14.032, 1.032, 14.968, 1.5], "texture": "#all", "cullface": "south"}
			}
		},
		{
			"from": [15, 10, 16],
			"to": [16, 12, 16.5],
			"rotation": {"angle": 0, "axis": "y", "origin": [6.35, 8.675, 16.25]},
			"faces": {
				"east": {"uv": [15.032, 4.032, 15.5, 5.968], "texture": "#all", "cullface": "south"},
				"south": {"uv": [15, 4, 16, 6], "texture": "#all", "cullface": "south"},
				"west": {"uv": [15.032, 4.032, 15.5, 5.968], "texture": "#all", "cullface": "south"},
				"up": {"uv": [15.032, 4.032, 15.968, 4.5], "texture": "#all", "cullface": "south"},
				"down": {"uv": [15.032, 4.032, 15.968, 4.5], "texture": "#all", "cullface": "south"}
			}
		},
		{
			"from": [7, 1, 16],
			"to": [8, 3, 16.5],
			"rotation": {"angle": 0, "axis": "y", "origin": [6.35, 8.675, 16.25]},
			"faces": {
				"east": {"uv": [7.032, 13.032, 7.5, 14.968], "texture": "#all", "cullface": "south"},
				"south": {"uv": [7, 13, 8, 15], "texture": "#all", "cullface": "south"},
				"west": {"uv": [7.032, 13.032, 7.5, 14.968], "texture": "#all", "cullface": "south"},
				"up": {"uv": [7.032, 13.032, 7.968, 13.5], "texture": "#all", "cullface": "south"},
				"down": {"uv": [7.032, 13.032, 7.968, 13.5], "texture": "#all", "cullface": "south"}
			}
		},
		{
			"from": [6, 3, 16],
			"to": [7, 5, 16.5],
			"rotation": {"angle": 0, "axis": "y", "origin": [6.35, 8.675, 16.25]},
			"faces": {
				"east": {"uv": [6.032, 11.032, 6.5, 12.968], "texture": "#all", "cullface": "south"},
				"south": {"uv": [6, 11, 7, 13], "texture": "#all", "cullface": "south"},
				"west": {"uv": [6.032, 11.032, 6.5, 12.968], "texture": "#all", "cullface": "south"},
				"up": {"uv": [6.032, 11.032, 6.968, 11.5], "texture": "#all", "cullface": "south"},
				"down": {"uv": [6.032, 11.032, 6.968, 11.5], "texture": "#all", "cullface": "south"}
			}
		},
		{
			"from": [4, 5, 16],
			"to": [6, 6, 16.5],
			"rotation": {"angle": 0, "axis": "y", "origin": [6.35, 8.675, 16.25]},
			"faces": {
				"east": {"uv": [4.032, 10.032, 4.5, 10.968], "texture": "#all", "cullface": "south"},
				"south": {"uv": [4, 10, 6, 11], "texture": "#all", "cullface": "south"},
				"west": {"uv": [4.032, 10.032, 4.5, 10.968], "texture": "#all", "cullface": "south"},
				"up": {"uv": [4.032, 10.032, 5.968, 10.5], "texture": "#all", "cullface": "south"},
				"down": {"uv": [4.032, 10.032, 5.968, 10.5], "texture": "#all", "cullface": "south"}
			}
		},
		{
			"from": [5, 8, 16],
			"to": [7, 9, 16.5],
			"rotation": {"angle": 0, "axis": "y", "origin": [6.35, 8.675, 16.25]},
			"faces": {
				"east": {"uv": [5.032, 7.032, 5.5, 7.968], "texture": "#all", "cullface": "south"},
				"south": {"uv": [5, 7, 7, 8], "texture": "#all", "cullface": "south"},
				"west": {"uv": [5.032, 7.032, 5.5, 7.968], "texture": "#all", "cullface": "south"},
				"up": {"uv": [5.032, 7.032, 6.968, 7.5], "texture": "#all", "cullface": "south"},
				"down": {"uv": [5.032, 7.032, 6.968, 7.5], "texture": "#all", "cullface": "south"}
			}
		},
		{
			"from": [10, 12, 16],
			"to": [12, 13, 16.5],
			"rotation": {"angle": 0, "axis": "y", "origin": [6.35, 8.675, 16.25]},
			"faces": {
				"east": {"uv": [10.032, 3.032, 10.5, 3.968], "texture": "#all", "cullface": "south"},
				"south": {"uv": [10, 3, 12, 4], "texture": "#all", "cullface": "south"},
				"west": {"uv": [10.032, 3.032, 10.5, 3.968], "texture": "#all", "cullface": "south"},
				"up": {"uv": [10.032, 3.032, 11.968, 3.5], "texture": "#all", "cullface": "south"},
				"down": {"uv": [10.032, 3.032, 11.968, 3.5], "texture": "#all", "cullface": "south"}
			}
		},
		{
			"from": [9, 13, 16],
			"to": [11, 14, 16.5],
			"rotation": {"angle": 0, "axis": "y", "origin": [6.35, 8.675, 16.25]},
			"faces": {
				"east": {"uv": [9.032, 2.032, 9.5, 2.968], "texture": "#all", "cullface": "south"},
				"south": {"uv": [9, 2, 11, 3], "texture": "#all", "cullface": "south"},
				"west": {"uv": [9.032, 2.032, 9.5, 2.968], "texture": "#all", "cullface": "south"},
				"up": {"uv": [9.032, 2.032, 10.968, 2.5], "texture": "#all", "cullface": "south"},
				"down": {"uv": [9.032, 2.032, 10.968, 2.5], "texture": "#all", "cullface": "south"}
			}
		},
		{
			"from": [12, 9, 16],
			"to": [13, 12, 16.5],
			"rotation": {"angle": 0, "axis": "y", "origin": [6.35, 8.675, 16.25]},
			"faces": {
				"east": {"uv": [12.032, 4.032, 12.5, 6.968], "texture": "#all", "cullface": "south"},
				"south": {"uv": [12, 4, 13, 7], "texture": "#all", "cullface": "south"},
				"west": {"uv": [12.032, 4.032, 12.5, 6.968], "texture": "#all", "cullface": "south"},
				"up": {"uv": [12.032, 4.032, 12.968, 4.5], "texture": "#all", "cullface": "south"},
				"down": {"uv": [12.032, 4.032, 12.968, 4.5], "texture": "#all", "cullface": "south"}
			}
		},
		{
			"from": [10, 7, 16],
			"to": [13, 8, 16.5],
			"rotation": {"angle": 0, "axis": "y", "origin": [6.35, 8.675, 16.25]},
			"faces": {
				"east": {"uv": [10.032, 8.032, 10.5, 8.968], "texture": "#all", "cullface": "south"},
				"south": {"uv": [10, 8, 13, 9], "texture": "#all", "cullface": "south"},
				"west": {"uv": [10.032, 8.032, 10.5, 8.968], "texture": "#all", "cullface": "south"},
				"up": {"uv": [10.032, 8.032, 12.968, 8.5], "texture": "#all", "cullface": "south"},
				"down": {"uv": [10.032, 8.032, 12.968, 8.5], "texture": "#all", "cullface": "south"}
			}
		},
		{
			"from": [1, 13, 16],
			"to": [2, 14, 16.5],
			"rotation": {"angle": 0, "axis": "y", "origin": [6.35, 8.675, 16.25]},
			"faces": {
				"east": {"uv": [1.032, 2.032, 1.5, 2.968], "texture": "#all", "cullface": "south"},
				"south": {"uv": [1, 2, 2, 3], "texture": "#all", "cullface": "south"},
				"west": {"uv": [1.032, 2.032, 1.5, 2.968], "texture": "#all", "cullface": "south"},
				"up": {"uv": [1.032, 2.032, 1.968, 2.5], "texture": "#all", "cullface": "south"},
				"down": {"uv": [1.032, 2.032, 1.968, 2.5], "texture": "#all", "cullface": "south"}
			}
		},
		{
			"from": [2, 14, 16],
			"to": [5, 15, 16.5],
			"rotation": {"angle": 0, "axis": "y", "origin": [6.35, 8.675, 16.25]},
			"faces": {
				"east": {"uv": [2.032, 1.032, 2.5, 1.968], "texture": "#all", "cullface": "south"},
				"south": {"uv": [2, 1, 5, 2], "texture": "#all", "cullface": "south"},
				"west": {"uv": [2.032, 1.032, 2.5, 1.968], "texture": "#all", "cullface": "south"},
				"up": {"uv": [2.032, 1.032, 4.968, 1.5], "texture": "#all", "cullface": "south"},
				"down": {"uv": [2.032, 1.032, 4.968, 1.5], "texture": "#all", "cullface": "south"}
			}
		},
		{
			"from": [13, 15, 16],
			"to": [15, 16, 16.5],
			"rotation": {"angle": 0, "axis": "y", "origin": [6.35, 8.675, 16.25]},
			"faces": {
				"east": {"uv": [13.032, 0.032, 13.5, 0.968], "texture": "#all", "cullface": "south"},
				"south": {"uv": [13, 0, 15, 1], "texture": "#all", "cullface": "south"},
				"west": {"uv": [13.032, 0.032, 13.5, 0.968], "texture": "#all", "cullface": "south"},
				"up": {"uv": [13.032, 0.032, 14.968, 0.5], "texture": "#all", "cullface": "south"},
				"down": {"uv": [13.032, 0.032, 14.968, 0.5], "texture": "#all", "cullface": "south"}
			}
		},
		{
			"from": [13, 2, 16],
			"to": [15, 3, 16.5],
			"rotation": {"angle": 0, "axis": "y", "origin": [6.35, 8.675, 16.25]},
			"faces": {
				"east": {"uv": [13.032, 13.032, 13.5, 13.968], "texture": "#all", "cullface": "south"},
				"south": {"uv": [13, 13, 15, 14], "texture": "#all", "cullface": "south"},
				"west": {"uv": [13.032, 13.032, 13.5, 13.968], "texture": "#all", "cullface": "south"},
				"up": {"uv": [13.032, 13.032, 14.968, 13.5], "texture": "#all", "cullface": "south"},
				"down": {"uv": [13.032, 13.032, 14.968, 13.5], "texture": "#all", "cullface": "south"}
			}
		},
		{
			"from": [15, 4, 16],
			"to": [16, 7, 16.5],
			"rotation": {"angle": 0, "axis": "y", "origin": [6.35, 8.675, 16.25]},
			"faces": {
				"east": {"uv": [15.032, 9.032, 15.5, 11.968], "texture": "#all", "cullface": "south"},
				"south": {"uv": [15, 9, 16, 12], "texture": "#all", "cullface": "south"},
				"west": {"uv": [15.032, 9.032, 15.5, 11.968], "texture": "#all", "cullface": "south"},
				"up": {"uv": [15.032, 9.032, 15.968, 9.5], "texture": "#all", "cullface": "south"},
				"down": {"uv": [15.032, 9.032, 15.968, 9.5], "texture": "#all", "cullface": "south"}
			}
		},
		{
			"from": [16, 0, 3],
			"to": [16.5, 1, 4],
			"rotation": {"angle": 0, "axis": "y", "origin": [6.35, 8.675, -0.25]},
			"faces": {
				"north": {"uv": [12.032, 15.032, 12.5, 15.968], "texture": "#all", "cullface": "east"},
				"east": {"uv": [12, 15, 13, 16], "texture": "#all", "cullface": "east"},
				"south": {"uv": [12.032, 15.032, 12.5, 15.968], "texture": "#all", "cullface": "east"},
				"up": {"uv": [12.032, 15.032, 12.968, 15.532], "rotation": 270, "texture": "#all", "cullface": "east"},
				"down": {"uv": [12.032, 15.032, 12.968, 15.532], "rotation": 90, "texture": "#all", "cullface": "east"}
			}
		},
		{
			"from": [16, 3, 1],
			"to": [16.5, 4, 2],
			"rotation": {"angle": 0, "axis": "y", "origin": [6.35, 8.675, -0.25]},
			"faces": {
				"north": {"uv": [14.032, 12.032, 14.5, 12.968], "texture": "#all", "cullface": "east"},
				"east": {"uv": [14, 12, 15, 13], "texture": "#all", "cullface": "east"},
				"south": {"uv": [14.032, 12.032, 14.5, 12.968], "texture": "#all", "cullface": "east"},
				"up": {"uv": [14.032, 12.032, 14.968, 12.532], "rotation": 270, "texture": "#all", "cullface": "east"}
			}
		},
		{
			"from": [16, 6, 6],
			"to": [16.5, 7, 7],
			"rotation": {"angle": 0, "axis": "y", "origin": [6.35, 8.675, -0.25]},
			"faces": {
				"north": {"uv": [9.032, 9.032, 9.5, 9.968], "texture": "#all", "cullface": "east"},
				"east": {"uv": [9, 9, 10, 10], "texture": "#all", "cullface": "east"},
				"south": {"uv": [9.032, 9.032, 9.5, 9.968], "texture": "#all", "cullface": "east"},
				"up": {"uv": [9.032, 9.032, 9.968, 9.532], "rotation": 270, "texture": "#all", "cullface": "east"},
				"down": {"uv": [9.032, 9.032, 9.968, 9.532], "rotation": 90, "texture": "#all", "cullface": "east"}
			}
		},
		{
			"from": [16, 9, 8],
			"to": [16.5, 10, 9],
			"rotation": {"angle": 0, "axis": "y", "origin": [6.35, 8.675, -0.25]},
			"faces": {
				"north": {"uv": [7.032, 6.032, 7.5, 6.968], "texture": "#all", "cullface": "east"},
				"east": {"uv": [7, 6, 8, 7], "texture": "#all", "cullface": "east"},
				"south": {"uv": [7.032, 6.032, 7.5, 6.968], "texture": "#all", "cullface": "east"},
				"up": {"uv": [7.032, 6.032, 7.968, 6.532], "rotation": 270, "texture": "#all", "cullface": "east"},
				"down": {"uv": [7.032, 6.032, 7.968, 6.532], "rotation": 90, "texture": "#all", "cullface": "east"}
			}
		},
		{
			"from": [16, 12, 15],
			"to": [16.5, 13, 16],
			"rotation": {"angle": 0, "axis": "y", "origin": [6.35, 8.675, -0.25]},
			"faces": {
				"north": {"uv": [0.032, 3.032, 0.5, 3.968], "texture": "#all", "cullface": "east"},
				"east": {"uv": [0, 3, 1, 4], "texture": "#all", "cullface": "east"},
				"south": {"uv": [0.032, 3.032, 0.5, 3.968], "texture": "#all", "cullface": "east"},
				"up": {"uv": [0.032, 3.032, 0.968, 3.532], "rotation": 270, "texture": "#all", "cullface": "east"},
				"down": {"uv": [0.032, 3.032, 0.968, 3.532], "rotation": 90, "texture": "#all", "cullface": "east"}
			}
		},
		{
			"from": [16, 14, 1],
			"to": [16.5, 15, 2],
			"rotation": {"angle": 0, "axis": "y", "origin": [6.35, 8.675, -0.25]},
			"faces": {
				"north": {"uv": [14.032, 1.032, 14.5, 1.968], "texture": "#all", "cullface": "east"},
				"east": {"uv": [14, 1, 15, 2], "texture": "#all", "cullface": "east"},
				"south": {"uv": [14.032, 1.032, 14.5, 1.968], "texture": "#all", "cullface": "east"},
				"down": {"uv": [14.032, 1.032, 14.968, 1.532], "rotation": 90, "texture": "#all", "cullface": "east"}
			}
		},
		{
			"from": [16, 10, 0],
			"to": [16.5, 12, 1],
			"rotation": {"angle": 0, "axis": "y", "origin": [6.35, 8.675, -0.25]},
			"faces": {
				"north": {"uv": [15.032, 4.032, 15.5, 5.968], "texture": "#all", "cullface": "east"},
				"east": {"uv": [15, 4, 16, 6], "texture": "#all", "cullface": "east"},
				"south": {"uv": [15.032, 4.032, 15.5, 5.968], "texture": "#all", "cullface": "east"},
				"up": {"uv": [15.032, 4.032, 15.968, 4.532], "rotation": 270, "texture": "#all", "cullface": "east"},
				"down": {"uv": [15.032, 4.032, 15.968, 4.532], "rotation": 90, "texture": "#all", "cullface": "east"}
			}
		},
		{
			"from": [16, 1, 8],
			"to": [16.5, 3, 9],
			"rotation": {"angle": 0, "axis": "y", "origin": [6.35, 8.675, -0.25]},
			"faces": {
				"north": {"uv": [7.032, 13.032, 7.5, 14.968], "texture": "#all", "cullface": "east"},
				"east": {"uv": [7, 13, 8, 15], "texture": "#all", "cullface": "east"},
				"south": {"uv": [7.032, 13.032, 7.5, 14.968], "texture": "#all", "cullface": "east"},
				"up": {"uv": [7.032, 13.032, 7.968, 13.532], "rotation": 270, "texture": "#all", "cullface": "east"},
				"down": {"uv": [7.032, 13.032, 7.968, 13.532], "rotation": 90, "texture": "#all", "cullface": "east"}
			}
		},
		{
			"from": [16, 3, 9],
			"to": [16.5, 5, 10],
			"rotation": {"angle": 0, "axis": "y", "origin": [6.35, 8.675, -0.25]},
			"faces": {
				"north": {"uv": [6.032, 11.032, 6.5, 12.968], "texture": "#all", "cullface": "east"},
				"east": {"uv": [6, 11, 7, 13], "texture": "#all", "cullface": "east"},
				"south": {"uv": [6.032, 11.032, 6.5, 12.968], "texture": "#all", "cullface": "east"},
				"up": {"uv": [6.032, 11.032, 6.968, 11.532], "rotation": 270, "texture": "#all", "cullface": "east"},
				"down": {"uv": [6.032, 11.032, 6.968, 11.532], "rotation": 90, "texture": "#all", "cullface": "east"}
			}
		},
		{
			"from": [16, 5, 10],
			"to": [16.5, 6, 12],
			"rotation": {"angle": 0, "axis": "y", "origin": [6.35, 8.675, -0.25]},
			"faces": {
				"north": {"uv": [4.032, 10.032, 4.5, 10.968], "texture": "#all", "cullface": "east"},
				"east": {"uv": [4, 10, 6, 11], "texture": "#all", "cullface": "east"},
				"south": {"uv": [4.032, 10.032, 4.5, 10.968], "texture": "#all", "cullface": "east"},
				"up": {"uv": [4.032, 10.032, 5.968, 10.532], "rotation": 270, "texture": "#all", "cullface": "east"},
				"down": {"uv": [4.032, 10.032, 5.968, 10.532], "rotation": 90, "texture": "#all", "cullface": "east"}
			}
		},
		{
			"from": [16, 8, 9],
			"to": [16.5, 9, 11],
			"rotation": {"angle": 0, "axis": "y", "origin": [6.35, 8.675, -0.25]},
			"faces": {
				"north": {"uv": [5.032, 7.032, 5.5, 7.968], "texture": "#all", "cullface": "east"},
				"east": {"uv": [5, 7, 7, 8], "texture": "#all", "cullface": "east"},
				"south": {"uv": [5.032, 7.032, 5.5, 7.968], "texture": "#all", "cullface": "east"},
				"up": {"uv": [5.032, 7.032, 6.968, 7.532], "rotation": 270, "texture": "#all", "cullface": "east"},
				"down": {"uv": [5.032, 7.032, 6.968, 7.532], "rotation": 90, "texture": "#all", "cullface": "east"}
			}
		},
		{
			"from": [16, 12, 4],
			"to": [16.5, 13, 6],
			"rotation": {"angle": 0, "axis": "y", "origin": [6.35, 8.675, -0.25]},
			"faces": {
				"north": {"uv": [10.032, 3.032, 10.5, 3.968], "texture": "#all", "cullface": "east"},
				"east": {"uv": [10, 3, 12, 4], "texture": "#all", "cullface": "east"},
				"south": {"uv": [10.032, 3.032, 10.5, 3.968], "texture": "#all", "cullface": "east"},
				"up": {"uv": [10.032, 3.032, 11.968, 3.532], "rotation": 270, "texture": "#all", "cullface": "east"},
				"down": {"uv": [10.032, 3.032, 11.968, 3.532], "rotation": 90, "texture": "#all", "cullface": "east"}
			}
		},
		{
			"from": [16, 13, 5],
			"to": [16.5, 14, 7],
			"rotation": {"angle": 0, "axis": "y", "origin": [6.35, 8.675, -0.25]},
			"faces": {
				"north": {"uv": [9.032, 2.032, 9.5, 2.968], "texture": "#all", "cullface": "east"},
				"east": {"uv": [9, 2, 11, 3], "texture": "#all", "cullface": "east"},
				"south": {"uv": [9.032, 2.032, 9.5, 2.968], "texture": "#all", "cullface": "east"},
				"up": {"uv": [9.032, 2.032, 10.968, 2.532], "rotation": 270, "texture": "#all", "cullface": "east"},
				"down": {"uv": [9.032, 2.032, 10.968, 2.532], "rotation": 90, "texture": "#all", "cullface": "east"}
			}
		},
		{
			"from": [16, 9, 3],
			"to": [16.5, 12, 4],
			"rotation": {"angle": 0, "axis": "y", "origin": [6.35, 8.675, -0.25]},
			"faces": {
				"north": {"uv": [12.032, 4.032, 12.5, 6.968], "texture": "#all", "cullface": "east"},
				"east": {"uv": [12, 4, 13, 7], "texture": "#all", "cullface": "east"},
				"south": {"uv": [12.032, 4.032, 12.5, 6.968], "texture": "#all", "cullface": "east"},
				"up": {"uv": [12.032, 4.032, 12.968, 4.532], "rotation": 270, "texture": "#all", "cullface": "east"},
				"down": {"uv": [12.032, 4.032, 12.968, 4.532], "rotation": 90, "texture": "#all", "cullface": "east"}
			}
		},
		{
			"from": [16, 7, 3],
			"to": [16.5, 8, 6],
			"rotation": {"angle": 0, "axis": "y", "origin": [6.35, 8.675, -0.25]},
			"faces": {
				"north": {"uv": [10.032, 8.032, 10.5, 8.968], "texture": "#all", "cullface": "east"},
				"east": {"uv": [10, 8, 13, 9], "texture": "#all", "cullface": "east"},
				"south": {"uv": [10.032, 8.032, 10.5, 8.968], "texture": "#all", "cullface": "east"},
				"up": {"uv": [10.032, 8.032, 12.968, 8.532], "rotation": 270, "texture": "#all", "cullface": "east"},
				"down": {"uv": [10.032, 8.032, 12.968, 8.532], "rotation": 90, "texture": "#all", "cullface": "east"}
			}
		},
		{
			"from": [16, 13, 14],
			"to": [16.5, 14, 15],
			"rotation": {"angle": 0, "axis": "y", "origin": [6.35, 8.675, -0.25]},
			"faces": {
				"north": {"uv": [1.032, 2.032, 1.5, 2.968], "texture": "#all", "cullface": "east"},
				"east": {"uv": [1, 2, 2, 3], "texture": "#all", "cullface": "east"},
				"south": {"uv": [1.032, 2.032, 1.5, 2.968], "texture": "#all", "cullface": "east"},
				"up": {"uv": [1.032, 2.032, 1.968, 2.532], "rotation": 270, "texture": "#all", "cullface": "east"},
				"down": {"uv": [1.032, 2.032, 1.968, 2.532], "rotation": 90, "texture": "#all", "cullface": "east"}
			}
		},
		{
			"from": [16, 14, 11],
			"to": [16.5, 15, 14],
			"rotation": {"angle": 0, "axis": "y", "origin": [6.35, 8.675, -0.25]},
			"faces": {
				"north": {"uv": [2.032, 1.032, 2.5, 1.968], "texture": "#all", "cullface": "east"},
				"east": {"uv": [2, 1, 5, 2], "texture": "#all", "cullface": "east"},
				"south": {"uv": [2.032, 1.032, 2.5, 1.968], "texture": "#all", "cullface": "east"},
				"up": {"uv": [2.032, 1.032, 4.968, 1.532], "rotation": 270, "texture": "#all", "cullface": "east"},
				"down": {"uv": [2.032, 1.032, 4.968, 1.532], "rotation": 90, "texture": "#all", "cullface": "east"}
			}
		},
		{
			"from": [16, 15, 1],
			"to": [16.5, 16, 3],
			"rotation": {"angle": 0, "axis": "y", "origin": [6.35, 8.675, -0.25]},
			"faces": {
				"north": {"uv": [13.032, 0.032, 13.5, 0.968], "texture": "#all", "cullface": "east"},
				"east": {"uv": [13, 0, 15, 1], "texture": "#all", "cullface": "east"},
				"south": {"uv": [13.032, 0.032, 13.5, 0.968], "texture": "#all", "cullface": "east"},
				"up": {"uv": [13.032, 0.032, 14.968, 0.532], "rotation": 270, "texture": "#all", "cullface": "east"},
				"down": {"uv": [13.032, 0.032, 14.968, 0.532], "rotation": 90, "texture": "#all", "cullface": "east"}
			}
		},
		{
			"from": [16, 2, 1],
			"to": [16.5, 3, 3],
			"rotation": {"angle": 0, "axis": "y", "origin": [6.35, 8.675, -0.25]},
			"faces": {
				"north": {"uv": [13.032, 13.032, 13.5, 13.968], "texture": "#all", "cullface": "east"},
				"east": {"uv": [13, 13, 15, 14], "texture": "#all", "cullface": "east"},
				"south": {"uv": [13.032, 13.032, 13.5, 13.968], "texture": "#all", "cullface": "east"},
				"up": {"uv": [13.032, 13.032, 14.968, 13.532], "rotation": 270, "texture": "#all", "cullface": "east"},
				"down": {"uv": [13.032, 13.032, 14.968, 13.532], "rotation": 90, "texture": "#all", "cullface": "east"}
			}
		},
		{
			"from": [16, 4, 0],
			"to": [16.5, 7, 1],
			"rotation": {"angle": 0, "axis": "y", "origin": [6.35, 8.675, -0.25]},
			"faces": {
				"north": {"uv": [15.032, 9.032, 15.5, 11.968], "texture": "#all", "cullface": "east"},
				"east": {"uv": [15, 9, 16, 12], "texture": "#all", "cullface": "east"},
				"south": {"uv": [15.032, 9.032, 15.5, 11.968], "texture": "#all", "cullface": "east"},
				"up": {"uv": [15.032, 9.032, 15.968, 9.532], "rotation": 270, "texture": "#all", "cullface": "east"},
				"down": {"uv": [15.032, 9.032, 15.968, 9.532], "rotation": 90, "texture": "#all", "cullface": "east"}
			}
		},
		{
			"from": [-0.5, 0, 12],
			"to": [0, 1, 13],
			"rotation": {"angle": 0, "axis": "y", "origin": [16.25, 8.675, 6.35]},
			"faces": {
				"north": {"uv": [12.032, 15.032, 12.5, 15.968], "texture": "#all", "cullface": "west"},
				"south": {"uv": [12.032, 15.032, 12.5, 15.968], "texture": "#all", "cullface": "west"},
				"west": {"uv": [12, 15, 13, 16], "texture": "#all", "cullface": "west"},
				"up": {"uv": [12.032, 15.032, 12.968, 15.532], "rotation": 90, "texture": "#all", "cullface": "west"},
				"down": {"uv": [12.032, 15.032, 12.968, 15.532], "rotation": 270, "texture": "#all", "cullface": "west"}
			}
		},
		{
			"from": [-0.5, 3, 14],
			"to": [0, 4, 15],
			"rotation": {"angle": 0, "axis": "y", "origin": [16.25, 8.675, 6.35]},
			"faces": {
				"north": {"uv": [14.032, 12.032, 14.5, 12.968], "texture": "#all", "cullface": "west"},
				"south": {"uv": [14.032, 12.032, 14.5, 12.968], "texture": "#all", "cullface": "west"},
				"west": {"uv": [14, 12, 15, 13], "texture": "#all", "cullface": "west"},
				"up": {"uv": [14.032, 12.032, 14.968, 12.532], "rotation": 90, "texture": "#all", "cullface": "west"}
			}
		},
		{
			"from": [-0.5, 6, 9],
			"to": [0, 7, 10],
			"rotation": {"angle": 0, "axis": "y", "origin": [16.25, 8.675, 6.35]},
			"faces": {
				"north": {"uv": [9.032, 9.032, 9.5, 9.968], "texture": "#all", "cullface": "west"},
				"south": {"uv": [9.032, 9.032, 9.5, 9.968], "texture": "#all", "cullface": "west"},
				"west": {"uv": [9, 9, 10, 10], "texture": "#all", "cullface": "west"},
				"up": {"uv": [9.032, 9.032, 9.968, 9.532], "rotation": 90, "texture": "#all", "cullface": "west"},
				"down": {"uv": [9.032, 9.032, 9.968, 9.532], "rotation": 270, "texture": "#all", "cullface": "west"}
			}
		},
		{
			"from": [-0.5, 9, 7],
			"to": [0, 10, 8],
			"rotation": {"angle": 0, "axis": "y", "origin": [16.25, 8.675, 6.35]},
			"faces": {
				"north": {"uv": [7.032, 6.032, 7.5, 6.968], "texture": "#all", "cullface": "west"},
				"south": {"uv": [7.032, 6.032, 7.5, 6.968], "texture": "#all", "cullface": "west"},
				"west": {"uv": [7, 6, 8, 7], "texture": "#all", "cullface": "west"},
				"up": {"uv": [7.032, 6.032, 7.968, 6.532], "rotation": 90, "texture": "#all", "cullface": "west"},
				"down": {"uv": [7.032, 6.032, 7.968, 6.532], "rotation": 270, "texture": "#all", "cullface": "west"}
			}
		},
		{
			"from": [-0.5, 12, 0],
			"to": [0, 13, 1],
			"rotation": {"angle": 0, "axis": "y", "origin": [16.25, 8.675, 6.35]},
			"faces": {
				"north": {"uv": [0.032, 3.032, 0.5, 3.968], "texture": "#all", "cullface": "west"},
				"south": {"uv": [0.032, 3.032, 0.5, 3.968], "texture": "#all", "cullface": "west"},
				"west": {"uv": [0, 3, 1, 4], "texture": "#all", "cullface": "west"},
				"up": {"uv": [0.032, 3.032, 0.968, 3.532], "rotation": 90, "texture": "#all", "cullface": "west"},
				"down": {"uv": [0.032, 3.032, 0.968, 3.532], "rotation": 270, "texture": "#all", "cullface": "west"}
			}
		},
		{
			"from": [-0.5, 14, 14],
			"to": [0, 15, 15],
			"rotation": {"angle": 0, "axis": "y", "origin": [16.25, 8.675, 6.35]},
			"faces": {
				"north": {"uv": [14.032, 1.032, 14.5, 1.968], "texture": "#all", "cullface": "west"},
				"south": {"uv": [14.032, 1.032, 14.5, 1.968], "texture": "#all", "cullface": "west"},
				"west": {"uv": [14, 1, 15, 2], "texture": "#all", "cullface": "west"},
				"down": {"uv": [14.032, 1.032, 14.968, 1.532], "rotation": 270, "texture": "#all", "cullface": "west"}
			}
		},
		{
			"from": [-0.5, 10, 15],
			"to": [0, 12, 16],
			"rotation": {"angle": 0, "axis": "y", "origin": [16.25, 8.675, 6.35]},
			"faces": {
				"north": {"uv": [15.032, 4.032, 15.5, 5.968], "texture": "#all", "cullface": "west"},
				"south": {"uv": [15.032, 4.032, 15.5, 5.968], "texture": "#all", "cullface": "west"},
				"west": {"uv": [15, 4, 16, 6], "texture": "#all", "cullface": "west"},
				"up": {"uv": [15.032, 4.032, 15.968, 4.532], "rotation": 90, "texture": "#all", "cullface": "west"},
				"down": {"uv": [15.032, 4.032, 15.968, 4.532], "rotation": 270, "texture": "#all", "cullface": "west"}
			}
		},
		{
			"from": [-0.5, 1, 7],
			"to": [0, 3, 8],
			"rotation": {"angle": 0, "axis": "y", "origin": [16.25, 8.675, 6.35]},
			"faces": {
				"north": {"uv": [7.032, 13.032, 7.5, 14.968], "texture": "#all", "cullface": "west"},
				"south": {"uv": [7.032, 13.032, 7.5, 14.968], "texture": "#all", "cullface": "west"},
				"west": {"uv": [7, 13, 8, 15], "texture": "#all", "cullface": "west"},
				"up": {"uv": [7.032, 13.032, 7.968, 13.532], "rotation": 90, "texture": "#all", "cullface": "west"},
				"down": {"uv": [7.032, 13.032, 7.968, 13.532], "rotation": 270, "texture": "#all", "cullface": "west"}
			}
		},
		{
			"from": [-0.5, 3, 6],
			"to": [0, 5, 7],
			"rotation": {"angle": 0, "axis": "y", "origin": [16.25, 8.675, 6.35]},
			"faces": {
				"north": {"uv": [6.032, 11.032, 6.5, 12.968], "texture": "#all", "cullface": "west"},
				"south": {"uv": [6.032, 11.032, 6.5, 12.968], "texture": "#all", "cullface": "west"},
				"west": {"uv": [6, 11, 7, 13], "texture": "#all", "cullface": "west"},
				"up": {"uv": [6.032, 11.032, 6.968, 11.532], "rotation": 90, "texture": "#all", "cullface": "west"},
				"down": {"uv": [6.032, 11.032, 6.968, 11.532], "rotation": 270, "texture": "#all", "cullface": "west"}
			}
		},
		{
			"from": [-0.5, 5, 4],
			"to": [0, 6, 6],
			"rotation": {"angle": 0, "axis": "y", "origin": [16.25, 8.675, 6.35]},
			"faces": {
				"north": {"uv": [4.032, 10.032, 4.5, 10.968], "texture": "#all", "cullface": "west"},
				"south": {"uv": [4.032, 10.032, 4.5, 10.968], "texture": "#all", "cullface": "west"},
				"west": {"uv": [4, 10, 6, 11], "texture": "#all", "cullface": "west"},
				"up": {"uv": [4.032, 10.032, 5.968, 10.532], "rotation": 90, "texture": "#all", "cullface": "west"},
				"down": {"uv": [4.032, 10.032, 5.968, 10.532], "rotation": 270, "texture": "#all", "cullface": "west"}
			}
		},
		{
			"from": [-0.5, 8, 5],
			"to": [0, 9, 7],
			"rotation": {"angle": 0, "axis": "y", "origin": [16.25, 8.675, 6.35]},
			"faces": {
				"north": {"uv": [5.032, 7.032, 5.5, 7.968], "texture": "#all", "cullface": "west"},
				"south": {"uv": [5.032, 7.032, 5.5, 7.968], "texture": "#all", "cullface": "west"},
				"west": {"uv": [5, 7, 7, 8], "texture": "#all", "cullface": "west"},
				"up": {"uv": [5.032, 7.032, 6.968, 7.532], "rotation": 90, "texture": "#all", "cullface": "west"},
				"down": {"uv": [5.032, 7.032, 6.968, 7.532], "rotation": 270, "texture": "#all", "cullface": "west"}
			}
		},
		{
			"from": [-0.5, 12, 10],
			"to": [0, 13, 12],
			"rotation": {"angle": 0, "axis": "y", "origin": [16.25, 8.675, 6.35]},
			"faces": {
				"north": {"uv": [10.032, 3.032, 10.5, 3.968], "texture": "#all", "cullface": "west"},
				"south": {"uv": [10.032, 3.032, 10.5, 3.968], "texture": "#all", "cullface": "west"},
				"west": {"uv": [10, 3, 12, 4], "texture": "#all", "cullface": "west"},
				"up": {"uv": [10.032, 3.032, 11.968, 3.532], "rotation": 90, "texture": "#all", "cullface": "west"},
				"down": {"uv": [10.032, 3.032, 11.968, 3.532], "rotation": 270, "texture": "#all", "cullface": "west"}
			}
		},
		{
			"from": [-0.5, 13, 9],
			"to": [0, 14, 11],
			"rotation": {"angle": 0, "axis": "y", "origin": [16.25, 8.675, 6.35]},
			"faces": {
				"north": {"uv": [9.032, 2.032, 9.5, 2.968], "texture": "#all", "cullface": "west"},
				"south": {"uv": [9.032, 2.032, 9.5, 2.968], "texture": "#all", "cullface": "west"},
				"west": {"uv": [9, 2, 11, 3], "texture": "#all", "cullface": "west"},
				"up": {"uv": [9.032, 2.032, 10.968, 2.532], "rotation": 90, "texture": "#all", "cullface": "west"},
				"down": {"uv": [9.032, 2.032, 10.968, 2.532], "rotation": 270, "texture": "#all", "cullface": "west"}
			}
		},
		{
			"from": [-0.5, 9, 12],
			"to": [0, 12, 13],
			"rotation": {"angle": 0, "axis": "y", "origin": [16.25, 8.675, 6.35]},
			"faces": {
				"north": {"uv": [12.032, 4.032, 12.5, 6.968], "texture": "#all", "cullface": "west"},
				"south": {"uv": [12.032, 4.032, 12.5, 6.968], "texture": "#all", "cullface": "west"},
				"west": {"uv": [12, 4, 13, 7], "texture": "#all", "cullface": "west"},
				"up": {"uv": [12.032, 4.032, 12.968, 4.532], "rotation": 90, "texture": "#all", "cullface": "west"},
				"down": {"uv": [12.032, 4.032, 12.968, 4.532], "rotation": 270, "texture": "#all", "cullface": "west"}
			}
		},
		{
			"from": [-0.5, 7, 10],
			"to": [0, 8, 13],
			"rotation": {"angle": 0, "axis": "y", "origin": [16.25, 8.675, 6.35]},
			"faces": {
				"north": {"uv": [10.032, 8.032, 10.5, 8.968], "texture": "#all", "cullface": "west"},
				"south": {"uv": [10.032, 8.032, 10.5, 8.968], "texture": "#all", "cullface": "west"},
				"west": {"uv": [10, 8, 13, 9], "texture": "#all", "cullface": "west"},
				"up": {"uv": [10.032, 8.032, 12.968, 8.532], "rotation": 90, "texture": "#all", "cullface": "west"},
				"down": {"uv": [10.032, 8.032, 12.968, 8.532], "rotation": 270, "texture": "#all", "cullface": "west"}
			}
		},
		{
			"from": [-0.5, 13, 1],
			"to": [0, 14, 2],
			"rotation": {"angle": 0, "axis": "y", "origin": [16.25, 8.675, 6.35]},
			"faces": {
				"north": {"uv": [1.032, 2.032, 1.5, 2.968], "texture": "#all", "cullface": "west"},
				"south": {"uv": [1.032, 2.032, 1.5, 2.968], "texture": "#all", "cullface": "west"},
				"west": {"uv": [1, 2, 2, 3], "texture": "#all", "cullface": "west"},
				"up": {"uv": [1.032, 2.032, 1.968, 2.532], "rotation": 90, "texture": "#all", "cullface": "west"},
				"down": {"uv": [1.032, 2.032, 1.968, 2.532], "rotation": 270, "texture": "#all", "cullface": "west"}
			}
		},
		{
			"from": [-0.5, 14, 2],
			"to": [0, 15, 5],
			"rotation": {"angle": 0, "axis": "y", "origin": [16.25, 8.675, 6.35]},
			"faces": {
				"north": {"uv": [2.032, 1.032, 2.5, 1.968], "texture": "#all", "cullface": "west"},
				"south": {"uv": [2.032, 1.032, 2.5, 1.968], "texture": "#all", "cullface": "west"},
				"west": {"uv": [2, 1, 5, 2], "texture": "#all", "cullface": "west"},
				"up": {"uv": [2.032, 1.032, 4.968, 1.532], "rotation": 90, "texture": "#all", "cullface": "west"},
				"down": {"uv": [2.032, 1.032, 4.968, 1.532], "rotation": 270, "texture": "#all", "cullface": "west"}
			}
		},
		{
			"from": [-0.5, 15, 13],
			"to": [0, 16, 15],
			"rotation": {"angle": 0, "axis": "y", "origin": [16.25, 8.675, 6.35]},
			"faces": {
				"north": {"uv": [13.032, 0.032, 13.5, 0.968], "texture": "#all", "cullface": "west"},
				"south": {"uv": [13.032, 0.032, 13.5, 0.968], "texture": "#all", "cullface": "west"},
				"west": {"uv": [13, 0, 15, 1], "texture": "#all", "cullface": "west"},
				"up": {"uv": [13.032, 0.032, 14.968, 0.532], "rotation": 90, "texture": "#all", "cullface": "west"},
				"down": {"uv": [13.032, 0.032, 14.968, 0.532], "rotation": 270, "texture": "#all", "cullface": "west"}
			}
		},
		{
			"from": [-0.5, 2, 13],
			"to": [0, 3, 15],
			"rotation": {"angle": 0, "axis": "y", "origin": [16.25, 8.675, 6.35]},
			"faces": {
				"north": {"uv": [13.032, 13.032, 13.5, 13.968], "texture": "#all", "cullface": "west"},
				"south": {"uv": [13.032, 13.032, 13.5, 13.968], "texture": "#all", "cullface": "west"},
				"west": {"uv": [13, 13, 15, 14], "texture": "#all", "cullface": "west"},
				"up": {"uv": [13.032, 13.032, 14.968, 13.532], "rotation": 90, "texture": "#all", "cullface": "west"},
				"down": {"uv": [13.032, 13.032, 14.968, 13.532], "rotation": 270, "texture": "#all", "cullface": "west"}
			}
		},
		{
			"from": [-0.5, 4, 15],
			"to": [0, 7, 16],
			"rotation": {"angle": 0, "axis": "y", "origin": [16.25, 8.675, 6.35]},
			"faces": {
				"north": {"uv": [15.032, 9.032, 15.5, 11.968], "texture": "#all", "cullface": "west"},
				"south": {"uv": [15.032, 9.032, 15.5, 11.968], "texture": "#all", "cullface": "west"},
				"west": {"uv": [15, 9, 16, 12], "texture": "#all", "cullface": "west"},
				"up": {"uv": [15.032, 9.032, 15.968, 9.532], "rotation": 90, "texture": "#all", "cullface": "west"},
				"down": {"uv": [15.032, 9.032, 15.968, 9.532], "rotation": 270, "texture": "#all", "cullface": "west"}
			}
		},
		{
			"from": [0, 16, 3],
			"to": [1, 16.5, 4],
			"faces": {
				"north": {"uv": [0.032, 3.032, 0.968, 3.5], "rotation": 180, "texture": "#all", "cullface": "up"},
				"east": {"uv": [0.032, 3.032, 0.532, 3.968], "rotation": 90, "texture": "#all", "cullface": "up"},
				"south": {"uv": [0.032, 3.032, 0.968, 3.5], "texture": "#all", "cullface": "up"},
				"west": {"uv": [0.032, 3.032, 0.532, 3.968], "rotation": 270, "texture": "#all", "cullface": "up"},
				"up": {"uv": [0, 3, 1, 4], "texture": "#all", "cullface": "up"}
			}
		},
		{
			"from": [1, 16, 2],
			"to": [2, 16.5, 3],
			"faces": {
				"north": {"uv": [1.032, 2.032, 1.968, 2.5], "rotation": 180, "texture": "#all", "cullface": "up"},
				"east": {"uv": [1.032, 2.032, 1.532, 2.968], "rotation": 90, "texture": "#all", "cullface": "up"},
				"south": {"uv": [1.032, 2.032, 1.968, 2.5], "texture": "#all", "cullface": "up"},
				"west": {"uv": [1.032, 2.032, 1.532, 2.968], "rotation": 270, "texture": "#all", "cullface": "up"},
				"up": {"uv": [1, 2, 2, 3], "texture": "#all", "cullface": "up"}
			}
		},
		{
			"from": [7, 16, 6],
			"to": [8, 16.5, 7],
			"faces": {
				"north": {"uv": [7.032, 6.032, 7.968, 6.5], "rotation": 180, "texture": "#all", "cullface": "up"},
				"east": {"uv": [7.032, 6.032, 7.532, 6.968], "rotation": 90, "texture": "#all", "cullface": "up"},
				"south": {"uv": [7.032, 6.032, 7.968, 6.5], "texture": "#all", "cullface": "up"},
				"west": {"uv": [7.032, 6.032, 7.532, 6.968], "rotation": 270, "texture": "#all", "cullface": "up"},
				"up": {"uv": [7, 6, 8, 7], "texture": "#all", "cullface": "up"}
			}
		},
		{
			"from": [9, 16, 9],
			"to": [10, 16.5, 10],
			"faces": {
				"north": {"uv": [9.032, 9.032, 9.968, 9.5], "rotation": 180, "texture": "#all", "cullface": "up"},
				"east": {"uv": [9.032, 9.032, 9.532, 9.968], "rotation": 90, "texture": "#all", "cullface": "up"},
				"south": {"uv": [9.032, 9.032, 9.968, 9.5], "texture": "#all", "cullface": "up"},
				"west": {"uv": [9.032, 9.032, 9.532, 9.968], "rotation": 270, "texture": "#all", "cullface": "up"},
				"up": {"uv": [9, 9, 10, 10], "texture": "#all", "cullface": "up"}
			}
		},
		{
			"from": [14, 16, 12],
			"to": [15, 16.5, 13],
			"faces": {
				"north": {"uv": [14.032, 12.032, 14.968, 12.5], "rotation": 180, "texture": "#all", "cullface": "up"},
				"east": {"uv": [14.032, 12.032, 14.532, 12.968], "rotation": 90, "texture": "#all", "cullface": "up"},
				"west": {"uv": [14.032, 12.032, 14.532, 12.968], "rotation": 270, "texture": "#all", "cullface": "up"},
				"up": {"uv": [14, 12, 15, 13], "texture": "#all", "cullface": "up"}
			}
		},
		{
			"from": [12, 16, 15],
			"to": [13, 16.5, 16],
			"faces": {
				"north": {"uv": [12.032, 15.032, 12.968, 15.5], "rotation": 180, "texture": "#all", "cullface": "up"},
				"east": {"uv": [12.032, 15.032, 12.532, 15.968], "rotation": 90, "texture": "#all", "cullface": "up"},
				"south": {"uv": [12.032, 15.032, 12.968, 15.5], "texture": "#all", "cullface": "up"},
				"west": {"uv": [12.032, 15.032, 12.532, 15.968], "rotation": 270, "texture": "#all", "cullface": "up"},
				"up": {"uv": [12, 15, 13, 16], "texture": "#all", "cullface": "up"}
			}
		},
		{
			"from": [14, 16, 1],
			"to": [15, 16.5, 2],
			"faces": {
				"east": {"uv": [14.032, 1.032, 14.532, 1.968], "rotation": 90, "texture": "#all", "cullface": "up"},
				"south": {"uv": [14.032, 1.032, 14.968, 1.5], "texture": "#all", "cullface": "up"},
				"west": {"uv": [14.032, 1.032, 14.532, 1.968], "rotation": 270, "texture": "#all", "cullface": "up"},
				"up": {"uv": [14, 1, 15, 2], "texture": "#all", "cullface": "up"}
			}
		},
		{
			"from": [13, 16, 0],
			"to": [15, 16.5, 1],
			"faces": {
				"north": {"uv": [13.032, 0.032, 14.968, 0.5], "rotation": 180, "texture": "#all", "cullface": "up"},
				"east": {"uv": [13.032, 0.032, 13.532, 0.968], "rotation": 90, "texture": "#all", "cullface": "up"},
				"south": {"uv": [13.032, 0.032, 14.968, 0.5], "texture": "#all", "cullface": "up"},
				"west": {"uv": [13.032, 0.032, 13.532, 0.968], "rotation": 270, "texture": "#all", "cullface": "up"},
				"up": {"uv": [13, 0, 15, 1], "texture": "#all", "cullface": "up"}
			}
		},
		{
			"from": [10, 16, 3],
			"to": [12, 16.5, 4],
			"faces": {
				"north": {"uv": [10.032, 3.032, 11.968, 3.5], "rotation": 180, "texture": "#all", "cullface": "up"},
				"east": {"uv": [10.032, 3.032, 10.532, 3.968], "rotation": 90, "texture": "#all", "cullface": "up"},
				"south": {"uv": [10.032, 3.032, 11.968, 3.5], "texture": "#all", "cullface": "up"},
				"west": {"uv": [10.032, 3.032, 10.532, 3.968], "rotation": 270, "texture": "#all", "cullface": "up"},
				"up": {"uv": [10, 3, 12, 4], "texture": "#all", "cullface": "up"}
			}
		},
		{
			"from": [9, 16, 2],
			"to": [11, 16.5, 3],
			"faces": {
				"north": {"uv": [9.032, 2.032, 10.968, 2.5], "rotation": 180, "texture": "#all", "cullface": "up"},
				"east": {"uv": [9.032, 2.032, 9.532, 2.968], "rotation": 90, "texture": "#all", "cullface": "up"},
				"south": {"uv": [9.032, 2.032, 10.968, 2.5], "texture": "#all", "cullface": "up"},
				"west": {"uv": [9.032, 2.032, 9.532, 2.968], "rotation": 270, "texture": "#all", "cullface": "up"},
				"up": {"uv": [9, 2, 11, 3], "texture": "#all", "cullface": "up"}
			}
		},
		{
			"from": [5, 16, 7],
			"to": [7, 16.5, 8],
			"faces": {
				"north": {"uv": [5.032, 7.032, 6.968, 7.5], "rotation": 180, "texture": "#all", "cullface": "up"},
				"east": {"uv": [5.032, 7.032, 5.532, 7.968], "rotation": 90, "texture": "#all", "cullface": "up"},
				"south": {"uv": [5.032, 7.032, 6.968, 7.5], "texture": "#all", "cullface": "up"},
				"west": {"uv": [5.032, 7.032, 5.532, 7.968], "rotation": 270, "texture": "#all", "cullface": "up"},
				"up": {"uv": [5, 7, 7, 8], "texture": "#all", "cullface": "up"}
			}
		},
		{
			"from": [4, 16, 10],
			"to": [6, 16.5, 11],
			"faces": {
				"north": {"uv": [4.032, 10.032, 5.968, 10.5], "rotation": 180, "texture": "#all", "cullface": "up"},
				"east": {"uv": [4.032, 10.032, 4.532, 10.968], "rotation": 90, "texture": "#all", "cullface": "up"},
				"south": {"uv": [4.032, 10.032, 5.968, 10.5], "texture": "#all", "cullface": "up"},
				"west": {"uv": [4.032, 10.032, 4.532, 10.968], "rotation": 270, "texture": "#all", "cullface": "up"},
				"up": {"uv": [4, 10, 6, 11], "texture": "#all", "cullface": "up"}
			}
		},
		{
			"from": [13, 16, 13],
			"to": [15, 16.5, 14],
			"faces": {
				"north": {"uv": [13.032, 13.032, 14.968, 13.5], "rotation": 180, "texture": "#all", "cullface": "up"},
				"east": {"uv": [13.032, 13.032, 13.532, 13.968], "rotation": 90, "texture": "#all", "cullface": "up"},
				"south": {"uv": [13.032, 13.032, 14.968, 13.5], "texture": "#all", "cullface": "up"},
				"west": {"uv": [13.032, 13.032, 13.532, 13.968], "rotation": 270, "texture": "#all", "cullface": "up"},
				"up": {"uv": [13, 13, 15, 14], "texture": "#all", "cullface": "up"}
			}
		},
		{
			"from": [10, 16, 8],
			"to": [13, 16.5, 9],
			"faces": {
				"north": {"uv": [10.032, 8.032, 12.968, 8.5], "rotation": 180, "texture": "#all", "cullface": "up"},
				"east": {"uv": [10.032, 8.032, 10.532, 8.968], "rotation": 90, "texture": "#all", "cullface": "up"},
				"south": {"uv": [10.032, 8.032, 12.968, 8.5], "texture": "#all", "cullface": "up"},
				"west": {"uv": [10.032, 8.032, 10.532, 8.968], "rotation": 270, "texture": "#all", "cullface": "up"},
				"up": {"uv": [10, 8, 13, 9], "texture": "#all", "cullface": "up"}
			}
		},
		{
			"from": [2, 16, 1],
			"to": [5, 16.5, 2],
			"faces": {
				"north": {"uv": [2.032, 1.032, 4.968, 1.5], "rotation": 180, "texture": "#all", "cullface": "up"},
				"east": {"uv": [2.032, 1.032, 2.532, 1.968], "rotation": 90, "texture": "#all", "cullface": "up"},
				"south": {"uv": [2.032, 1.032, 4.968, 1.5], "texture": "#all", "cullface": "up"},
				"west": {"uv": [2.032, 1.032, 2.532, 1.968], "rotation": 270, "texture": "#all", "cullface": "up"},
				"up": {"uv": [2, 1, 5, 2], "texture": "#all", "cullface": "up"}
			}
		},
		{
			"from": [12, 16, 4],
			"to": [13, 16.5, 7],
			"faces": {
				"north": {"uv": [12.032, 4.032, 12.968, 4.5], "rotation": 180, "texture": "#all", "cullface": "up"},
				"east": {"uv": [12.032, 4.032, 12.532, 6.968], "rotation": 90, "texture": "#all", "cullface": "up"},
				"south": {"uv": [12.032, 4.032, 12.968, 4.5], "texture": "#all", "cullface": "up"},
				"west": {"uv": [12.032, 4.032, 12.532, 6.968], "rotation": 270, "texture": "#all", "cullface": "up"},
				"up": {"uv": [12, 4, 13, 7], "texture": "#all", "cullface": "up"}
			}
		},
		{
			"from": [15, 16, 9],
			"to": [16, 16.5, 12],
			"faces": {
				"north": {"uv": [15.032, 9.032, 15.968, 9.5], "rotation": 180, "texture": "#all", "cullface": "up"},
				"east": {"uv": [15.032, 9.032, 15.532, 11.968], "rotation": 90, "texture": "#all", "cullface": "up"},
				"south": {"uv": [15.032, 9.032, 15.968, 9.5], "texture": "#all", "cullface": "up"},
				"west": {"uv": [15.032, 9.032, 15.532, 11.968], "rotation": 270, "texture": "#all", "cullface": "up"},
				"up": {"uv": [15, 9, 16, 12], "texture": "#all", "cullface": "up"}
			}
		},
		{
			"from": [7, 16, 13],
			"to": [8, 16.5, 15],
			"faces": {
				"north": {"uv": [7.032, 13.032, 7.968, 13.5], "rotation": 180, "texture": "#all", "cullface": "up"},
				"east": {"uv": [7.032, 13.032, 7.532, 14.968], "rotation": 90, "texture": "#all", "cullface": "up"},
				"south": {"uv": [7.032, 13.032, 7.968, 13.5], "texture": "#all", "cullface": "up"},
				"west": {"uv": [7.032, 13.032, 7.532, 14.968], "rotation": 270, "texture": "#all", "cullface": "up"},
				"up": {"uv": [7, 13, 8, 15], "texture": "#all", "cullface": "up"}
			}
		},
		{
			"from": [6, 16, 11],
			"to": [7, 16.5, 13],
			"faces": {
				"north": {"uv": [6.032, 11.032, 6.968, 11.5], "rotation": 180, "texture": "#all", "cullface": "up"},
				"east": {"uv": [6.032, 11.032, 6.532, 12.968], "rotation": 90, "texture": "#all", "cullface": "up"},
				"south": {"uv": [6.032, 11.032, 6.968, 11.5], "texture": "#all", "cullface": "up"},
				"west": {"uv": [6.032, 11.032, 6.532, 12.968], "rotation": 270, "texture": "#all", "cullface": "up"},
				"up": {"uv": [6, 11, 7, 13], "texture": "#all", "cullface": "up"}
			}
		},
		{
			"from": [15, 16, 4],
			"to": [16, 16.5, 6],
			"faces": {
				"north": {"uv": [15.032, 4.032, 15.968, 4.5], "rotation": 180, "texture": "#all", "cullface": "up"},
				"east": {"uv": [15.032, 4.032, 15.532, 5.968], "rotation": 90, "texture": "#all", "cullface": "up"},
				"south": {"uv": [15.032, 4.032, 15.968, 4.5], "texture": "#all", "cullface": "up"},
				"west": {"uv": [15.032, 4.032, 15.532, 5.968], "rotation": 270, "texture": "#all", "cullface": "up"},
				"up": {"uv": [15, 4, 16, 6], "texture": "#all", "cullface": "up"}
			}
		},
		{
			"from": [0, -0.5, 12],
			"to": [1, 0, 13],
			"rotation": {"angle": 0, "axis": "z", "origin": [9.65, -0.25, 8.325]},
			"faces": {
				"north": {"uv": [0.032, 3.032, 0.968, 3.5], "rotation": 180, "texture": "#all", "cullface": "down"},
				"east": {"uv": [0.032, 3.032, 0.532, 3.968], "rotation": 270, "texture": "#all", "cullface": "down"},
				"south": {"uv": [0.032, 3.032, 0.968, 3.5], "texture": "#all", "cullface": "down"},
				"west": {"uv": [0.032, 3.032, 0.532, 3.968], "rotation": 270, "texture": "#all", "cullface": "down"},
				"down": {"uv": [0, 3, 1, 4], "texture": "#all", "cullface": "down"}
			}
		},
		{
			"from": [1, -0.5, 13],
			"to": [2, 0, 14],
			"rotation": {"angle": 0, "axis": "z", "origin": [9.65, -0.25, 8.325]},
			"faces": {
				"north": {"uv": [1.032, 2.032, 1.968, 2.5], "rotation": 180, "texture": "#all", "cullface": "down"},
				"east": {"uv": [1.032, 2.032, 1.532, 2.968], "rotation": 270, "texture": "#all", "cullface": "down"},
				"south": {"uv": [1.032, 2.032, 1.968, 2.5], "texture": "#all", "cullface": "down"},
				"west": {"uv": [1.032, 2.032, 1.532, 2.968], "rotation": 270, "texture": "#all", "cullface": "down"},
				"down": {"uv": [1, 2, 2, 3], "texture": "#all", "cullface": "down"}
			}
		},
		{
			"from": [7, -0.5, 9],
			"to": [8, 0, 10],
			"rotation": {"angle": 0, "axis": "z", "origin": [9.65, -0.25, 8.325]},
			"faces": {
				"north": {"uv": [7.032, 6.032, 7.968, 6.5], "rotation": 180, "texture": "#all", "cullface": "down"},
				"east": {"uv": [7.032, 6.032, 7.532, 6.968], "rotation": 270, "texture": "#all", "cullface": "down"},
				"south": {"uv": [7.032, 6.032, 7.968, 6.5], "texture": "#all", "cullface": "down"},
				"west": {"uv": [7.032, 6.032, 7.532, 6.968], "rotation": 270, "texture": "#all", "cullface": "down"},
				"down": {"uv": [7, 6, 8, 7], "texture": "#all", "cullface": "down"}
			}
		},
		{
			"from": [9, -0.5, 6],
			"to": [10, 0, 7],
			"rotation": {"angle": 0, "axis": "z", "origin": [9.65, -0.25, 8.325]},
			"faces": {
				"north": {"uv": [9.032, 9.032, 9.968, 9.5], "rotation": 180, "texture": "#all", "cullface": "down"},
				"east": {"uv": [9.032, 9.032, 9.532, 9.968], "rotation": 270, "texture": "#all", "cullface": "down"},
				"south": {"uv": [9.032, 9.032, 9.968, 9.5], "texture": "#all", "cullface": "down"},
				"west": {"uv": [9.032, 9.032, 9.532, 9.968], "rotation": 270, "texture": "#all", "cullface": "down"},
				"down": {"uv": [9, 9, 10, 10], "texture": "#all", "cullface": "down"}
			}
		},
		{
			"from": [14, -0.5, 3],
			"to": [15, 0, 4],
			"rotation": {"angle": 0, "axis": "z", "origin": [9.65, -0.25, 8.325]},
			"faces": {
				"east": {"uv": [14.032, 12.032, 14.532, 12.968], "rotation": 270, "texture": "#all", "cullface": "down"},
				"south": {"uv": [14.032, 12.032, 14.968, 12.5], "texture": "#all", "cullface": "down"},
				"west": {"uv": [14.032, 12.032, 14.532, 12.968], "rotation": 270, "texture": "#all", "cullface": "down"},
				"down": {"uv": [14, 12, 15, 13], "texture": "#all", "cullface": "down"}
			}
		},
		{
			"from": [12, -0.5, 0],
			"to": [13, 0, 1],
			"rotation": {"angle": 0, "axis": "z", "origin": [9.65, -0.25, 8.325]},
			"faces": {
				"north": {"uv": [12.032, 15.032, 12.968, 15.5], "rotation": 180, "texture": "#all", "cullface": "down"},
				"east": {"uv": [12.032, 15.032, 12.532, 15.968], "rotation": 270, "texture": "#all", "cullface": "down"},
				"south": {"uv": [12.032, 15.032, 12.968, 15.5], "texture": "#all", "cullface": "down"},
				"west": {"uv": [12.032, 15.032, 12.532, 15.968], "rotation": 270, "texture": "#all", "cullface": "down"},
				"down": {"uv": [12, 15, 13, 16], "texture": "#all", "cullface": "down"}
			}
		},
		{
			"from": [14, -0.5, 14],
			"to": [15, 0, 15],
			"rotation": {"angle": 0, "axis": "z", "origin": [9.65, -0.25, 8.325]},
			"faces": {
				"north": {"uv": [14.032, 1.032, 14.968, 1.5], "rotation": 180, "texture": "#all", "cullface": "down"},
				"east": {"uv": [14.032, 1.032, 14.532, 1.968], "rotation": 270, "texture": "#all", "cullface": "down"},
				"west": {"uv": [14.032, 1.032, 14.532, 1.968], "rotation": 270, "texture": "#all", "cullface": "down"},
				"down": {"uv": [14, 1, 15, 2], "texture": "#all", "cullface": "down"}
			}
		},
		{
			"from": [13, -0.5, 15],
			"to": [15, 0, 16],
			"rotation": {"angle": 0, "axis": "z", "origin": [9.65, -0.25, 8.325]},
			"faces": {
				"north": {"uv": [13.032, 0.032, 14.968, 0.5], "rotation": 180, "texture": "#all", "cullface": "down"},
				"east": {"uv": [13.032, 0.032, 13.532, 0.968], "rotation": 270, "texture": "#all", "cullface": "down"},
				"south": {"uv": [13.032, 0.032, 14.968, 0.5], "texture": "#all", "cullface": "down"},
				"west": {"uv": [13.032, 0.032, 13.532, 0.968], "rotation": 270, "texture": "#all", "cullface": "down"},
				"down": {"uv": [13, 0, 15, 1], "texture": "#all", "cullface": "down"}
			}
		},
		{
			"from": [10, -0.5, 12],
			"to": [12, 0, 13],
			"rotation": {"angle": 0, "axis": "z", "origin": [9.65, -0.25, 8.325]},
			"faces": {
				"north": {"uv": [10.032, 3.032, 11.968, 3.5], "rotation": 180, "texture": "#all", "cullface": "down"},
				"east": {"uv": [10.032, 3.032, 10.532, 3.968], "rotation": 270, "texture": "#all", "cullface": "down"},
				"south": {"uv": [10.032, 3.032, 11.968, 3.5], "texture": "#all", "cullface": "down"},
				"west": {"uv": [10.032, 3.032, 10.532, 3.968], "rotation": 270, "texture": "#all", "cullface": "down"},
				"down": {"uv": [10, 3, 12, 4], "texture": "#all", "cullface": "down"}
			}
		},
		{
			"from": [9, -0.5, 13],
			"to": [11, 0, 14],
			"rotation": {"angle": 0, "axis": "z", "origin": [9.65, -0.25, 8.325]},
			"faces": {
				"north": {"uv": [9.032, 2.032, 10.968, 2.5], "rotation": 180, "texture": "#all", "cullface": "down"},
				"east": {"uv": [9.032, 2.032, 9.532, 2.968], "rotation": 270, "texture": "#all", "cullface": "down"},
				"south": {"uv": [9.032, 2.032, 10.968, 2.5], "texture": "#all", "cullface": "down"},
				"west": {"uv": [9.032, 2.032, 9.532, 2.968], "rotation": 270, "texture": "#all", "cullface": "down"},
				"down": {"uv": [9, 2, 11, 3], "texture": "#all", "cullface": "down"}
			}
		},
		{
			"from": [5, -0.5, 8],
			"to": [7, 0, 9],
			"rotation": {"angle": 0, "axis": "z", "origin": [9.65, -0.25, 8.325]},
			"faces": {
				"north": {"uv": [5.032, 7.032, 6.968, 7.5], "rotation": 180, "texture": "#all", "cullface": "down"},
				"east": {"uv": [5.032, 7.032, 5.532, 7.968], "rotation": 270, "texture": "#all", "cullface": "down"},
				"south": {"uv": [5.032, 7.032, 6.968, 7.5], "texture": "#all", "cullface": "down"},
				"west": {"uv": [5.032, 7.032, 5.532, 7.968], "rotation": 270, "texture": "#all", "cullface": "down"},
				"down": {"uv": [5, 7, 7, 8], "texture": "#all", "cullface": "down"}
			}
		},
		{
			"from": [4, -0.5, 5],
			"to": [6, 0, 6],
			"rotation": {"angle": 0, "axis": "z", "origin": [9.65, -0.25, 8.325]},
			"faces": {
				"north": {"uv": [4.032, 10.032, 5.968, 10.5], "rotation": 180, "texture": "#all", "cullface": "down"},
				"east": {"uv": [4.032, 10.032, 4.532, 10.968], "rotation": 270, "texture": "#all", "cullface": "down"},
				"south": {"uv": [4.032, 10.032, 5.968, 10.5], "texture": "#all", "cullface": "down"},
				"west": {"uv": [4.032, 10.032, 4.532, 10.968], "rotation": 270, "texture": "#all", "cullface": "down"},
				"down": {"uv": [4, 10, 6, 11], "texture": "#all", "cullface": "down"}
			}
		},
		{
			"from": [13, -0.5, 2],
			"to": [15, 0, 3],
			"rotation": {"angle": 0, "axis": "z", "origin": [9.65, -0.25, 8.325]},
			"faces": {
				"north": {"uv": [13.032, 13.032, 14.968, 13.5], "rotation": 180, "texture": "#all", "cullface": "down"},
				"east": {"uv": [13.032, 13.032, 13.532, 13.968], "rotation": 270, "texture": "#all", "cullface": "down"},
				"south": {"uv": [13.032, 13.032, 14.968, 13.5], "texture": "#all", "cullface": "down"},
				"west": {"uv": [13.032, 13.032, 13.532, 13.968], "rotation": 270, "texture": "#all", "cullface": "down"},
				"down": {"uv": [13, 13, 15, 14], "texture": "#all", "cullface": "down"}
			}
		},
		{
			"from": [10, -0.5, 7],
			"to": [13, 0, 8],
			"rotation": {"angle": 0, "axis": "z", "origin": [9.65, -0.25, 8.325]},
			"faces": {
				"north": {"uv": [10.032, 8.032, 12.968, 8.5], "rotation": 180, "texture": "#all", "cullface": "down"},
				"east": {"uv": [10.032, 8.032, 10.532, 8.968], "rotation": 270, "texture": "#all", "cullface": "down"},
				"south": {"uv": [10.032, 8.032, 12.968, 8.5], "texture": "#all", "cullface": "down"},
				"west": {"uv": [10.032, 8.032, 10.532, 8.968], "rotation": 270, "texture": "#all", "cullface": "down"},
				"down": {"uv": [10, 8, 13, 9], "texture": "#all", "cullface": "down"}
			}
		},
		{
			"from": [2, -0.5, 14],
			"to": [5, 0, 15],
			"rotation": {"angle": 0, "axis": "z", "origin": [9.65, -0.25, 8.325]},
			"faces": {
				"north": {"uv": [2.032, 1.032, 4.968, 1.5], "rotation": 180, "texture": "#all", "cullface": "down"},
				"east": {"uv": [2.032, 1.032, 2.532, 1.968], "rotation": 270, "texture": "#all", "cullface": "down"},
				"south": {"uv": [2.032, 1.032, 4.968, 1.5], "texture": "#all", "cullface": "down"},
				"west": {"uv": [2.032, 1.032, 2.532, 1.968], "rotation": 270, "texture": "#all", "cullface": "down"},
				"down": {"uv": [2, 1, 5, 2], "texture": "#all", "cullface": "down"}
			}
		},
		{
			"from": [12, -0.5, 9],
			"to": [13, 0, 12],
			"rotation": {"angle": 0, "axis": "z", "origin": [9.65, -0.25, 8.325]},
			"faces": {
				"north": {"uv": [12.032, 4.032, 12.968, 4.5], "rotation": 180, "texture": "#all", "cullface": "down"},
				"east": {"uv": [12.032, 4.032, 12.532, 6.968], "rotation": 270, "texture": "#all", "cullface": "down"},
				"south": {"uv": [12.032, 4.032, 12.968, 4.5], "texture": "#all", "cullface": "down"},
				"west": {"uv": [12.032, 4.032, 12.532, 6.968], "rotation": 270, "texture": "#all", "cullface": "down"},
				"down": {"uv": [12, 4, 13, 7], "texture": "#all", "cullface": "down"}
			}
		},
		{
			"from": [15, -0.5, 4],
			"to": [16, 0, 7],
			"rotation": {"angle": 0, "axis": "z", "origin": [9.65, -0.25, 8.325]},
			"faces": {
				"north": {"uv": [15.032, 9.032, 15.968, 9.5], "rotation": 180, "texture": "#all", "cullface": "down"},
				"east": {"uv": [15.032, 9.032, 15.532, 11.968], "rotation": 270, "texture": "#all", "cullface": "down"},
				"south": {"uv": [15.032, 9.032, 15.968, 9.5], "texture": "#all", "cullface": "down"},
				"west": {"uv": [15.032, 9.032, 15.532, 11.968], "rotation": 270, "texture": "#all", "cullface": "down"},
				"down": {"uv": [15, 9, 16, 12], "texture": "#all", "cullface": "down"}
			}
		},
		{
			"from": [7, -0.5, 1],
			"to": [8, 0, 3],
			"rotation": {"angle": 0, "axis": "z", "origin": [9.65, -0.25, 8.325]},
			"faces": {
				"north": {"uv": [7.032, 13.032, 7.968, 13.5], "rotation": 180, "texture": "#all", "cullface": "down"},
				"east": {"uv": [7.032, 13.032, 7.532, 14.968], "rotation": 270, "texture": "#all", "cullface": "down"},
				"south": {"uv": [7.032, 13.032, 7.968, 13.5], "texture": "#all", "cullface": "down"},
				"west": {"uv": [7.032, 13.032, 7.532, 14.968], "rotation": 270, "texture": "#all", "cullface": "down"},
				"down": {"uv": [7, 13, 8, 15], "texture": "#all", "cullface": "down"}
			}
		},
		{
			"from": [6, -0.5, 3],
			"to": [7, 0, 5],
			"rotation": {"angle": 0, "axis": "z", "origin": [9.65, -0.25, 8.325]},
			"faces": {
				"north": {"uv": [6.032, 11.032, 6.968, 11.5], "rotation": 180, "texture": "#all", "cullface": "down"},
				"east": {"uv": [6.032, 11.032, 6.532, 12.968], "rotation": 270, "texture": "#all", "cullface": "down"},
				"south": {"uv": [6.032, 11.032, 6.968, 11.5], "texture": "#all", "cullface": "down"},
				"west": {"uv": [6.032, 11.032, 6.532, 12.968], "rotation": 270, "texture": "#all", "cullface": "down"},
				"down": {"uv": [6, 11, 7, 13], "texture": "#all", "cullface": "down"}
			}
		},
		{
			"from": [15, -0.5, 10],
			"to": [16, 0, 12],
			"rotation": {"angle": 0, "axis": "z", "origin": [9.65, -0.25, 8.325]},
			"faces": {
				"north": {"uv": [15.032, 4.032, 15.968, 4.5], "rotation": 180, "texture": "#all", "cullface": "down"},
				"east": {"uv": [15.032, 4.032, 15.532, 5.968], "rotation": 270, "texture": "#all", "cullface": "down"},
				"south": {"uv": [15.032, 4.032, 15.968, 4.5], "texture": "#all", "cullface": "down"},
				"west": {"uv": [15.032, 4.032, 15.532, 5.968], "rotation": 270, "texture": "#all", "cullface": "down"},
				"down": {"uv": [15, 4, 16, 6], "texture": "#all", "cullface": "down"}
			}
		}
	],
	"display": {
		"thirdperson_righthand": {
			"rotation": [75, 45, 0],
			"translation": [0, 2.5, 0],
			"scale": [0.375, 0.375, 0.375]
		},
		"thirdperson_lefthand": {
			"rotation": [75, 45, 0],
			"translation": [0, 2.5, 0],
			"scale": [0.375, 0.375, 0.375]
		},
		"firstperson_righthand": {
			"rotation": [0, 45, 0],
			"scale": [0.4, 0.4, 0.4]
		},
		"firstperson_lefthand": {
			"rotation": [0, 225, 0],
			"scale": [0.4, 0.4, 0.4]
		},
		"ground": {
			"translation": [0, 3, 0],
			"scale": [0.25, 0.25, 0.25]
		},
		"gui": {
			"rotation": [30, 225, 0],
			"scale": [0.625, 0.625, 0.625]
		},
		"fixed": {
			"scale": [0.5, 0.5, 0.5]
		}
	},
	"groups": [
		0,
		{
			"name": "N",
			"origin": [8, 8, 8],
			"color": 0,
			"children": [1, 2, 3, 4, 5, 6, 7, 8, 9, 10, 11, 12, 13, 14, 15, 16, 17, 18, 19, 20]
		},
		{
			"name": "S",
			"origin": [8, 8, 8],
			"color": 0,
			"children": [21, 22, 23, 24, 25, 26, 27, 28, 29, 30, 31, 32, 33, 34, 35, 36, 37, 38, 39, 40]
		},
		{
			"name": "L",
			"origin": [8, 8, 8],
			"color": 0,
			"children": [41, 42, 43, 44, 45, 46, 47, 48, 49, 50, 51, 52, 53, 54, 55, 56, 57, 58, 59, 60]
		},
		{
			"name": "O",
			"origin": [8, 8, 8],
			"color": 0,
			"children": [61, 62, 63, 64, 65, 66, 67, 68, 69, 70, 71, 72, 73, 74, 75, 76, 77, 78, 79, 80]
		},
		{
			"name": "Cima",
			"origin": [8, 8, 8],
			"color": 0,
			"children": [81, 82, 83, 84, 85, 86, 87, 88, 89, 90, 91, 92, 93, 94, 95, 96, 97, 98, 99, 100]
		},
		{
			"name": "Baixo",
			"origin": [8, 8, 8],
			"color": 0,
			"children": [101, 102, 103, 104, 105, 106, 107, 108, 109, 110, 111, 112, 113, 114, 115, 116, 117, 118, 119, 120]
		}
	]
}