{
	"credit": "Made with Blockbench",
	"textures": {
		"0": "block/pumpkin_side",
		"2": "block/pumpkin_top",
		"3": "block/jack_o_lantern",
		"4": "block/torch",
		"particle": "block/pumpkin_side"
	},
	"elements": [
		{
			"from": [1, 2, 0],
			"to": [4, 3, 2],
			"rotation": {"angle": 0, "axis": "y", "origin": [9, 10, 7]},
			"faces": {
				"north": {"uv": [12, 13, 15, 14], "texture": "#3", "cullface": "north"},
				"east": {"uv": [0, 13, 2, 14], "texture": "#3", "cullface": "north"},
				"up": {"uv": [0, 14, 1, 15], "texture": "#3", "cullface": "north"}
			}
		},
		{
			"from": [3, 3, 0],
			"to": [4, 4, 2],
			"rotation": {"angle": 0, "axis": "y", "origin": [9, 10, 7]},
			"faces": {
				"north": {"uv": [12, 12, 13, 13], "texture": "#3", "cullface": "north"},
				"east": {"uv": [0, 12, 2, 13], "texture": "#3", "cullface": "north"},
				"west": {"uv": [0, 12, 2, 13], "texture": "#3", "cullface": "north"},
				"up": {"uv": [0, 14, 1, 15], "texture": "#3", "cullface": "north"}
			}
		},
		{
			"from": [5, 2, 0],
			"to": [9, 3, 2],
			"rotation": {"angle": 0, "axis": "y", "origin": [14, 10, 7]},
			"faces": {
				"north": {"uv": [7, 13, 11, 14], "texture": "#3", "cullface": "north"},
				"east": {"uv": [0, 13, 2, 14], "texture": "#3", "cullface": "north"},
				"west": {"uv": [0, 13, 2, 14], "texture": "#3", "cullface": "north"},
				"up": {"uv": [0, 14, 1, 15], "texture": "#3", "cullface": "north"}
			}
		},
		{
			"from": [7, 3, 0],
			"to": [8, 4, 2],
			"rotation": {"angle": 0, "axis": "y", "origin": [13, 10, 7]},
			"faces": {
				"north": {"uv": [8, 12, 9, 13], "texture": "#3", "cullface": "north"},
				"east": {"uv": [0, 12, 2, 13], "texture": "#3", "cullface": "north"},
				"west": {"uv": [0, 12, 2, 13], "texture": "#3", "cullface": "north"},
				"up": {"uv": [0, 14, 1, 15], "texture": "#3", "cullface": "north"}
			}
		},
		{
			"from": [10, 2, 0],
			"to": [12, 3, 2],
			"rotation": {"angle": 0, "axis": "y", "origin": [17, 10, 7]},
			"faces": {
				"north": {"uv": [4, 13, 6, 14], "texture": "#3", "cullface": "north"},
				"east": {"uv": [0, 13, 2, 14], "texture": "#3", "cullface": "north"},
				"west": {"uv": [0, 13, 2, 14], "texture": "#3", "cullface": "north"},
				"up": {"uv": [0, 14, 1, 15], "texture": "#3", "cullface": "north"}
			}
		},
		{
			"from": [10, 3, 0],
			"to": [11, 4, 2],
			"rotation": {"angle": 0, "axis": "y", "origin": [16, 10, 7]},
			"faces": {
				"north": {"uv": [5, 12, 6, 13], "texture": "#3", "cullface": "north"},
				"east": {"uv": [0, 12, 2, 13], "texture": "#3", "cullface": "north"},
				"west": {"uv": [0, 12, 2, 13], "texture": "#3", "cullface": "north"},
				"up": {"uv": [0, 14, 1, 15], "texture": "#3", "cullface": "north"}
			}
		},
		{
			"from": [13, 2, 0],
			"to": [14, 4, 2],
			"rotation": {"angle": 0, "axis": "y", "origin": [19, 10, 7]},
			"faces": {
				"north": {"uv": [2, 12, 3, 14], "texture": "#3", "cullface": "north"},
				"west": {"uv": [0, 12, 2, 14], "texture": "#3", "cullface": "north"},
				"up": {"uv": [0, 14, 1, 15], "texture": "#3", "cullface": "north"}
			}
		},
		{
			"from": [13, 6, 0],
			"to": [14, 14, 2],
			"rotation": {"angle": 0, "axis": "y", "origin": [21, 14, 8]},
			"faces": {
				"north": {"uv": [2, 2, 3, 10], "texture": "#3", "cullface": "north"},
				"west": {"uv": [0, 2, 2, 10], "texture": "#3", "cullface": "north"},
				"down": {"uv": [0, 14, 1, 15], "texture": "#3", "cullface": "north"}
			}
		},
		{
			"from": [12, 8, 0],
			"to": [13, 9, 2],
			"rotation": {"angle": 0, "axis": "y", "origin": [20, 17, 8]},
			"faces": {
				"north": {"uv": [3, 7, 4, 8], "texture": "#3", "cullface": "north"},
				"west": {"uv": [0, 7, 2, 8], "texture": "#3", "cullface": "north"},
				"up": {"uv": [0, 14, 1, 15], "texture": "#3", "cullface": "north"}
			}
		},
		{
			"from": [12, 12, 0],
			"to": [13, 14, 2],
			"rotation": {"angle": 0, "axis": "y", "origin": [20, 21, 8]},
			"faces": {
				"north": {"uv": [3, 2, 4, 4], "texture": "#3", "cullface": "north"},
				"west": {"uv": [0, 2, 2, 4], "texture": "#3", "cullface": "north"},
				"down": {"uv": [0, 14, 1, 15], "texture": "#3", "cullface": "north"}
			}
		},
		{
			"from": [9, 13, 0],
			"to": [10, 14, 2],
			"rotation": {"angle": 0, "axis": "y", "origin": [17, 22, 8]},
			"faces": {
				"north": {"uv": [6, 2, 7, 3], "texture": "#3", "cullface": "north"},
				"east": {"uv": [0, 2, 2, 3], "texture": "#3", "cullface": "north"},
				"down": {"uv": [0, 14, 1, 15], "texture": "#3", "cullface": "north"}
			}
		},
		{
			"from": [6, 13, 0],
			"to": [7, 14, 2],
			"rotation": {"angle": 0, "axis": "y", "origin": [14, 22, 8]},
			"faces": {
				"north": {"uv": [9, 2, 10, 3], "texture": "#3", "cullface": "north"},
				"west": {"uv": [0, 2, 2, 3], "texture": "#3", "cullface": "north"},
				"down": {"uv": [0, 14, 1, 15], "texture": "#3", "cullface": "north"}
			}
		},
		{
			"from": [7, 9, 0],
			"to": [9, 14, 2],
			"rotation": {"angle": 0, "axis": "y", "origin": [15, 17, 8]},
			"faces": {
				"north": {"uv": [7, 2, 9, 7], "texture": "#3", "cullface": "north"},
				"east": {"uv": [0, 2, 2, 7], "texture": "#3", "cullface": "north"},
				"west": {"uv": [0, 2, 2, 7], "texture": "#3", "cullface": "north"}
			}
		},
		{
			"from": [2, 10, 0],
			"to": [3, 14, 2],
			"rotation": {"angle": 0, "axis": "y", "origin": [10, 18, 8]},
			"faces": {
				"north": {"uv": [13, 2, 14, 6], "texture": "#3", "cullface": "north"},
				"east": {"uv": [0, 2, 2, 6], "texture": "#3", "cullface": "north"},
				"down": {"uv": [0, 14, 1, 15], "texture": "#3", "cullface": "north"}
			}
		},
		{
			"from": [1, 5, 0],
			"to": [2, 14, 2],
			"rotation": {"angle": 0, "axis": "y", "origin": [9, 13, 8]},
			"faces": {
				"north": {"uv": [14, 2, 15, 11], "texture": "#3", "cullface": "north"},
				"east": {"uv": [0, 2, 2, 11], "texture": "#3", "cullface": "north"},
				"down": {"uv": [0, 14, 1, 15], "texture": "#3", "cullface": "north"}
			}
		},
		{
			"from": [3, 12, 0],
			"to": [4, 14, 2],
			"rotation": {"angle": 0, "axis": "y", "origin": [11, 21, 8]},
			"faces": {
				"north": {"uv": [12, 2, 13, 4], "texture": "#3", "cullface": "north"},
				"east": {"uv": [0, 2, 2, 4], "texture": "#3", "cullface": "north"},
				"down": {"uv": [0, 14, 1, 16], "texture": "#3", "cullface": "north"}
			}
		},
		{
			"from": [4, 13, 0],
			"to": [5, 14, 2],
			"rotation": {"angle": 0, "axis": "y", "origin": [12, 22, 8]},
			"faces": {
				"north": {"uv": [11, 2, 12, 3], "texture": "#3", "cullface": "north"},
				"east": {"uv": [0, 2, 2, 3], "texture": "#3", "cullface": "north"},
				"down": {"uv": [0, 14, 1, 15], "texture": "#3", "cullface": "north"}
			}
		},
		{
			"from": [2, 7, 0],
			"to": [13, 8, 2],
			"rotation": {"angle": 0, "axis": "y", "origin": [10, 15, 8]},
			"faces": {
				"north": {"uv": [3, 8, 14, 9], "texture": "#3", "cullface": "north"},
				"up": {"uv": [0, 14, 1, 15], "texture": "#3", "cullface": "north"},
				"down": {"uv": [0, 14, 1, 15], "texture": "#3", "cullface": "north"}
			}
		},
		{
			"from": [6, 8, 0],
			"to": [10, 9, 2],
			"rotation": {"angle": 0, "axis": "y", "origin": [14, 16, 8]},
			"faces": {
				"north": {"uv": [6, 7, 10, 8], "texture": "#3", "cullface": "north"},
				"east": {"uv": [0, 7, 2, 8], "texture": "#3", "cullface": "north"},
				"west": {"uv": [0, 7, 2, 8], "texture": "#3", "cullface": "north"},
				"up": {"uv": [0, 14, 1, 15], "texture": "#3", "cullface": "north"}
			}
		},
		{
			"from": [5, 6, 0],
			"to": [7, 7, 2],
			"rotation": {"angle": 0, "axis": "y", "origin": [14, 15, 8]},
			"faces": {
				"north": {"uv": [9, 9, 11, 10], "texture": "#3", "cullface": "north"},
				"east": {"uv": [0, 9, 2, 10], "texture": "#3", "cullface": "north"},
				"west": {"uv": [0, 9, 2, 10], "texture": "#3", "cullface": "north"},
				"down": {"uv": [0, 14, 1, 15], "texture": "#3", "cullface": "north"}
			}
		},
		{
			"from": [3, 6, 0],
			"to": [4, 7, 2],
			"rotation": {"angle": 0, "axis": "y", "origin": [11, 15, 8]},
			"faces": {
				"north": {"uv": [12, 9, 13, 10], "texture": "#3", "cullface": "north"},
				"east": {"uv": [0, 9, 2, 10], "texture": "#3", "cullface": "north"},
				"west": {"uv": [0, 9, 2, 10], "texture": "#3", "cullface": "north"},
				"down": {"uv": [0, 14, 1, 15], "texture": "#3", "cullface": "north"}
			}
		},
		{
			"from": [8, 6, 0],
			"to": [10, 7, 2],
			"rotation": {"angle": 0, "axis": "y", "origin": [17, 15, 8]},
			"faces": {
				"north": {"uv": [6, 9, 8, 10], "texture": "#3", "cullface": "north"},
				"east": {"uv": [0, 9, 2, 10], "texture": "#3", "cullface": "north"},
				"west": {"uv": [0, 9, 2, 10], "texture": "#3", "cullface": "north"},
				"down": {"uv": [0, 14, 1, 15], "texture": "#3", "cullface": "north"}
			}
		},
		{
			"from": [11, 6, 0],
			"to": [12, 7, 2],
			"rotation": {"angle": 0, "axis": "y", "origin": [19, 15, 8]},
			"faces": {
				"north": {"uv": [4, 9, 5, 10], "texture": "#3", "cullface": "north"},
				"east": {"uv": [0, 9, 2, 10], "texture": "#3", "cullface": "north"},
				"west": {"uv": [0, 9, 2, 10], "texture": "#3", "cullface": "north"},
				"down": {"uv": [0, 14, 1, 15], "texture": "#3", "cullface": "north"}
			}
		},
		{
			"from": [0, 0, 15],
			"to": [16, 16, 16],
			"rotation": {"angle": 0, "axis": "y", "origin": [8, 8, 23]},
			"faces": {
				"north": {"uv": [7, 11, 8, 12], "texture": "#3", "cullface": "north"},
				"east": {"uv": [0, 0, 1, 16], "texture": "#0", "cullface": "east"},
				"south": {"uv": [0, 0, 16, 16], "texture": "#0", "cullface": "south"},
				"west": {"uv": [15, 0, 16, 16], "texture": "#0", "cullface": "west"},
				"up": {"uv": [0, 15, 16, 16], "texture": "#2", "cullface": "up"},
				"down": {"uv": [0, 0, 16, 1], "texture": "#0", "cullface": "down"}
			}
		},
		{
			"from": [0, 0, 0],
			"to": [16, 2, 15],
			"faces": {
				"north": {"uv": [0, 0, 16, 2], "texture": "#3", "cullface": "north"},
				"east": {"uv": [1, 14, 16, 16], "texture": "#0", "cullface": "east"},
				"west": {"uv": [0, 14, 15, 16], "texture": "#0", "cullface": "west"},
				"up": {"uv": [7, 11, 8, 12], "texture": "#3", "cullface": "north"},
				"down": {"uv": [0, 1, 16, 16], "texture": "#0", "cullface": "down"}
			}
		},
		{
			"from": [0, 2, 0],
			"to": [1, 16, 15],
			"rotation": {"angle": 0, "axis": "y", "origin": [8, 10, 8]},
			"faces": {
				"north": {"uv": [0, 0, 1, 14], "texture": "#3", "cullface": "north"},
				"east": {"uv": [7, 11, 8, 12], "texture": "#3", "cullface": "north"},
				"west": {"uv": [0, 0, 15, 14], "texture": "#0", "cullface": "west"},
				"up": {"uv": [0, 0, 1, 15], "texture": "#2", "cullface": "up"}
			}
		},
		{
			"from": [14, 2, 0],
			"to": [16, 16, 15],
			"rotation": {"angle": 0, "axis": "y", "origin": [22, 10, 8]},
			"faces": {
				"north": {"uv": [0, 0, 2, 14], "texture": "#3", "cullface": "north"},
				"east": {"uv": [1, 0, 16, 14], "texture": "#0", "cullface": "east"},
				"west": {"uv": [7, 11, 8, 12], "texture": "#3", "cullface": "north"},
				"up": {"uv": [14, 0, 16, 15], "texture": "#2", "cullface": "up"}
			}
		},
		{
			"from": [1, 14, 0],
			"to": [14, 16, 15],
			"rotation": {"angle": 0, "axis": "y", "origin": [9, 23, 8]},
			"faces": {
				"north": {"uv": [0, 0, 13, 2], "texture": "#3", "cullface": "north"},
				"up": {"uv": [1, 0, 14, 15], "texture": "#2", "cullface": "up"},
				"down": {"uv": [7, 11, 8, 12], "texture": "#3", "cullface": "north"}
			}
		},
		{
			"from": [5, 16, 5],
			"to": [8, 16.5, 8],
			"rotation": {"angle": 0, "axis": "y", "origin": [13, 24, 15]},
			"faces": {
				"north": {"uv": [5, 5, 8, 5.5], "rotation": 180, "texture": "#2", "cullface": "up"},
				"east": {"uv": [9, 8, 10, 8.5], "texture": "#2", "cullface": "up"},
				"south": {"uv": [9, 8, 10, 8.5], "texture": "#2", "cullface": "up"},
				"west": {"uv": [5, 5, 8, 5.5], "texture": "#2", "cullface": "up"},
				"up": {"uv": [5, 5, 8, 8], "texture": "#2", "cullface": "up"}
			}
		},
		{
			"from": [8, 16, 7],
			"to": [10, 16.5, 9],
			"rotation": {"angle": 0, "axis": "y", "origin": [15, 24, 17]},
			"faces": {
				"north": {"uv": [9, 7, 10, 7.5], "texture": "#2", "cullface": "up"},
				"east": {"uv": [9, 7, 9.5, 9], "rotation": 90, "texture": "#2", "cullface": "up"},
				"south": {"uv": [9, 8, 10, 8.5], "texture": "#2", "cullface": "up"},
				"up": {"uv": [8, 7, 10, 9], "texture": "#2", "cullface": "up"}
			}
		},
		{
			"from": [7, 16, 8],
			"to": [8, 16.5, 10],
			"rotation": {"angle": 0, "axis": "y", "origin": [14, 24, 18]},
			"faces": {
				"south": {"uv": [9, 8, 10, 8.5], "texture": "#2", "cullface": "up"},
				"west": {"uv": [9, 8, 10, 8.5], "texture": "#2", "cullface": "up"},
				"up": {"uv": [7, 8, 8, 10], "texture": "#2", "cullface": "up"}
			}
		},
		{
			"from": [8, 16, 6],
			"to": [9, 16.5, 7],
			"rotation": {"angle": 0, "axis": "y", "origin": [15, 24, 16]},
			"faces": {
				"north": {"uv": [9, 8, 10, 8.5], "texture": "#2", "cullface": "up"},
				"east": {"uv": [9, 8, 10, 8.5], "texture": "#2", "cullface": "up"},
				"up": {"uv": [8, 6, 9, 7], "texture": "#2", "cullface": "up"}
			}
		},
		{
			"from": [8, 16, 9],
			"to": [9, 16.5, 10],
			"rotation": {"angle": 0, "axis": "y", "origin": [15, 24, 19]},
			"faces": {
				"east": {"uv": [9, 8, 10, 8.5], "texture": "#2", "cullface": "up"},
				"south": {"uv": [9, 8, 10, 8.5], "texture": "#2", "cullface": "up"},
				"up": {"uv": [8, 9, 9, 10], "texture": "#2", "cullface": "up"}
			}
		},
		{
			"from": [6, 16, 8],
			"to": [7, 16.5, 9],
			"rotation": {"angle": 0, "axis": "y", "origin": [13, 24, 18]},
			"faces": {
				"south": {"uv": [9, 8, 10, 8.5], "texture": "#2", "cullface": "up"},
				"west": {"uv": [9, 8, 10, 8.5], "texture": "#2", "cullface": "up"},
				"up": {"uv": [6, 8, 7, 9], "texture": "#2", "cullface": "up"}
			}
		},
		{
			"from": [7, 2, 7],
			"to": [9, 8, 9],
			"rotation": {"angle": 0, "axis": "y", "origin": [16, 10, 15]},
			"faces": {
				"north": {"uv": [7, 6, 9, 12], "texture": "#4", "cullface": "north"},
				"east": {"uv": [7, 6, 9, 12], "texture": "#4", "cullface": "north"},
				"south": {"uv": [7, 6, 9, 12], "texture": "#4", "cullface": "north"},
				"west": {"uv": [7, 6, 9, 12], "texture": "#4", "cullface": "north"},
				"up": {"uv": [7, 6, 9, 8], "rotation": 180, "texture": "#4", "cullface": "north"}
			}
		}
	],
	"display": {
		"thirdperson_righthand": {
			"rotation": [75, 45, 0],
			"translation": [0, 2.5, 0],
			"scale": [0.375, 0.375, 0.375]
		},
		"thirdperson_lefthand": {
			"rotation": [75, 45, 0],
			"translation": [0, 2.5, 0],
			"scale": [0.375, 0.375, 0.375]
		},
		"firstperson_righthand": {
			"rotation": [0, 45, 0],
			"scale": [0.4, 0.4, 0.4]
		},
		"firstperson_lefthand": {
			"rotation": [0, 225, 0],
			"scale": [0.4, 0.4, 0.4]
		},
		"ground": {
			"translation": [0, 3, 0],
			"scale": [0.25, 0.25, 0.25]
		},
		"gui": {
			"rotation": [30, 225, 0],
			"scale": [0.625, 0.625, 0.625]
		},
		"fixed": {
			"scale": [0.5, 0.5, 0.5]
		}
	},
	"groups": [
		{
			"name": "rosto",
			"origin": [19, 15, 8],
			"color": 0,
			"children": [0, 1, 2, 3, 4, 5, 6, 7, 8, 9, 10, 11, 12, 13, 14, 15, 16, 17, 18, 19, 20, 21, 22]
		},
		{
			"name": "abobora",
			"origin": [11, 21, 8],
			"color": 0,
			"children": [23, 24, 25, 26, 27]
		},
		{
			"name": "folha",
			"origin": [13, 24, 18],
			"color": 0,
			"children": [28, 29, 30, 31, 32, 33]
		},
		34
	]
}