{
	"credit": "Made with Blockbench",
	"ambientocclusion": false,
	"textures": {
		"1": "block/powered_rail",
		"particle": "block/powered_rail"
	},
	"elements": [
		{
			"from": [2, 8.74799, -2.47412],
			"to": [4, 10.74799, 20.12588],
			"rotation": {"angle": -45, "axis": "x", "origin": [8.53846, 9.50745, 8.80601]},
			"faces": {
				"north": {"uv": [2, 0, 4, 2], "texture": "#1"},
				"east": {"uv": [2, 0, 4, 16], "rotation": 90, "texture": "#1"},
				"south": {"uv": [2, 14, 4, 16], "texture": "#1"},
				"west": {"uv": [2, 0, 4, 16], "rotation": 90, "texture": "#1"},
				"up": {"uv": [2, 0, 4, 16], "texture": "#1"},
				"down": {"uv": [2, 0, 4, 16], "texture": "#1"}
			}
		},
		{
			"from": [12, 8.74799, -2.57412],
			"to": [14, 10.74799, 20.12588],
			"rotation": {"angle": -45, "axis": "x", "origin": [8.53846, 9.50745, 8.80601]},
			"faces": {
				"north": {"uv": [12, 0, 14, 2], "texture": "#1"},
				"east": {"uv": [12, 0, 14, 16], "rotation": 90, "texture": "#1"},
				"south": {"uv": [12, 0, 14, 2], "texture": "#1"},
				"west": {"uv": [12, 0, 14, 16], "rotation": 90, "texture": "#1"},
				"up": {"uv": [12, 0, 14, 16], "texture": "#1"},
				"down": {"uv": [12, 0, 14, 16], "texture": "#1"}
			}
		},
		{
			"from": [1, 8.76567, -1.04327],
			"to": [15, 9.76567, 1.75673],
			"rotation": {"angle": -45, "axis": "x", "origin": [8.53846, 9.50745, 8.80601]},
			"faces": {
				"north": {"uv": [1, 1, 15, 2], "texture": "#1"},
				"east": {"uv": [14, 5, 15, 6.8], "rotation": 90, "texture": "#1"},
				"south": {"uv": [1, 2, 15, 3], "texture": "#1"},
				"west": {"uv": [14, 5, 15, 6.8], "rotation": 90, "texture": "#1"},
				"up": {"uv": [1, 1, 15, 2.8], "texture": "#1"},
				"down": {"uv": [1, 1, 15, 2.8], "texture": "#1"}
			}
		},
		{
			"from": [1, 8.76567, 4.61359],
			"to": [15, 9.76567, 7.41359],
			"rotation": {"angle": -45, "axis": "x", "origin": [8.53846, 9.50745, 8.80601]},
			"faces": {
				"north": {"uv": [1, 13, 15, 14], "texture": "#1"},
				"east": {"uv": [14, 5, 15, 6.8], "rotation": 90, "texture": "#1"},
				"south": {"uv": [1, 14, 15, 15], "texture": "#1"},
				"west": {"uv": [1, 5, 2, 6.8], "rotation": 90, "texture": "#1"},
				"up": {"uv": [1, 1, 15, 2.8], "texture": "#1"},
				"down": {"uv": [1, 13, 15, 14.8], "texture": "#1"}
			}
		},
		{
			"from": [1, 8.76567, 10.27044],
			"to": [15, 9.76567, 13.07044],
			"rotation": {"angle": -45, "axis": "x", "origin": [8.53846, 9.50745, 8.80601]},
			"faces": {
				"north": {"uv": [1, 13, 15, 14], "texture": "#1"},
				"east": {"uv": [14, 9, 15, 10.8], "rotation": 90, "texture": "#1"},
				"south": {"uv": [1, 14, 15, 15], "texture": "#1"},
				"west": {"uv": [1, 5, 2, 6.8], "rotation": 90, "texture": "#1"},
				"up": {"uv": [1, 13, 15, 14.8], "texture": "#1"},
				"down": {"uv": [1, 13, 15, 14.8], "texture": "#1"}
			}
		},
		{
			"from": [1, 8.76567, 15.92729],
			"to": [15, 9.76567, 18.72729],
			"rotation": {"angle": -45, "axis": "x", "origin": [8.53846, 9.50745, 8.80601]},
			"faces": {
				"north": {"uv": [1, 13, 15, 14], "texture": "#1"},
				"east": {"uv": [14, 9, 15, 10.8], "rotation": 90, "texture": "#1"},
				"south": {"uv": [1, 14, 15, 15], "texture": "#1"},
				"west": {"uv": [1, 5, 2, 6.8], "rotation": 90, "texture": "#1"},
				"up": {"uv": [1, 13, 15, 14.8], "texture": "#1"},
				"down": {"uv": [1, 13, 15, 14.8], "texture": "#1"}
			}
		},
		{
			"from": [11, 9.47278, 15.92019],
			"to": [12, 9.97278, 18.72019],
			"rotation": {"angle": -45, "axis": "x", "origin": [8.53846, 9.50745, 8.80601]},
			"faces": {
				"north": {"uv": [11, 13, 12, 13.5], "texture": "#1"},
				"east": {"uv": [11, 13, 12, 14.8], "rotation": 90, "texture": "#1"},
				"south": {"uv": [11, 13, 12, 13.5], "texture": "#1"},
				"west": {"uv": [11, 13, 12, 14.8], "rotation": 90, "texture": "#1"},
				"up": {"uv": [11, 13, 12, 14.8], "texture": "#1"},
				"down": {"uv": [11, 13, 12, 14.8], "texture": "#1"}
			}
		},
		{
			"from": [4, 9.47278, 15.92019],
			"to": [5, 9.97278, 18.72019],
			"rotation": {"angle": -45, "axis": "x", "origin": [8.53846, 9.50745, 8.80601]},
			"faces": {
				"north": {"uv": [11, 13, 12, 13.5], "texture": "#1"},
				"east": {"uv": [11, 13, 12, 14.8], "rotation": 90, "texture": "#1"},
				"south": {"uv": [11, 13, 12, 13.5], "texture": "#1"},
				"west": {"uv": [11, 13, 12, 14.8], "rotation": 90, "texture": "#1"},
				"up": {"uv": [11, 13, 12, 14.8], "texture": "#1"},
				"down": {"uv": [11, 13, 12, 14.8], "texture": "#1"}
			}
		},
		{
			"from": [11, 9.47278, 10.26333],
			"to": [12, 9.97278, 13.06333],
			"rotation": {"angle": -45, "axis": "x", "origin": [8.53846, 9.50745, 8.80601]},
			"faces": {
				"north": {"uv": [11, 13, 12, 13.5], "texture": "#1"},
				"east": {"uv": [11, 13, 12, 14.8], "rotation": 90, "texture": "#1"},
				"south": {"uv": [11, 13, 12, 13.5], "texture": "#1"},
				"west": {"uv": [11, 13, 12, 14.8], "rotation": 90, "texture": "#1"},
				"up": {"uv": [11, 13, 12, 14.8], "texture": "#1"},
				"down": {"uv": [11, 13, 12, 14.8], "texture": "#1"}
			}
		},
		{
			"from": [11, 9.47278, 4.60648],
			"to": [12, 9.97278, 7.40648],
			"rotation": {"angle": -45, "axis": "x", "origin": [8.53846, 9.50745, 8.80601]},
			"faces": {
				"north": {"uv": [11, 13, 12, 13.5], "texture": "#1"},
				"east": {"uv": [11, 13, 12, 14.8], "rotation": 90, "texture": "#1"},
				"south": {"uv": [11, 13, 12, 13.5], "texture": "#1"},
				"west": {"uv": [11, 13, 12, 14.8], "rotation": 90, "texture": "#1"},
				"up": {"uv": [11, 13, 12, 14.8], "texture": "#1"},
				"down": {"uv": [11, 13, 12, 14.8], "texture": "#1"}
			}
		},
		{
			"from": [4, 9.47278, -1.05037],
			"to": [5, 9.97278, 1.74963],
			"rotation": {"angle": -45, "axis": "x", "origin": [8.53846, 9.50745, 8.80601]},
			"faces": {
				"north": {"uv": [11, 13, 12, 13.5], "texture": "#1"},
				"east": {"uv": [11, 13, 12, 14.8], "rotation": 90, "texture": "#1"},
				"south": {"uv": [11, 13, 12, 13.5], "texture": "#1"},
				"west": {"uv": [11, 13, 12, 14.8], "rotation": 90, "texture": "#1"},
				"up": {"uv": [11, 13, 12, 14.8], "texture": "#1"},
				"down": {"uv": [11, 13, 12, 14.8], "texture": "#1"}
			}
		},
		{
			"from": [11, 9.47278, -1.05037],
			"to": [12, 9.97278, 1.74963],
			"rotation": {"angle": -45, "axis": "x", "origin": [8.53846, 9.50745, 8.80601]},
			"faces": {
				"north": {"uv": [11, 13, 12, 13.5], "texture": "#1"},
				"east": {"uv": [11, 13, 12, 14.8], "rotation": 90, "texture": "#1"},
				"south": {"uv": [11, 13, 12, 13.5], "texture": "#1"},
				"west": {"uv": [11, 13, 12, 14.8], "rotation": 90, "texture": "#1"},
				"up": {"uv": [11, 13, 12, 14.8], "texture": "#1"},
				"down": {"uv": [11, 13, 12, 14.8], "texture": "#1"}
			}
		},
		{
			"from": [7, 8.35146, 1.09887],
			"to": [9, 9.05146, 15.89887],
			"rotation": {"angle": -45, "axis": "x", "origin": [8.53846, 9.50745, 8.80601]},
			"faces": {
				"north": {"uv": [7, 3, 9, 3.7], "texture": "#1"},
				"east": {"uv": [7, 3, 8, 4.8], "rotation": 90, "texture": "#1"},
				"south": {"uv": [7, 3, 9, 3.7], "texture": "#1"},
				"west": {"uv": [7, 3, 8, 4.8], "rotation": 90, "texture": "#1"},
				"up": {"uv": [7, 3, 9, 4.8], "texture": "#1"},
				"down": {"uv": [7, 3, 9, 12.8], "texture": "#1"}
			}
		}
	]
}