{
	"credit": "Made with Blockbench",
	"parent": "block/cube",
	"textures": {
		"4": "item/cooked_porkchop",
		"top": "block/smoker_top",
		"bottom": "block/smoker_bottom",
		"side": "block/smoker_side",
		"particle": "block/smoker_front_on",
		"front": "block/smoker_front_on"
	},
	"elements": [
		{
			"from": [0, 0, 0],
			"to": [16, 16, 1],
			"faces": {
				"north": {"uv": [0, 0, 16, 16], "texture": "#front", "cullface": "north"},
				"south": {"uv": [9, 9, 10, 10], "texture": "#top", "cullface": "up"},
				"up": {"uv": [0, 3, 16, 4], "texture": "#front", "cullface": "up"},
				"down": {"uv": [0, 15, 16, 16], "texture": "#bottom", "cullface": "down"}
			}
		},
		{
			"from": [0, 0, 1],
			"to": [1, 16, 16],
			"rotation": {"angle": 0, "axis": "y", "origin": [8, 8, 9]},
			"faces": {
				"east": {"uv": [9, 9, 10, 10], "texture": "#top", "cullface": "up"},
				"west": {"uv": [1, 0, 16, 16], "texture": "#side", "cullface": "west"},
				"up": {"uv": [0, 1, 1, 16], "texture": "#top", "cullface": "up"},
				"down": {"uv": [0, 0, 1, 15], "texture": "#bottom", "cullface": "down"}
			}
		},
		{
			"from": [15, 0, 1],
			"to": [16, 16, 16],
			"rotation": {"angle": 0, "axis": "y", "origin": [23, 8, 9]},
			"faces": {
				"east": {"uv": [0, 0, 15, 16], "texture": "#side", "cullface": "east"},
				"west": {"uv": [9, 9, 10, 10], "texture": "#top", "cullface": "up"},
				"up": {"uv": [15, 1, 16, 16], "texture": "#top", "cullface": "up"},
				"down": {"uv": [15, 0, 16, 15], "texture": "#bottom", "cullface": "down"}
			}
		},
		{
			"from": [1, 0, 15],
			"to": [15, 16, 16],
			"rotation": {"angle": 0, "axis": "y", "origin": [9, 8, 23]},
			"faces": {
				"north": {"uv": [9, 9, 10, 10], "texture": "#top", "cullface": "up"},
				"south": {"uv": [1, 0, 15, 16], "texture": "#side", "cullface": "south"},
				"up": {"uv": [1, 15, 15, 16], "texture": "#top", "cullface": "up"},
				"down": {"uv": [1, 0, 15, 1], "texture": "#bottom", "cullface": "down"}
			}
		},
		{
			"from": [1, 0, 1],
			"to": [15, 1, 15],
			"rotation": {"angle": 0, "axis": "y", "origin": [9, 8, 22]},
			"faces": {
				"up": {"uv": [9, 9, 10, 10], "texture": "#top", "cullface": "up"},
				"down": {"uv": [1, 1, 15, 15], "texture": "#bottom", "cullface": "down"}
			}
		},
		{
			"from": [1, 15, 1],
			"to": [4, 16, 15],
			"rotation": {"angle": 0, "axis": "y", "origin": [9, 23, 9]},
			"faces": {
				"east": {"uv": [1, 0, 15, 1], "texture": "#side", "cullface": "up"},
				"up": {"uv": [1, 1, 4, 15], "texture": "#top", "cullface": "up"},
				"down": {"uv": [9, 9, 10, 10], "texture": "#top", "cullface": "up"}
			}
		},
		{
			"from": [12, 15, 1],
			"to": [15, 16, 15],
			"rotation": {"angle": 0, "axis": "y", "origin": [20, 23, 9]},
			"faces": {
				"west": {"uv": [1, 0, 15, 1], "texture": "#side", "cullface": "up"},
				"up": {"uv": [12, 1, 15, 15], "texture": "#top", "cullface": "up"},
				"down": {"uv": [9, 9, 10, 10], "texture": "#top", "cullface": "up"}
			}
		},
		{
			"from": [4, 15, 1],
			"to": [12, 16, 4],
			"rotation": {"angle": 0, "axis": "y", "origin": [17, 23, 9]},
			"faces": {
				"south": {"uv": [4, 0, 12, 1], "texture": "#side", "cullface": "up"},
				"up": {"uv": [4, 1, 12, 4], "texture": "#top", "cullface": "up"},
				"down": {"uv": [9, 9, 10, 10], "texture": "#top", "cullface": "up"}
			}
		},
		{
			"from": [4, 15, 12],
			"to": [12, 16, 15],
			"rotation": {"angle": 0, "axis": "y", "origin": [17, 23, 20]},
			"faces": {
				"north": {"uv": [4, 0, 12, 1], "texture": "#front", "cullface": "up"},
				"up": {"uv": [4, 12, 12, 15], "texture": "#top", "cullface": "up"},
				"down": {"uv": [9, 9, 10, 10], "texture": "#top", "cullface": "up"}
			}
		},
		{
			"from": [-0.5, -0.1, -0.5],
			"to": [2, 16.1, 2],
			"faces": {
				"north": {"uv": [14, 0, 16, 16], "texture": "#front"},
				"east": {"uv": [14, 0, 16, 16], "texture": "#side"},
				"south": {"uv": [0, 0, 2, 16], "texture": "#side"},
				"west": {"uv": [0, 0, 2, 16], "texture": "#side"},
				"up": {"uv": [0, 0, 2, 2], "texture": "#bottom"},
				"down": {"uv": [0, 14, 2, 16], "texture": "#side"}
			}
		},
		{
			"from": [14, -0.1, -0.5],
			"to": [16.5, 16.1, 2],
			"rotation": {"angle": 0, "axis": "y", "origin": [22.5, 8, 8]},
			"faces": {
				"north": {"uv": [0, 0, 2, 16], "texture": "#front"},
				"east": {"uv": [14, 0, 16, 16], "texture": "#side"},
				"south": {"uv": [0, 0, 2, 16], "texture": "#side"},
				"west": {"uv": [0, 0, 2, 16], "texture": "#side"},
				"up": {"uv": [14, 0, 16, 2], "texture": "#bottom"},
				"down": {"uv": [14, 14, 16, 16], "texture": "#side"}
			}
		},
		{
			"from": [14, -0.1, 14],
			"to": [16.5, 16.1, 16.5],
			"rotation": {"angle": 0, "axis": "y", "origin": [22.5, 8, 22.5]},
			"faces": {
				"north": {"uv": [14, 0, 16, 16], "texture": "#side"},
				"east": {"uv": [0, 0, 2, 16], "texture": "#side"},
				"south": {"uv": [14, 0, 16, 16], "texture": "#side"},
				"west": {"uv": [0, 0, 2, 16], "texture": "#side"},
				"up": {"uv": [14, 14, 16, 16], "texture": "#bottom"},
				"down": {"uv": [14, 0, 16, 2], "texture": "#side"}
			}
		},
		{
			"from": [-0.5, -0.1, 14],
			"to": [2, 16.1, 16.5],
			"rotation": {"angle": 0, "axis": "y", "origin": [8, 8, 22.5]},
			"faces": {
				"north": {"uv": [14, 0, 16, 16], "texture": "#side"},
				"east": {"uv": [14, 0, 16, 16], "texture": "#side"},
				"south": {"uv": [0, 0, 2, 16], "texture": "#side"},
				"west": {"uv": [14, 0, 16, 16], "texture": "#side"},
				"up": {"uv": [0, 14, 2, 16], "texture": "#bottom"},
				"down": {"uv": [0, 0, 2, 2], "texture": "#side"}
			}
		},
		{
			"from": [2, 13, -0.5],
			"to": [14, 15, 0],
			"rotation": {"angle": 0, "axis": "y", "origin": [10, 17, 7]},
			"faces": {
				"north": {"uv": [2, 1, 14, 3], "texture": "#front", "cullface": "north"},
				"up": {"uv": [2, 1, 14, 1.5], "texture": "#front", "cullface": "north"},
				"down": {"uv": [2, 1, 14, 1.5], "texture": "#front", "cullface": "north"}
			}
		},
		{
			"from": [16, 4, 2],
			"to": [16.5, 7, 14],
			"rotation": {"angle": 0, "axis": "y", "origin": [24, 12, 10]},
			"faces": {
				"east": {"uv": [2, 9, 14, 12], "texture": "#side", "cullface": "east"},
				"up": {"uv": [2, 9, 14, 9.5], "rotation": 90, "texture": "#side", "cullface": "east"},
				"down": {"uv": [2, 9, 14, 9.5], "rotation": 90, "texture": "#side", "cullface": "east"}
			}
		},
		{
			"from": [16, 13, 2],
			"to": [16.5, 15, 14],
			"rotation": {"angle": 0, "axis": "y", "origin": [24, 20, 10]},
			"faces": {
				"east": {"uv": [2, 1, 14, 3], "texture": "#side", "cullface": "east"},
				"up": {"uv": [2, 1, 14, 1.5], "rotation": 90, "texture": "#side", "cullface": "east"},
				"down": {"uv": [2, 1, 14, 1.5], "rotation": 90, "texture": "#side", "cullface": "east"}
			}
		},
		{
			"from": [-0.5, 4, 2],
			"to": [0, 7, 14],
			"rotation": {"angle": 0, "axis": "y", "origin": [7, 12, 10]},
			"faces": {
				"west": {"uv": [2, 9, 14, 12], "texture": "#side", "cullface": "west"},
				"up": {"uv": [2, 9, 14, 9.5], "rotation": 90, "texture": "#side", "cullface": "west"},
				"down": {"uv": [2, 9, 14, 9.5], "rotation": 90, "texture": "#side", "cullface": "west"}
			}
		},
		{
			"from": [-0.5, 13, 2],
			"to": [0, 15, 14],
			"rotation": {"angle": 0, "axis": "y", "origin": [7, 20, 10]},
			"faces": {
				"west": {"uv": [2, 1, 14, 3], "texture": "#side", "cullface": "west"},
				"up": {"uv": [2, 1, 14, 1.5], "rotation": 90, "texture": "#side", "cullface": "west"},
				"down": {"uv": [2, 1, 14, 1.5], "rotation": 90, "texture": "#side", "cullface": "west"}
			}
		},
		{
			"from": [2, 4, 16],
			"to": [14, 7, 16.5],
			"rotation": {"angle": 0, "axis": "y", "origin": [10, 12, 24]},
			"faces": {
				"south": {"uv": [2, 9, 14, 12], "texture": "#side", "cullface": "south"},
				"up": {"uv": [2, 9, 14, 9.5], "texture": "#side", "cullface": "south"},
				"down": {"uv": [2, 9, 14, 9.5], "texture": "#side", "cullface": "south"}
			}
		},
		{
			"from": [2, 13, 16],
			"to": [14, 15, 16.5],
			"rotation": {"angle": 0, "axis": "y", "origin": [10, 20, 24]},
			"faces": {
				"south": {"uv": [2, 1, 14, 3], "texture": "#side", "cullface": "south"},
				"up": {"uv": [2, 1, 14, 1.5], "texture": "#side", "cullface": "south"},
				"down": {"uv": [2, 1, 14, 1.5], "texture": "#side", "cullface": "south"}
			}
		},
		{
			"from": [8, 1, 3],
			"to": [12, 2, 12],
			"rotation": {"angle": 0, "axis": "y", "origin": [19, 9, 11]},
			"faces": {
				"north": {"uv": [9, 3, 13, 4], "texture": "#4", "cullface": "up"},
				"east": {"uv": [9, 3, 10, 12], "rotation": 90, "texture": "#4", "cullface": "up"},
				"south": {"uv": [9, 3, 13, 4], "texture": "#4", "cullface": "up"},
				"west": {"uv": [9, 3, 10, 12], "rotation": 90, "texture": "#4", "cullface": "up"},
				"up": {"uv": [9, 3, 13, 12], "texture": "#4", "cullface": "up"}
			}
		},
		{
			"from": [8, 1, 12],
			"to": [11, 2, 13],
			"rotation": {"angle": 0, "axis": "y", "origin": [19, 9, 12]},
			"faces": {
				"east": {"uv": [9, 12, 10, 13], "rotation": 90, "texture": "#4", "cullface": "up"},
				"south": {"uv": [9, 12, 12, 13], "texture": "#4", "cullface": "up"}
			}
		},
		{
			"from": [8, 1, 13],
			"to": [9, 2, 14],
			"rotation": {"angle": 0, "axis": "y", "origin": [19, 9, 13]},
			"faces": {
				"east": {"uv": [9, 13, 10, 14], "rotation": 90, "texture": "#4", "cullface": "up"},
				"south": {"uv": [9, 13, 10, 14], "texture": "#4", "cullface": "up"}
			}
		},
		{
			"from": [4, 1, 7],
			"to": [8, 2, 15],
			"rotation": {"angle": 0, "axis": "y", "origin": [18, 9, 14]},
			"faces": {
				"north": {"uv": [5, 7, 9, 8], "texture": "#4", "cullface": "up"},
				"east": {"uv": [5, 7, 6, 15], "rotation": 90, "texture": "#4", "cullface": "up"},
				"west": {"uv": [5, 7, 6, 15], "rotation": 90, "texture": "#4", "cullface": "up"},
				"up": {"uv": [5, 7, 9, 15], "texture": "#4", "cullface": "up"}
			}
		},
		{
			"from": [5, 1, 6],
			"to": [8, 2, 7],
			"rotation": {"angle": 0, "axis": "y", "origin": [18, 9, 6]},
			"faces": {
				"north": {"uv": [6, 6, 9, 7], "texture": "#4", "cullface": "up"},
				"west": {"uv": [6, 6, 7, 7], "rotation": 90, "texture": "#4", "cullface": "up"}
			}
		},
		{
			"from": [6, 1, 5],
			"to": [8, 2, 6],
			"rotation": {"angle": 0, "axis": "y", "origin": [18, 9, 5]},
			"faces": {
				"north": {"uv": [7, 5, 9, 6], "texture": "#4", "cullface": "up"},
				"west": {"uv": [7, 5, 8, 6], "rotation": 90, "texture": "#4", "cullface": "up"}
			}
		},
		{
			"from": [7, 1, 4],
			"to": [8, 2, 5],
			"rotation": {"angle": 0, "axis": "y", "origin": [18, 9, 4]},
			"faces": {
				"north": {"uv": [8, 4, 9, 5], "texture": "#4", "cullface": "up"},
				"west": {"uv": [8, 4, 9, 5], "rotation": 90, "texture": "#4", "cullface": "up"}
			}
		},
		{
			"from": [2, 1, 9],
			"to": [4, 2, 14],
			"rotation": {"angle": 0, "axis": "y", "origin": [14, 9, 9]},
			"faces": {
				"north": {"uv": [3, 9, 5, 10], "texture": "#4", "cullface": "up"},
				"south": {"uv": [3, 9, 5, 10], "texture": "#4", "cullface": "up"},
				"west": {"uv": [3, 9, 4, 14], "rotation": 90, "texture": "#4", "cullface": "up"},
				"up": {"uv": [3, 9, 5, 14], "texture": "#4", "cullface": "up"}
			}
		},
		{
			"from": [1, 1, 10],
			"to": [2, 2, 12],
			"rotation": {"angle": 0, "axis": "y", "origin": [13, 9, 9]},
			"faces": {
				"north": {"uv": [2, 10, 3, 11], "texture": "#4", "cullface": "up"},
				"south": {"uv": [2, 10, 3, 11], "texture": "#4", "cullface": "up"},
				"up": {"uv": [2, 10, 3, 12], "texture": "#4", "cullface": "up"}
			}
		},
		{
			"from": [3, 1, 8],
			"to": [4, 2, 9],
			"rotation": {"angle": 0, "axis": "y", "origin": [15, 9, 7]},
			"faces": {
				"north": {"uv": [4, 8, 5, 9], "texture": "#4", "cullface": "up"},
				"west": {"uv": [4, 8, 5, 9], "rotation": 90, "texture": "#4", "cullface": "up"}
			}
		},
		{
			"from": [12, 1, 4],
			"to": [13, 2, 11],
			"rotation": {"angle": 0, "axis": "y", "origin": [20, 9, 11]},
			"faces": {
				"north": {"uv": [13, 4, 14, 5], "texture": "#4", "cullface": "up"},
				"east": {"uv": [13, 4, 14, 11], "rotation": 90, "texture": "#4", "cullface": "up"},
				"south": {"uv": [13, 4, 14, 5], "texture": "#4", "cullface": "up"},
				"up": {"uv": [13, 4, 14, 11], "texture": "#4", "cullface": "up"}
			}
		},
		{
			"from": [13, 1, 5],
			"to": [14, 2, 9],
			"rotation": {"angle": 0, "axis": "y", "origin": [21, 9, 11]},
			"faces": {
				"north": {"uv": [14, 5, 15, 6], "texture": "#4", "cullface": "up"},
				"east": {"uv": [14, 5, 15, 9], "rotation": 90, "texture": "#4", "cullface": "up"},
				"south": {"uv": [14, 5, 15, 6], "texture": "#4", "cullface": "up"},
				"up": {"uv": [14, 5, 15, 9], "texture": "#4", "cullface": "up"}
			}
		},
		{
			"from": [4.29167, 2, 8.45833],
			"to": [13.29167, 3, 12.45833],
			"rotation": {"angle": 0, "axis": "z", "origin": [7.41667, 2.5, 7.875]},
			"faces": {
				"north": {"uv": [9, 3, 10, 12], "rotation": 90, "texture": "#4", "cullface": "up"},
				"east": {"uv": [9, 3, 13, 4], "texture": "#4", "cullface": "up"},
				"south": {"uv": [9, 3, 10, 12], "rotation": 90, "texture": "#4", "cullface": "up"},
				"west": {"uv": [9, 3, 13, 4], "texture": "#4", "cullface": "up"},
				"up": {"uv": [9, 3, 13, 12], "rotation": 90, "texture": "#4", "cullface": "up"}
			}
		},
		{
			"from": [3.29167, 2, 8.45833],
			"to": [4.29167, 3, 11.45833],
			"rotation": {"angle": 0, "axis": "z", "origin": [7.41667, 2.5, 7.875]},
			"faces": {
				"south": {"uv": [9, 12, 10, 13], "rotation": 90, "texture": "#4", "cullface": "up"},
				"west": {"uv": [9, 12, 12, 13], "texture": "#4", "cullface": "up"},
				"up": {"uv": [9, 12, 12, 13], "rotation": 90, "texture": "#4", "cullface": "up"}
			}
		},
		{
			"from": [2.29167, 2, 8.45833],
			"to": [3.29167, 3, 9.45833],
			"rotation": {"angle": 0, "axis": "z", "origin": [7.41667, 2.5, 7.875]},
			"faces": {
				"south": {"uv": [9, 13, 10, 14], "rotation": 90, "texture": "#4", "cullface": "up"},
				"west": {"uv": [9, 13, 10, 14], "texture": "#4", "cullface": "up"},
				"up": {"uv": [9, 13, 10, 14], "rotation": 90, "texture": "#4", "cullface": "up"}
			}
		},
		{
			"from": [1.29167, 2, 4.45833],
			"to": [9.29167, 3, 8.45833],
			"rotation": {"angle": 0, "axis": "z", "origin": [7.41667, 2.5, 7.875]},
			"faces": {
				"north": {"uv": [5, 7, 6, 15], "rotation": 90, "texture": "#4", "cullface": "up"},
				"east": {"uv": [5, 7, 9, 8], "texture": "#4", "cullface": "up"},
				"south": {"uv": [5, 7, 6, 15], "rotation": 90, "texture": "#4", "cullface": "up"},
				"west": {"uv": [5, 7, 9, 8], "texture": "#4", "cullface": "up"},
				"up": {"uv": [5, 7, 9, 15], "rotation": 90, "texture": "#4", "cullface": "up"}
			}
		},
		{
			"from": [9.29167, 2, 5.45833],
			"to": [10.29167, 3, 8.45833],
			"rotation": {"angle": 0, "axis": "z", "origin": [7.41667, 2.5, 7.875]},
			"faces": {
				"north": {"uv": [6, 6, 7, 7], "rotation": 90, "texture": "#4", "cullface": "up"},
				"east": {"uv": [6, 6, 9, 7], "texture": "#4", "cullface": "up"},
				"up": {"uv": [6, 6, 9, 7], "rotation": 90, "texture": "#4", "cullface": "up"}
			}
		},
		{
			"from": [10.29167, 2, 6.45833],
			"to": [11.29167, 3, 8.45833],
			"rotation": {"angle": 0, "axis": "z", "origin": [7.41667, 2.5, 7.875]},
			"faces": {
				"north": {"uv": [7, 5, 8, 6], "rotation": 90, "texture": "#4", "cullface": "up"},
				"east": {"uv": [7, 5, 9, 6], "texture": "#4", "cullface": "up"},
				"up": {"uv": [7, 5, 9, 6], "rotation": 90, "texture": "#4", "cullface": "up"}
			}
		},
		{
			"from": [11.29167, 2, 7.45833],
			"to": [12.29167, 3, 8.45833],
			"rotation": {"angle": 0, "axis": "z", "origin": [7.41667, 2.5, 7.875]},
			"faces": {
				"north": {"uv": [8, 4, 9, 5], "rotation": 90, "texture": "#4", "cullface": "up"},
				"east": {"uv": [8, 4, 9, 5], "texture": "#4", "cullface": "up"},
				"up": {"uv": [8, 4, 9, 5], "rotation": 90, "texture": "#4", "cullface": "up"}
			}
		},
		{
			"from": [2.29167, 2, 2.45833],
			"to": [7.29167, 3, 4.45833],
			"rotation": {"angle": 0, "axis": "z", "origin": [7.41667, 2.5, 7.875]},
			"faces": {
				"north": {"uv": [3, 9, 4, 14], "rotation": 90, "texture": "#4", "cullface": "up"},
				"east": {"uv": [3, 9, 5, 10], "texture": "#4", "cullface": "up"},
				"west": {"uv": [3, 9, 5, 10], "texture": "#4", "cullface": "up"},
				"up": {"uv": [3, 9, 5, 14], "rotation": 90, "texture": "#4", "cullface": "up"}
			}
		},
		{
			"from": [4.29167, 2, 1.45833],
			"to": [6.29167, 3, 2.45833],
			"rotation": {"angle": 0, "axis": "z", "origin": [7.41667, 2.5, 7.875]},
			"faces": {
				"north": {"uv": [2, 10, 3, 12], "rotation": 90, "texture": "#4", "cullface": "up"},
				"east": {"uv": [2, 10, 3, 11], "texture": "#4", "cullface": "up"},
				"west": {"uv": [2, 10, 3, 11], "texture": "#4", "cullface": "up"},
				"up": {"uv": [2, 10, 3, 12], "rotation": 90, "texture": "#4", "cullface": "up"}
			}
		},
		{
			"from": [7.29167, 2, 3.45833],
			"to": [8.29167, 3, 4.45833],
			"rotation": {"angle": 0, "axis": "z", "origin": [7.41667, 2.5, 7.875]},
			"faces": {
				"north": {"uv": [4, 8, 5, 9], "rotation": 90, "texture": "#4", "cullface": "up"},
				"east": {"uv": [4, 8, 5, 9], "texture": "#4", "cullface": "up"},
				"up": {"uv": [4, 8, 5, 9], "rotation": 90, "texture": "#4", "cullface": "up"}
			}
		},
		{
			"from": [5.29167, 2, 12.45833],
			"to": [12.29167, 3, 13.45833],
			"rotation": {"angle": 0, "axis": "z", "origin": [7.41667, 2.5, 7.875]},
			"faces": {
				"east": {"uv": [13, 4, 14, 5], "texture": "#4", "cullface": "up"},
				"south": {"uv": [13, 4, 14, 11], "rotation": 90, "texture": "#4", "cullface": "up"},
				"west": {"uv": [13, 4, 14, 5], "texture": "#4", "cullface": "up"},
				"up": {"uv": [13, 4, 14, 11], "rotation": 90, "texture": "#4", "cullface": "up"}
			}
		},
		{
			"from": [7.29167, 2, 13.45833],
			"to": [11.29167, 3, 14.45833],
			"rotation": {"angle": 0, "axis": "z", "origin": [7.41667, 2.5, 7.875]},
			"faces": {
				"east": {"uv": [14, 5, 15, 6], "texture": "#4", "cullface": "up"},
				"south": {"uv": [14, 5, 15, 9], "rotation": 90, "texture": "#4", "cullface": "up"},
				"west": {"uv": [14, 5, 15, 6], "texture": "#4", "cullface": "up"},
				"up": {"uv": [14, 5, 15, 9], "rotation": 90, "texture": "#4", "cullface": "up"}
			}
		}
	],
	"display": {
		"thirdperson_righthand": {
			"rotation": [75, 45, 0],
			"translation": [0, 2.5, 0],
			"scale": [0.375, 0.375, 0.375]
		},
		"thirdperson_lefthand": {
			"rotation": [75, 45, 0],
			"translation": [0, 2.5, 0],
			"scale": [0.375, 0.375, 0.375]
		},
		"firstperson_righthand": {
			"rotation": [0, 45, 0],
			"scale": [0.4, 0.4, 0.4]
		},
		"firstperson_lefthand": {
			"rotation": [0, 225, 0],
			"scale": [0.4, 0.4, 0.4]
		},
		"ground": {
			"translation": [0, 3, 0],
			"scale": [0.25, 0.25, 0.25]
		},
		"gui": {
			"rotation": [30, 225, 0],
			"scale": [0.625, 0.625, 0.625]
		},
		"fixed": {
			"scale": [0.5, 0.5, 0.5]
		}
	},
	"groups": [
		{
			"name": "1",
			"origin": [8, 8, 8],
			"color": 0,
			"children": [0, 1, 2, 3, 4, 5, 6, 7, 8]
		},
		{
			"name": "2",
			"origin": [8, 8, 8],
			"color": 0,
			"children": [9, 10, 11, 12, 13, 14, 15, 16, 17, 18, 19]
		},
		{
			"name": "3",
			"origin": [8, 8, 8],
			"color": 0,
			"children": [20, 21, 22, 23, 24, 25, 26, 27, 28, 29, 30, 31, 32, 33, 34, 35, 36, 37, 38, 39, 40, 41, 42, 43]
		}
	]
}