{
	"credit": "Made with Blockbench",
	"textures": {
		"top": "block/tnt_top",
		"bottom": "block/tnt_bottom",
		"particle": "block/tnt_side",
		"side": "block/tnt_side"
	},
	"elements": [
		{
			"name": "base",
			"from": [0, 0, 0],
			"to": [16, 16, 16],
			"faces": {
				"north": {"uv": [0, 0, 16, 16], "texture": "#side", "cullface": "north"},
				"east": {"uv": [0, 0, 16, 16], "texture": "#side", "cullface": "east"},
				"south": {"uv": [0, 0, 16, 16], "texture": "#side", "cullface": "south"},
				"west": {"uv": [0, 0, 16, 16], "texture": "#side", "cullface": "west"},
				"up": {"uv": [0, 0, 16, 16], "texture": "#top", "cullface": "up"},
				"down": {"uv": [0, 0, 16, 16], "texture": "#bottom", "cullface": "down"}
			}
		},
		{
			"from": [-0.5, 5, -0.5],
			"to": [16.5, 11, 16.5],
			"rotation": {"angle": 0, "axis": "y", "origin": [8, 13, 8]},
			"faces": {
				"north": {"uv": [0.032, 5.032, 15.968, 10.968], "texture": "#side"},
				"east": {"uv": [0.032, 5.032, 15.968, 10.968], "texture": "#side"},
				"south": {"uv": [0.032, 5.032, 15.968, 10.968], "texture": "#side"},
				"west": {"uv": [0.032, 5.032, 15.968, 10.968], "texture": "#side"},
				"up": {"uv": [0.032, 5.032, 15.968, 5.968], "texture": "#side"},
				"down": {"uv": [0.032, 10.032, 15.968, 10.968], "texture": "#side"}
			}
		},
		{
			"from": [6, 16, 6],
			"to": [9, 16.3, 10],
			"rotation": {"angle": 0, "axis": "y", "origin": [14, 24, 14]},
			"faces": {
				"north": {"uv": [6.1, 6.1, 8.9, 9.9], "texture": "#top", "cullface": "up"},
				"east": {"uv": [6.1, 6.1, 8.9, 9.9], "texture": "#top", "cullface": "up"},
				"south": {"uv": [6.1, 6.1, 8.9, 9.9], "texture": "#top", "cullface": "up"},
				"west": {"uv": [6.1, 6.1, 8.9, 9.9], "texture": "#top", "cullface": "up"},
				"up": {"uv": [6.1, 6.1, 8.9, 9.9], "texture": "#top", "cullface": "up"}
			}
		},
		{
			"from": [7, 16, 10],
			"to": [9, 16.3, 11],
			"rotation": {"angle": 0, "axis": "y", "origin": [14, 24, 15]},
			"faces": {
				"east": {"uv": [7.1, 10.1, 8.9, 10.9], "texture": "#top", "cullface": "up"},
				"south": {"uv": [7.1, 10.1, 8.9, 10.9], "texture": "#top", "cullface": "up"},
				"west": {"uv": [7.1, 10.1, 8.9, 10.9], "texture": "#top", "cullface": "up"},
				"up": {"uv": [7.1, 10.1, 8.9, 10.9], "texture": "#top", "cullface": "up"}
			}
		},
		{
			"from": [9, 16, 8],
			"to": [11, 16.3, 9],
			"rotation": {"angle": 0, "axis": "y", "origin": [16, 24, 13]},
			"faces": {
				"north": {"uv": [9.1, 8.1, 10.9, 8.9], "texture": "#top", "cullface": "up"},
				"east": {"uv": [9.1, 8.1, 10.9, 8.9], "texture": "#top", "cullface": "up"},
				"south": {"uv": [9.1, 8.1, 10.9, 8.9], "texture": "#top", "cullface": "up"},
				"up": {"uv": [9.1, 8.1, 10.9, 8.9], "texture": "#top", "cullface": "up"}
			}
		},
		{
			"from": [8, 16, 12],
			"to": [10, 16.3, 13],
			"rotation": {"angle": 0, "axis": "y", "origin": [15, 24, 17]},
			"faces": {
				"north": {"uv": [8.1, 12.1, 9.9, 12.9], "texture": "#top", "cullface": "up"},
				"east": {"uv": [8.1, 12.1, 9.9, 12.9], "texture": "#top", "cullface": "up"},
				"south": {"uv": [8.1, 12.1, 9.9, 12.9], "texture": "#top", "cullface": "up"},
				"west": {"uv": [8.1, 12.1, 9.9, 12.9], "texture": "#top", "cullface": "up"},
				"up": {"uv": [8.1, 12.1, 9.9, 12.9], "texture": "#top", "cullface": "up"}
			}
		},
		{
			"from": [7, 16, 2],
			"to": [9, 16.3, 3],
			"rotation": {"angle": 0, "axis": "y", "origin": [14, 24, 7]},
			"faces": {
				"north": {"uv": [7.1, 2.1, 8.9, 2.9], "texture": "#top", "cullface": "up"},
				"east": {"uv": [7.1, 2.1, 8.9, 2.9], "texture": "#top", "cullface": "up"},
				"south": {"uv": [7.1, 2.1, 8.9, 2.9], "texture": "#top", "cullface": "up"},
				"west": {"uv": [7.1, 2.1, 8.9, 2.9], "texture": "#top", "cullface": "up"},
				"up": {"uv": [7.1, 2.1, 8.9, 2.9], "texture": "#top", "cullface": "up"}
			}
		},
		{
			"from": [12, 16, 2],
			"to": [14, 16.3, 3],
			"rotation": {"angle": 0, "axis": "y", "origin": [19, 24, 7]},
			"faces": {
				"north": {"uv": [12.1, 2.1, 13.9, 2.9], "texture": "#top", "cullface": "up"},
				"east": {"uv": [12.1, 2.1, 13.9, 2.9], "texture": "#top", "cullface": "up"},
				"south": {"uv": [12.1, 2.1, 13.9, 2.9], "texture": "#top", "cullface": "up"},
				"west": {"uv": [12.1, 2.1, 13.9, 2.9], "texture": "#top", "cullface": "up"},
				"up": {"uv": [12.1, 2.1, 13.9, 2.9], "texture": "#top", "cullface": "up"}
			}
		},
		{
			"from": [10, 16, 3],
			"to": [12, 16.3, 4],
			"rotation": {"angle": 0, "axis": "y", "origin": [17, 24, 8]},
			"faces": {
				"north": {"uv": [10.1, 3.1, 11.9, 3.9], "texture": "#top", "cullface": "up"},
				"east": {"uv": [10.1, 3.1, 11.9, 3.9], "texture": "#top", "cullface": "up"},
				"south": {"uv": [10.1, 3.1, 11.9, 3.9], "texture": "#top", "cullface": "up"},
				"west": {"uv": [10.1, 3.1, 11.9, 3.9], "texture": "#top", "cullface": "up"},
				"up": {"uv": [10.1, 3.1, 11.9, 3.9], "texture": "#top", "cullface": "up"}
			}
		},
		{
			"from": [3, 16, 4],
			"to": [5, 16.3, 5],
			"rotation": {"angle": 0, "axis": "y", "origin": [10, 24, 9]},
			"faces": {
				"north": {"uv": [3.1, 4.1, 4.9, 4.9], "texture": "#top", "cullface": "up"},
				"east": {"uv": [3.1, 4.1, 4.9, 4.9], "texture": "#top", "cullface": "up"},
				"south": {"uv": [3.1, 4.1, 4.9, 4.9], "texture": "#top", "cullface": "up"},
				"west": {"uv": [3.1, 4.1, 4.9, 4.9], "texture": "#top", "cullface": "up"},
				"up": {"uv": [3.1, 4.1, 4.9, 4.9], "texture": "#top", "cullface": "up"}
			}
		},
		{
			"from": [5, 16, 10],
			"to": [6, 16.3, 12],
			"rotation": {"angle": 0, "axis": "y", "origin": [11, 24, 15]},
			"faces": {
				"north": {"uv": [5.1, 10.1, 5.9, 11.9], "texture": "#top", "cullface": "up"},
				"east": {"uv": [5.1, 10.1, 5.9, 11.9], "texture": "#top", "cullface": "up"},
				"south": {"uv": [5.1, 10.1, 5.9, 11.9], "texture": "#top", "cullface": "up"},
				"west": {"uv": [5.1, 10.1, 5.9, 11.9], "texture": "#top", "cullface": "up"},
				"up": {"uv": [5.1, 10.1, 5.9, 11.9], "texture": "#top", "cullface": "up"}
			}
		},
		{
			"from": [12, 16, 8],
			"to": [13, 16.3, 10],
			"rotation": {"angle": 0, "axis": "y", "origin": [18, 24, 13]},
			"faces": {
				"north": {"uv": [12.1, 8.1, 12.9, 9.9], "texture": "#top", "cullface": "up"},
				"east": {"uv": [12.1, 8.1, 12.9, 9.9], "texture": "#top", "cullface": "up"},
				"south": {"uv": [12.1, 8.1, 12.9, 9.9], "texture": "#top", "cullface": "up"},
				"west": {"uv": [12.1, 8.1, 12.9, 9.9], "texture": "#top", "cullface": "up"},
				"up": {"uv": [12.1, 8.1, 12.9, 9.9], "texture": "#top", "cullface": "up"}
			}
		},
		{
			"from": [13, 16, 6],
			"to": [14, 16.3, 8],
			"rotation": {"angle": 0, "axis": "y", "origin": [19, 24, 11]},
			"faces": {
				"north": {"uv": [13.1, 6.1, 13.9, 7.9], "texture": "#top", "cullface": "up"},
				"east": {"uv": [13.1, 6.1, 13.9, 7.9], "texture": "#top", "cullface": "up"},
				"south": {"uv": [13.1, 6.1, 13.9, 7.9], "texture": "#top", "cullface": "up"},
				"west": {"uv": [13.1, 6.1, 13.9, 7.9], "texture": "#top", "cullface": "up"},
				"up": {"uv": [13.1, 6.1, 13.9, 7.9], "texture": "#top", "cullface": "up"}
			}
		},
		{
			"from": [12, 16, 5],
			"to": [13, 16.3, 6],
			"rotation": {"angle": 0, "axis": "y", "origin": [18, 24, 10]},
			"faces": {
				"north": {"uv": [12.1, 5.1, 12.9, 5.9], "texture": "#top", "cullface": "up"},
				"east": {"uv": [12.1, 5.1, 12.9, 5.9], "texture": "#top", "cullface": "up"},
				"south": {"uv": [12.1, 5.1, 12.9, 5.9], "texture": "#top", "cullface": "up"},
				"west": {"uv": [12.1, 5.1, 12.9, 5.9], "texture": "#top", "cullface": "up"},
				"up": {"uv": [12.1, 5.1, 12.9, 5.9], "texture": "#top", "cullface": "up"}
			}
		},
		{
			"from": [11, 16, 4],
			"to": [12, 16.3, 5],
			"rotation": {"angle": 0, "axis": "y", "origin": [17, 24, 9]},
			"faces": {
				"east": {"uv": [11.1, 4.1, 11.9, 4.9], "texture": "#top", "cullface": "up"},
				"south": {"uv": [11.1, 4.1, 11.9, 4.9], "texture": "#top", "cullface": "up"},
				"west": {"uv": [11.1, 4.1, 11.9, 4.9], "texture": "#top", "cullface": "up"},
				"up": {"uv": [11.1, 4.1, 11.9, 4.9], "texture": "#top", "cullface": "up"}
			}
		},
		{
			"from": [9, 16, 6],
			"to": [10, 16.3, 7],
			"rotation": {"angle": 0, "axis": "y", "origin": [15, 24, 11]},
			"faces": {
				"north": {"uv": [9.1, 6.1, 9.9, 6.9], "texture": "#top", "cullface": "up"},
				"east": {"uv": [9.1, 6.1, 9.9, 6.9], "texture": "#top", "cullface": "up"},
				"south": {"uv": [9.1, 6.1, 9.9, 6.9], "texture": "#top", "cullface": "up"},
				"up": {"uv": [9.1, 6.1, 9.9, 6.9], "texture": "#top", "cullface": "up"}
			}
		},
		{
			"from": [6, 16, 5],
			"to": [7, 16.3, 6],
			"rotation": {"angle": 0, "axis": "y", "origin": [12, 24, 10]},
			"faces": {
				"north": {"uv": [6.1, 5.1, 6.9, 5.9], "texture": "#top", "cullface": "up"},
				"east": {"uv": [6.1, 5.1, 6.9, 5.9], "texture": "#top", "cullface": "up"},
				"west": {"uv": [6.1, 5.1, 6.9, 5.9], "texture": "#top", "cullface": "up"},
				"up": {"uv": [6.1, 5.1, 6.9, 5.9], "texture": "#top", "cullface": "up"}
			}
		},
		{
			"from": [5, 16, 3],
			"to": [6, 16.3, 4],
			"rotation": {"angle": 0, "axis": "y", "origin": [11, 24, 8]},
			"faces": {
				"north": {"uv": [5.1, 3.1, 5.9, 3.9], "texture": "#top", "cullface": "up"},
				"east": {"uv": [5.1, 3.1, 5.9, 3.9], "texture": "#top", "cullface": "up"},
				"south": {"uv": [5.1, 3.1, 5.9, 3.9], "texture": "#top", "cullface": "up"},
				"west": {"uv": [5.1, 3.1, 5.9, 3.9], "texture": "#top", "cullface": "up"},
				"up": {"uv": [5.1, 3.1, 5.9, 3.9], "texture": "#top", "cullface": "up"}
			}
		},
		{
			"from": [5, 16, 8],
			"to": [6, 16.3, 9],
			"rotation": {"angle": 0, "axis": "y", "origin": [11, 24, 13]},
			"faces": {
				"north": {"uv": [5.1, 8.1, 5.9, 8.9], "texture": "#top", "cullface": "up"},
				"south": {"uv": [5.1, 8.1, 5.9, 8.9], "texture": "#top", "cullface": "up"},
				"west": {"uv": [5.1, 8.1, 5.9, 8.9], "texture": "#top", "cullface": "up"},
				"up": {"uv": [5.1, 8.1, 5.9, 8.9], "texture": "#top", "cullface": "up"}
			}
		},
		{
			"from": [4, 16, 9],
			"to": [5, 16.3, 10],
			"rotation": {"angle": 0, "axis": "y", "origin": [10, 24, 14]},
			"faces": {
				"north": {"uv": [4.1, 9.1, 4.9, 9.9], "texture": "#top", "cullface": "up"},
				"east": {"uv": [4.1, 9.1, 4.9, 9.9], "texture": "#top", "cullface": "up"},
				"south": {"uv": [4.1, 9.1, 4.9, 9.9], "texture": "#top", "cullface": "up"},
				"west": {"uv": [4.1, 9.1, 4.9, 9.9], "texture": "#top", "cullface": "up"},
				"up": {"uv": [4.1, 9.1, 4.9, 9.9], "texture": "#top", "cullface": "up"}
			}
		},
		{
			"from": [6, 16, 12],
			"to": [7, 16.3, 13],
			"rotation": {"angle": 0, "axis": "y", "origin": [12, 24, 17]},
			"faces": {
				"north": {"uv": [6.1, 12.1, 6.9, 12.9], "texture": "#top", "cullface": "up"},
				"east": {"uv": [6.1, 12.1, 6.9, 12.9], "texture": "#top", "cullface": "up"},
				"south": {"uv": [6.1, 12.1, 6.9, 12.9], "texture": "#top", "cullface": "up"},
				"west": {"uv": [6.1, 12.1, 6.9, 12.9], "texture": "#top", "cullface": "up"},
				"up": {"uv": [6.1, 12.1, 6.9, 12.9], "texture": "#top", "cullface": "up"}
			}
		},
		{
			"from": [10, 16, 11],
			"to": [11, 16.3, 12],
			"rotation": {"angle": 0, "axis": "y", "origin": [16, 24, 16]},
			"faces": {
				"north": {"uv": [10.1, 11.1, 10.9, 11.9], "texture": "#top", "cullface": "up"},
				"east": {"uv": [10.1, 11.1, 10.9, 11.9], "texture": "#top", "cullface": "up"},
				"south": {"uv": [10.1, 11.1, 10.9, 11.9], "texture": "#top", "cullface": "up"},
				"west": {"uv": [10.1, 11.1, 10.9, 11.9], "texture": "#top", "cullface": "up"},
				"up": {"uv": [10.1, 11.1, 10.9, 11.9], "texture": "#top", "cullface": "up"}
			}
		},
		{
			"from": [11, 16, 10],
			"to": [12, 16.3, 11],
			"rotation": {"angle": 0, "axis": "y", "origin": [17, 24, 15]},
			"faces": {
				"north": {"uv": [11.1, 10.1, 11.9, 10.9], "texture": "#top", "cullface": "up"},
				"east": {"uv": [11.1, 10.1, 11.9, 10.9], "texture": "#top", "cullface": "up"},
				"south": {"uv": [11.1, 10.1, 11.9, 10.9], "texture": "#top", "cullface": "up"},
				"west": {"uv": [11.1, 10.1, 11.9, 10.9], "texture": "#top", "cullface": "up"},
				"up": {"uv": [11.1, 10.1, 11.9, 10.9], "texture": "#top", "cullface": "up"}
			}
		}
	],
	"display": {
		"thirdperson_righthand": {
			"rotation": [75, 45, 0],
			"translation": [0, 2.5, 0],
			"scale": [0.375, 0.375, 0.375]
		},
		"thirdperson_lefthand": {
			"rotation": [75, 45, 0],
			"translation": [0, 2.5, 0],
			"scale": [0.375, 0.375, 0.375]
		},
		"firstperson_righthand": {
			"rotation": [0, 45, 0],
			"scale": [0.4, 0.4, 0.4]
		},
		"firstperson_lefthand": {
			"rotation": [0, 225, 0],
			"scale": [0.4, 0.4, 0.4]
		},
		"ground": {
			"translation": [0, 3, 0],
			"scale": [0.25, 0.25, 0.25]
		},
		"gui": {
			"rotation": [30, 225, 0],
			"scale": [0.625, 0.625, 0.625]
		},
		"fixed": {
			"scale": [0.5, 0.5, 0.5]
		}
	},
	"groups": [
		0,
		{
			"name": "1",
			"origin": [8, 8, 8],
			"color": 0,
			"children": [1]
		},
		{
			"name": "2",
			"origin": [8, 8, 8],
			"color": 0,
			"children": [2, 3, 4, 5, 6, 7, 8, 9, 10, 11, 12, 13, 14, 15, 16, 17, 18, 19, 20, 21, 22]
		}
	]
}