{
	"credit": "Made with Blockbench",
	"textures": {
		"particle": "block/cobblestone",
		"bottom": "block/cobblestone"
	},
	"elements": [
		{
			"from": [0, 8, 0],
			"to": [16, 16, 16],
			"faces": {
				"north": {"uv": [0, 0, 16, 8], "texture": "#bottom", "cullface": "north"},
				"east": {"uv": [0, 0, 16, 8], "texture": "#bottom", "cullface": "east"},
				"south": {"uv": [0, 0, 16, 8], "texture": "#bottom", "cullface": "south"},
				"west": {"uv": [0, 0, 16, 8], "texture": "#bottom", "cullface": "west"},
				"up": {"uv": [0, 0, 16, 16], "texture": "#bottom", "cullface": "up"},
				"down": {"uv": [0, 0, 16, 16], "texture": "#bottom"}
			}
		},
		{
			"name": "cobblestone_isolado_0",
			"from": [12, 12, -0.5],
			"to": [14, 16, 0],
			"rotation": {"angle": 0, "axis": "z", "origin": [8, 8, -8]},
			"faces": {
				"north": {"uv": [2, 0, 4, 4], "texture": "#bottom", "cullface": "north"},
				"east": {"uv": [2, 0, 3, 4], "texture": "#bottom", "cullface": "north"},
				"west": {"uv": [3, 0, 4, 4], "texture": "#bottom", "cullface": "north"},
				"up": {"uv": [4, 0, 2, 1], "texture": "#bottom", "cullface": "north"},
				"down": {"uv": [2, 3, 4, 4], "rotation": 180, "texture": "#bottom", "cullface": "north"}
			}
		},
		{
			"name": "cobblestone_isolado_1",
			"from": [6, 12, -0.5],
			"to": [9, 16, 0],
			"rotation": {"angle": 0, "axis": "z", "origin": [8, 8, -8]},
			"faces": {
				"north": {"uv": [7, 0, 10, 4], "texture": "#bottom", "cullface": "north"},
				"east": {"uv": [7, 0, 8, 4], "texture": "#bottom", "cullface": "north"},
				"west": {"uv": [9, 0, 10, 4], "texture": "#bottom", "cullface": "north"},
				"up": {"uv": [10, 0, 7, 1], "texture": "#bottom", "cullface": "north"},
				"down": {"uv": [7, 3, 10, 4], "rotation": 180, "texture": "#bottom", "cullface": "north"}
			}
		},
		{
			"name": "cobblestone_isolado_2",
			"from": [5, 14, -0.5],
			"to": [6, 16, 0],
			"rotation": {"angle": 0, "axis": "z", "origin": [8, 8, -8]},
			"faces": {
				"north": {"uv": [10, 0, 11, 2], "texture": "#bottom", "cullface": "north"},
				"west": {"uv": [10, 0, 11, 2], "texture": "#bottom", "cullface": "north"},
				"up": {"uv": [11, 0, 10, 1], "texture": "#bottom", "cullface": "north"},
				"down": {"uv": [10, 1, 11, 2], "rotation": 180, "texture": "#bottom", "cullface": "north"}
			}
		},
		{
			"name": "cobblestone_isolado_3",
			"from": [0, 14, -0.5],
			"to": [3, 16, 0],
			"rotation": {"angle": 0, "axis": "z", "origin": [8, 8, -8]},
			"faces": {
				"north": {"uv": [13, 0, 16, 2], "texture": "#bottom", "cullface": "north"},
				"east": {"uv": [13, 0, 14, 2], "texture": "#bottom", "cullface": "north"},
				"west": {"uv": [15, 0, 16, 2], "texture": "#bottom", "cullface": "north"},
				"up": {"uv": [16, 0, 13, 1], "texture": "#bottom", "cullface": "north"},
				"down": {"uv": [13, 1, 16, 2], "rotation": 180, "texture": "#bottom", "cullface": "north"}
			}
		},
		{
			"name": "cobblestone_isolado_4",
			"from": [14, 13, -0.5],
			"to": [15, 15, 0],
			"rotation": {"angle": 0, "axis": "z", "origin": [8, 8, -8]},
			"faces": {
				"north": {"uv": [1, 1, 2, 3], "texture": "#bottom", "cullface": "north"},
				"east": {"uv": [1, 1, 2, 3], "texture": "#bottom", "cullface": "north"},
				"up": {"uv": [2, 1, 1, 2], "texture": "#bottom", "cullface": "north"},
				"down": {"uv": [1, 2, 2, 3], "rotation": 180, "texture": "#bottom", "cullface": "north"}
			}
		},
		{
			"name": "cobblestone_isolado_5",
			"from": [11, 13, -0.5],
			"to": [12, 15, 0],
			"rotation": {"angle": 0, "axis": "z", "origin": [8, 8, -8]},
			"faces": {
				"north": {"uv": [4, 1, 5, 3], "texture": "#bottom", "cullface": "north"},
				"west": {"uv": [4, 1, 5, 3], "texture": "#bottom", "cullface": "north"},
				"up": {"uv": [5, 1, 4, 2], "texture": "#bottom", "cullface": "north"},
				"down": {"uv": [4, 2, 5, 3], "rotation": 180, "texture": "#bottom", "cullface": "north"}
			}
		},
		{
			"name": "cobblestone_isolado_6",
			"from": [9, 12, -0.5],
			"to": [10, 15, 0],
			"rotation": {"angle": 0, "axis": "z", "origin": [8, 8, -8]},
			"faces": {
				"north": {"uv": [6, 1, 7, 4], "texture": "#bottom", "cullface": "north"},
				"east": {"uv": [6, 1, 7, 4], "texture": "#bottom", "cullface": "north"},
				"up": {"uv": [7, 1, 6, 2], "texture": "#bottom", "cullface": "north"},
				"down": {"uv": [6, 3, 7, 4], "rotation": 180, "texture": "#bottom", "cullface": "north"}
			}
		},
		{
			"name": "cobblestone_isolado_7",
			"from": [0, 13, -0.5],
			"to": [2, 14, 0],
			"rotation": {"angle": 0, "axis": "z", "origin": [8, 8, -8]},
			"faces": {
				"north": {"uv": [14, 2, 16, 3], "texture": "#bottom", "cullface": "north"},
				"east": {"uv": [14, 2, 15, 3], "texture": "#bottom", "cullface": "north"},
				"west": {"uv": [15, 2, 16, 3], "texture": "#bottom", "cullface": "north"},
				"down": {"uv": [14, 2, 16, 3], "rotation": 180, "texture": "#bottom", "cullface": "north"}
			}
		},
		{
			"name": "cobblestone_isolado_8",
			"from": [2, 9, -0.5],
			"to": [5, 13, 0],
			"rotation": {"angle": 0, "axis": "z", "origin": [8, 8, -8]},
			"faces": {
				"north": {"uv": [11, 3, 14, 7], "texture": "#bottom", "cullface": "north"},
				"east": {"uv": [11, 3, 12, 7], "texture": "#bottom", "cullface": "north"},
				"west": {"uv": [13, 3, 14, 7], "texture": "#bottom", "cullface": "north"},
				"up": {"uv": [14, 3, 11, 4], "texture": "#bottom", "cullface": "north"},
				"down": {"uv": [11, 6, 14, 7], "rotation": 180, "texture": "#bottom", "cullface": "north"}
			}
		},
		{
			"name": "cobblestone_isolado_9",
			"from": [10, 8, -0.5],
			"to": [12, 12, 0],
			"rotation": {"angle": 0, "axis": "z", "origin": [8, 8, -8]},
			"faces": {
				"north": {"uv": [4, 4, 6, 8], "texture": "#bottom", "cullface": "north"},
				"east": {"uv": [4, 4, 5, 8], "texture": "#bottom", "cullface": "north"},
				"west": {"uv": [5, 4, 6, 8], "texture": "#bottom", "cullface": "north"},
				"up": {"uv": [6, 4, 4, 5], "texture": "#bottom", "cullface": "north"},
				"down": {"uv": [4, 7, 6, 8], "rotation": 180, "texture": "#bottom", "cullface": "north"}
			}
		},
		{
			"name": "cobblestone_isolado_10",
			"from": [8, 11, -0.5],
			"to": [9, 12, 0],
			"rotation": {"angle": 0, "axis": "z", "origin": [8, 8, -8]},
			"faces": {
				"north": {"uv": [7, 4, 8, 5], "texture": "#bottom", "cullface": "north"},
				"east": {"uv": [7, 4, 8, 5], "texture": "#bottom", "cullface": "north"},
				"west": {"uv": [7, 4, 8, 5], "texture": "#bottom", "cullface": "north"},
				"down": {"uv": [7, 4, 8, 5], "rotation": 180, "texture": "#bottom", "cullface": "north"}
			}
		},
		{
			"name": "cobblestone_isolado_11",
			"from": [5, 11, -0.5],
			"to": [6, 12, 0],
			"rotation": {"angle": 0, "axis": "z", "origin": [8, 8, -8]},
			"faces": {
				"north": {"uv": [10, 4, 11, 5], "texture": "#bottom", "cullface": "north"},
				"east": {"uv": [10, 4, 11, 5], "texture": "#bottom", "cullface": "north"},
				"up": {"uv": [11, 4, 10, 5], "texture": "#bottom", "cullface": "north"},
				"down": {"uv": [10, 4, 11, 5], "rotation": 180, "texture": "#bottom", "cullface": "north"}
			}
		},
		{
			"name": "cobblestone_isolado_12",
			"from": [1, 11, -0.5],
			"to": [2, 12, 0],
			"rotation": {"angle": 0, "axis": "z", "origin": [8, 8, -8]},
			"faces": {
				"north": {"uv": [14, 4, 15, 5], "texture": "#bottom", "cullface": "north"},
				"west": {"uv": [14, 4, 15, 5], "texture": "#bottom", "cullface": "north"},
				"up": {"uv": [15, 4, 14, 5], "texture": "#bottom", "cullface": "north"},
				"down": {"uv": [14, 4, 15, 5], "rotation": 180, "texture": "#bottom", "cullface": "north"}
			}
		},
		{
			"name": "cobblestone_isolado_13",
			"from": [15, 8, -0.5],
			"to": [16, 11, 0],
			"rotation": {"angle": 0, "axis": "z", "origin": [8, 8, -8]},
			"faces": {
				"north": {"uv": [0, 5, 1, 8], "texture": "#bottom", "cullface": "north"},
				"east": {"uv": [0, 5, 1, 8], "texture": "#bottom", "cullface": "north"},
				"west": {"uv": [0, 5, 1, 8], "texture": "#bottom", "cullface": "north"},
				"up": {"uv": [1, 5, 0, 6], "texture": "#bottom", "cullface": "north"},
				"down": {"uv": [0, 7, 1, 8], "rotation": 180, "texture": "#bottom", "cullface": "north"}
			}
		},
		{
			"name": "cobblestone_isolado_14",
			"from": [12, 10, -0.5],
			"to": [14, 11, 0],
			"rotation": {"angle": 0, "axis": "z", "origin": [8, 8, -8]},
			"faces": {
				"north": {"uv": [2, 5, 4, 6], "texture": "#bottom", "cullface": "north"},
				"east": {"uv": [2, 5, 3, 6], "texture": "#bottom", "cullface": "north"},
				"up": {"uv": [4, 5, 2, 6], "texture": "#bottom", "cullface": "north"},
				"down": {"uv": [2, 5, 4, 6], "rotation": 180, "texture": "#bottom", "cullface": "north"}
			}
		},
		{
			"name": "cobblestone_isolado_15",
			"from": [0, 8, -0.5],
			"to": [1, 11, 0],
			"rotation": {"angle": 0, "axis": "z", "origin": [8, 8, -8]},
			"faces": {
				"north": {"uv": [15, 5, 16, 8], "texture": "#bottom", "cullface": "north"},
				"east": {"uv": [15, 5, 16, 8], "texture": "#bottom", "cullface": "north"},
				"west": {"uv": [15, 5, 16, 8], "texture": "#bottom", "cullface": "north"},
				"up": {"uv": [15, 5, 16, 5.5], "texture": "#bottom", "cullface": "north"},
				"down": {"uv": [15, 5, 16, 5.5], "texture": "#bottom", "cullface": "north"}
			}
		},
		{
			"name": "cobblestone_isolado_16",
			"from": [14, 8, -0.5],
			"to": [15, 10, 0],
			"rotation": {"angle": 0, "axis": "z", "origin": [8, 8, -8]},
			"faces": {
				"north": {"uv": [1, 6, 2, 8], "texture": "#bottom", "cullface": "north"},
				"west": {"uv": [1, 6, 2, 8], "texture": "#bottom", "cullface": "north"},
				"up": {"uv": [2, 6, 1, 7], "texture": "#bottom", "cullface": "north"},
				"down": {"uv": [1, 7, 2, 8], "rotation": 180, "texture": "#bottom", "cullface": "north"}
			}
		},
		{
			"name": "cobblestone_isolado_17",
			"from": [12, 9, -0.5],
			"to": [13, 10, 0],
			"rotation": {"angle": 0, "axis": "z", "origin": [8, 8, -8]},
			"faces": {
				"north": {"uv": [3, 6, 4, 7], "texture": "#bottom", "cullface": "north"},
				"east": {"uv": [3, 6, 4, 7], "texture": "#bottom", "cullface": "north"},
				"down": {"uv": [3, 6, 4, 7], "rotation": 180, "texture": "#bottom", "cullface": "north"}
			}
		},
		{
			"name": "cobblestone_isolado_18",
			"from": [5, 8, -0.5],
			"to": [8, 9, 0],
			"rotation": {"angle": 0, "axis": "z", "origin": [8, 8, -8]},
			"faces": {
				"north": {"uv": [8, 7, 11, 8], "texture": "#bottom", "cullface": "north"},
				"east": {"uv": [8, 7, 8.5, 8], "texture": "#bottom", "cullface": "north"},
				"west": {"uv": [8, 7, 8.5, 8], "texture": "#bottom", "cullface": "north"},
				"up": {"uv": [8, 7, 11, 8], "texture": "#bottom", "cullface": "north"},
				"down": {"uv": [8, 7, 11, 8], "texture": "#bottom", "cullface": "north"}
			}
		},
		{
			"name": "cobblestone_isolado_0",
			"from": [2, 12, 16],
			"to": [4, 16, 16.5],
			"rotation": {"angle": 0, "axis": "y", "origin": [8, 8, 24]},
			"faces": {
				"east": {"uv": [3, 0, 4, 4], "texture": "#bottom", "cullface": "south"},
				"south": {"uv": [2, 0, 4, 4], "texture": "#bottom", "cullface": "south"},
				"west": {"uv": [2, 0, 3, 4], "texture": "#bottom", "cullface": "south"},
				"up": {"uv": [4, 0, 2, 1], "rotation": 180, "texture": "#bottom", "cullface": "south"},
				"down": {"uv": [2, 3, 4, 4], "texture": "#bottom", "cullface": "south"}
			}
		},
		{
			"name": "cobblestone_isolado_1",
			"from": [7, 12, 16],
			"to": [10, 16, 16.5],
			"rotation": {"angle": 0, "axis": "y", "origin": [8, 8, 24]},
			"faces": {
				"east": {"uv": [9, 0, 10, 4], "texture": "#bottom", "cullface": "south"},
				"south": {"uv": [7, 0, 10, 4], "texture": "#bottom", "cullface": "south"},
				"west": {"uv": [7, 0, 8, 4], "texture": "#bottom", "cullface": "south"},
				"up": {"uv": [10, 0, 7, 1], "rotation": 180, "texture": "#bottom", "cullface": "south"},
				"down": {"uv": [7, 3, 10, 4], "texture": "#bottom", "cullface": "south"}
			}
		},
		{
			"name": "cobblestone_isolado_2",
			"from": [10, 14, 16],
			"to": [11, 16, 16.5],
			"rotation": {"angle": 0, "axis": "y", "origin": [8, 8, 24]},
			"faces": {
				"east": {"uv": [10, 0, 11, 2], "texture": "#bottom", "cullface": "south"},
				"south": {"uv": [10, 0, 11, 2], "texture": "#bottom", "cullface": "south"},
				"up": {"uv": [11, 0, 10, 1], "rotation": 180, "texture": "#bottom", "cullface": "south"},
				"down": {"uv": [10, 1, 11, 2], "texture": "#bottom", "cullface": "south"}
			}
		},
		{
			"name": "cobblestone_isolado_3",
			"from": [13, 14, 16],
			"to": [16, 16, 16.5],
			"rotation": {"angle": 0, "axis": "y", "origin": [8, 8, 24]},
			"faces": {
				"east": {"uv": [15, 0, 16, 2], "texture": "#bottom", "cullface": "south"},
				"south": {"uv": [13, 0, 16, 2], "texture": "#bottom", "cullface": "south"},
				"west": {"uv": [13, 0, 14, 2], "texture": "#bottom", "cullface": "south"},
				"up": {"uv": [16, 0, 13, 1], "rotation": 180, "texture": "#bottom", "cullface": "south"},
				"down": {"uv": [13, 1, 16, 2], "texture": "#bottom", "cullface": "south"}
			}
		},
		{
			"name": "cobblestone_isolado_4",
			"from": [1, 13, 16],
			"to": [2, 15, 16.5],
			"rotation": {"angle": 0, "axis": "y", "origin": [8, 8, 24]},
			"faces": {
				"south": {"uv": [1, 1, 2, 3], "texture": "#bottom", "cullface": "south"},
				"west": {"uv": [1, 1, 2, 3], "texture": "#bottom", "cullface": "south"},
				"up": {"uv": [2, 1, 1, 2], "rotation": 180, "texture": "#bottom", "cullface": "south"},
				"down": {"uv": [1, 2, 2, 3], "texture": "#bottom", "cullface": "south"}
			}
		},
		{
			"name": "cobblestone_isolado_5",
			"from": [4, 13, 16],
			"to": [5, 15, 16.5],
			"rotation": {"angle": 0, "axis": "y", "origin": [8, 8, 24]},
			"faces": {
				"east": {"uv": [4, 1, 5, 3], "texture": "#bottom", "cullface": "south"},
				"south": {"uv": [4, 1, 5, 3], "texture": "#bottom", "cullface": "south"},
				"up": {"uv": [5, 1, 4, 2], "rotation": 180, "texture": "#bottom", "cullface": "south"},
				"down": {"uv": [4, 2, 5, 3], "texture": "#bottom", "cullface": "south"}
			}
		},
		{
			"name": "cobblestone_isolado_6",
			"from": [6, 12, 16],
			"to": [7, 15, 16.5],
			"rotation": {"angle": 0, "axis": "y", "origin": [8, 8, 24]},
			"faces": {
				"south": {"uv": [6, 1, 7, 4], "texture": "#bottom", "cullface": "south"},
				"west": {"uv": [6, 1, 7, 4], "texture": "#bottom", "cullface": "south"},
				"up": {"uv": [7, 1, 6, 2], "rotation": 180, "texture": "#bottom", "cullface": "south"},
				"down": {"uv": [6, 3, 7, 4], "texture": "#bottom", "cullface": "south"}
			}
		},
		{
			"name": "cobblestone_isolado_7",
			"from": [14, 13, 16],
			"to": [16, 14, 16.5],
			"rotation": {"angle": 0, "axis": "y", "origin": [8, 8, 24]},
			"faces": {
				"east": {"uv": [15, 2, 16, 3], "texture": "#bottom", "cullface": "south"},
				"south": {"uv": [14, 2, 16, 3], "texture": "#bottom", "cullface": "south"},
				"west": {"uv": [14, 2, 15, 3], "texture": "#bottom", "cullface": "south"},
				"down": {"uv": [14, 2, 16, 3], "texture": "#bottom", "cullface": "south"}
			}
		},
		{
			"name": "cobblestone_isolado_8",
			"from": [11, 9, 16],
			"to": [14, 13, 16.5],
			"rotation": {"angle": 0, "axis": "y", "origin": [8, 8, 24]},
			"faces": {
				"east": {"uv": [13, 3, 14, 7], "texture": "#bottom", "cullface": "south"},
				"south": {"uv": [11, 3, 14, 7], "texture": "#bottom", "cullface": "south"},
				"west": {"uv": [11, 3, 12, 7], "texture": "#bottom", "cullface": "south"},
				"up": {"uv": [14, 3, 11, 4], "rotation": 180, "texture": "#bottom", "cullface": "south"},
				"down": {"uv": [11, 6, 14, 7], "texture": "#bottom", "cullface": "south"}
			}
		},
		{
			"name": "cobblestone_isolado_9",
			"from": [4, 8, 16],
			"to": [6, 12, 16.5],
			"rotation": {"angle": 0, "axis": "y", "origin": [8, 8, 24]},
			"faces": {
				"east": {"uv": [5, 4, 6, 8], "texture": "#bottom", "cullface": "south"},
				"south": {"uv": [4, 4, 6, 8], "texture": "#bottom", "cullface": "south"},
				"west": {"uv": [4, 4, 5, 8], "texture": "#bottom", "cullface": "south"},
				"up": {"uv": [6, 4, 4, 5], "rotation": 180, "texture": "#bottom", "cullface": "south"},
				"down": {"uv": [4, 7, 6, 8], "texture": "#bottom", "cullface": "south"}
			}
		},
		{
			"name": "cobblestone_isolado_10",
			"from": [7, 11, 16],
			"to": [8, 12, 16.5],
			"rotation": {"angle": 0, "axis": "y", "origin": [8, 8, 24]},
			"faces": {
				"east": {"uv": [7, 4, 8, 5], "texture": "#bottom", "cullface": "south"},
				"south": {"uv": [7, 4, 8, 5], "texture": "#bottom", "cullface": "south"},
				"west": {"uv": [7, 4, 8, 5], "texture": "#bottom", "cullface": "south"},
				"down": {"uv": [7, 4, 8, 5], "texture": "#bottom", "cullface": "south"}
			}
		},
		{
			"name": "cobblestone_isolado_11",
			"from": [10, 11, 16],
			"to": [11, 12, 16.5],
			"rotation": {"angle": 0, "axis": "y", "origin": [8, 8, 24]},
			"faces": {
				"south": {"uv": [10, 4, 11, 5], "texture": "#bottom", "cullface": "south"},
				"west": {"uv": [10, 4, 11, 5], "texture": "#bottom", "cullface": "south"},
				"up": {"uv": [11, 4, 10, 5], "rotation": 180, "texture": "#bottom", "cullface": "south"},
				"down": {"uv": [10, 4, 11, 5], "texture": "#bottom", "cullface": "south"}
			}
		},
		{
			"name": "cobblestone_isolado_12",
			"from": [14, 11, 16],
			"to": [15, 12, 16.5],
			"rotation": {"angle": 0, "axis": "y", "origin": [8, 8, 24]},
			"faces": {
				"east": {"uv": [14, 4, 15, 5], "texture": "#bottom", "cullface": "south"},
				"south": {"uv": [14, 4, 15, 5], "texture": "#bottom", "cullface": "south"},
				"up": {"uv": [15, 4, 14, 5], "rotation": 180, "texture": "#bottom", "cullface": "south"},
				"down": {"uv": [14, 4, 15, 5], "texture": "#bottom", "cullface": "south"}
			}
		},
		{
			"name": "cobblestone_isolado_13",
			"from": [0, 8, 16],
			"to": [1, 11, 16.5],
			"rotation": {"angle": 0, "axis": "y", "origin": [8, 8, 24]},
			"faces": {
				"east": {"uv": [0, 5, 1, 8], "texture": "#bottom", "cullface": "south"},
				"south": {"uv": [0, 5, 1, 8], "texture": "#bottom", "cullface": "south"},
				"west": {"uv": [0, 5, 1, 8], "texture": "#bottom", "cullface": "south"},
				"up": {"uv": [1, 5, 0, 6], "rotation": 180, "texture": "#bottom", "cullface": "south"},
				"down": {"uv": [0, 7, 1, 8], "texture": "#bottom", "cullface": "south"}
			}
		},
		{
			"name": "cobblestone_isolado_14",
			"from": [2, 10, 16],
			"to": [4, 11, 16.5],
			"rotation": {"angle": 0, "axis": "y", "origin": [8, 8, 24]},
			"faces": {
				"south": {"uv": [2, 5, 4, 6], "texture": "#bottom", "cullface": "south"},
				"west": {"uv": [2, 5, 3, 6], "texture": "#bottom", "cullface": "south"},
				"up": {"uv": [4, 5, 2, 6], "rotation": 180, "texture": "#bottom", "cullface": "south"},
				"down": {"uv": [2, 5, 4, 6], "texture": "#bottom", "cullface": "south"}
			}
		},
		{
			"name": "cobblestone_isolado_15",
			"from": [15, 8, 16],
			"to": [16, 11, 16.5],
			"rotation": {"angle": 0, "axis": "y", "origin": [8, 8, 24]},
			"faces": {
				"east": {"uv": [15, 5, 16, 8], "texture": "#bottom", "cullface": "south"},
				"south": {"uv": [15, 5, 16, 8], "texture": "#bottom", "cullface": "south"},
				"west": {"uv": [15, 5, 16, 8], "texture": "#bottom", "cullface": "south"},
				"up": {"uv": [15, 5, 16, 5.5], "texture": "#bottom", "cullface": "south"},
				"down": {"uv": [15, 5, 16, 5.5], "texture": "#bottom", "cullface": "south"}
			}
		},
		{
			"name": "cobblestone_isolado_16",
			"from": [1, 8, 16],
			"to": [2, 10, 16.5],
			"rotation": {"angle": 0, "axis": "y", "origin": [8, 8, 24]},
			"faces": {
				"east": {"uv": [1, 6, 2, 8], "texture": "#bottom", "cullface": "south"},
				"south": {"uv": [1, 6, 2, 8], "texture": "#bottom", "cullface": "south"},
				"up": {"uv": [2, 6, 1, 7], "rotation": 180, "texture": "#bottom", "cullface": "south"},
				"down": {"uv": [1, 7, 2, 8], "texture": "#bottom", "cullface": "south"}
			}
		},
		{
			"name": "cobblestone_isolado_17",
			"from": [3, 9, 16],
			"to": [4, 10, 16.5],
			"rotation": {"angle": 0, "axis": "y", "origin": [8, 8, 24]},
			"faces": {
				"south": {"uv": [3, 6, 4, 7], "texture": "#bottom", "cullface": "south"},
				"west": {"uv": [3, 6, 4, 7], "texture": "#bottom", "cullface": "south"},
				"down": {"uv": [3, 6, 4, 7], "texture": "#bottom", "cullface": "south"}
			}
		},
		{
			"name": "cobblestone_isolado_18",
			"from": [8, 8, 16],
			"to": [11, 9, 16.5],
			"rotation": {"angle": 0, "axis": "y", "origin": [8, 8, 24]},
			"faces": {
				"east": {"uv": [10, 7, 10.5, 8], "texture": "#bottom", "cullface": "south"},
				"south": {"uv": [8, 7, 11, 8], "texture": "#bottom", "cullface": "south"},
				"west": {"uv": [8, 7, 8.5, 8], "texture": "#bottom", "cullface": "south"},
				"up": {"uv": [11, 7, 8, 8], "rotation": 180, "texture": "#bottom", "cullface": "south"},
				"down": {"uv": [8, 8, 11, 9], "texture": "#bottom", "cullface": "south"}
			}
		},
		{
			"name": "cobblestone_isolado_0",
			"from": [-0.5, 12, 2],
			"to": [0, 16, 4],
			"rotation": {"angle": 0, "axis": "y", "origin": [-8, 8, 8]},
			"faces": {
				"north": {"uv": [2, 0, 3, 4], "texture": "#bottom", "cullface": "west"},
				"south": {"uv": [3, 0, 4, 4], "texture": "#bottom", "cullface": "west"},
				"west": {"uv": [2, 0, 4, 4], "texture": "#bottom", "cullface": "west"},
				"up": {"uv": [4, 0, 2, 1], "rotation": 270, "texture": "#bottom", "cullface": "west"},
				"down": {"uv": [2, 3, 4, 4], "rotation": 270, "texture": "#bottom", "cullface": "west"}
			}
		},
		{
			"name": "cobblestone_isolado_1",
			"from": [-0.5, 12, 7],
			"to": [0, 16, 10],
			"rotation": {"angle": 0, "axis": "y", "origin": [-8, 8, 8]},
			"faces": {
				"north": {"uv": [7, 0, 8, 4], "texture": "#bottom", "cullface": "west"},
				"south": {"uv": [9, 0, 10, 4], "texture": "#bottom", "cullface": "west"},
				"west": {"uv": [7, 0, 10, 4], "texture": "#bottom", "cullface": "west"},
				"up": {"uv": [10, 0, 7, 1], "rotation": 270, "texture": "#bottom", "cullface": "west"},
				"down": {"uv": [7, 3, 10, 4], "rotation": 270, "texture": "#bottom", "cullface": "west"}
			}
		},
		{
			"name": "cobblestone_isolado_2",
			"from": [-0.5, 14, 10],
			"to": [0, 16, 11],
			"rotation": {"angle": 0, "axis": "y", "origin": [-8, 8, 8]},
			"faces": {
				"south": {"uv": [10, 0, 11, 2], "texture": "#bottom", "cullface": "west"},
				"west": {"uv": [10, 0, 11, 2], "texture": "#bottom", "cullface": "west"},
				"up": {"uv": [11, 0, 10, 1], "rotation": 270, "texture": "#bottom", "cullface": "west"},
				"down": {"uv": [10, 1, 11, 2], "rotation": 270, "texture": "#bottom", "cullface": "west"}
			}
		},
		{
			"name": "cobblestone_isolado_3",
			"from": [-0.5, 14, 13],
			"to": [0, 16, 16],
			"rotation": {"angle": 0, "axis": "y", "origin": [-8, 8, 8]},
			"faces": {
				"north": {"uv": [13, 0, 14, 2], "texture": "#bottom", "cullface": "west"},
				"south": {"uv": [15, 0, 16, 2], "texture": "#bottom", "cullface": "west"},
				"west": {"uv": [13, 0, 16, 2], "texture": "#bottom", "cullface": "west"},
				"up": {"uv": [16, 0, 13, 1], "rotation": 270, "texture": "#bottom", "cullface": "west"},
				"down": {"uv": [13, 1, 16, 2], "rotation": 270, "texture": "#bottom", "cullface": "west"}
			}
		},
		{
			"name": "cobblestone_isolado_4",
			"from": [-0.5, 13, 1],
			"to": [0, 15, 2],
			"rotation": {"angle": 0, "axis": "y", "origin": [-8, 8, 8]},
			"faces": {
				"north": {"uv": [1, 1, 2, 3], "texture": "#bottom", "cullface": "west"},
				"west": {"uv": [1, 1, 2, 3], "texture": "#bottom", "cullface": "west"},
				"up": {"uv": [2, 1, 1, 2], "rotation": 270, "texture": "#bottom", "cullface": "west"},
				"down": {"uv": [1, 2, 2, 3], "rotation": 270, "texture": "#bottom", "cullface": "west"}
			}
		},
		{
			"name": "cobblestone_isolado_5",
			"from": [-0.5, 13, 4],
			"to": [0, 15, 5],
			"rotation": {"angle": 0, "axis": "y", "origin": [-8, 8, 8]},
			"faces": {
				"south": {"uv": [4, 1, 5, 3], "texture": "#bottom", "cullface": "west"},
				"west": {"uv": [4, 1, 5, 3], "texture": "#bottom", "cullface": "west"},
				"up": {"uv": [5, 1, 4, 2], "rotation": 270, "texture": "#bottom", "cullface": "west"},
				"down": {"uv": [4, 2, 5, 3], "rotation": 270, "texture": "#bottom", "cullface": "west"}
			}
		},
		{
			"name": "cobblestone_isolado_6",
			"from": [-0.5, 12, 6],
			"to": [0, 15, 7],
			"rotation": {"angle": 0, "axis": "y", "origin": [-8, 8, 8]},
			"faces": {
				"north": {"uv": [6, 1, 7, 4], "texture": "#bottom", "cullface": "west"},
				"west": {"uv": [6, 1, 7, 4], "texture": "#bottom", "cullface": "west"},
				"up": {"uv": [7, 1, 6, 2], "rotation": 270, "texture": "#bottom", "cullface": "west"},
				"down": {"uv": [6, 3, 7, 4], "rotation": 270, "texture": "#bottom", "cullface": "west"}
			}
		},
		{
			"name": "cobblestone_isolado_7",
			"from": [-0.5, 13, 14],
			"to": [0, 14, 16],
			"rotation": {"angle": 0, "axis": "y", "origin": [-8, 8, 8]},
			"faces": {
				"north": {"uv": [14, 2, 15, 3], "texture": "#bottom", "cullface": "west"},
				"south": {"uv": [15, 2, 16, 3], "texture": "#bottom", "cullface": "west"},
				"west": {"uv": [14, 2, 16, 3], "texture": "#bottom", "cullface": "west"},
				"down": {"uv": [14, 2, 16, 3], "rotation": 270, "texture": "#bottom", "cullface": "west"}
			}
		},
		{
			"name": "cobblestone_isolado_8",
			"from": [-0.5, 9, 11],
			"to": [0, 13, 14],
			"rotation": {"angle": 0, "axis": "y", "origin": [-8, 8, 8]},
			"faces": {
				"north": {"uv": [11, 3, 12, 7], "texture": "#bottom", "cullface": "west"},
				"south": {"uv": [13, 3, 14, 7], "texture": "#bottom", "cullface": "west"},
				"west": {"uv": [11, 3, 14, 7], "texture": "#bottom", "cullface": "west"},
				"up": {"uv": [14, 3, 11, 4], "rotation": 270, "texture": "#bottom", "cullface": "west"},
				"down": {"uv": [11, 6, 14, 7], "rotation": 270, "texture": "#bottom", "cullface": "west"}
			}
		},
		{
			"name": "cobblestone_isolado_9",
			"from": [-0.5, 8, 4],
			"to": [0, 12, 6],
			"rotation": {"angle": 0, "axis": "y", "origin": [-8, 8, 8]},
			"faces": {
				"north": {"uv": [4, 4, 5, 8], "texture": "#bottom", "cullface": "west"},
				"south": {"uv": [5, 4, 6, 8], "texture": "#bottom", "cullface": "west"},
				"west": {"uv": [4, 4, 6, 8], "texture": "#bottom", "cullface": "west"},
				"up": {"uv": [6, 4, 4, 5], "rotation": 270, "texture": "#bottom", "cullface": "west"},
				"down": {"uv": [4, 7, 6, 8], "rotation": 270, "texture": "#bottom", "cullface": "west"}
			}
		},
		{
			"name": "cobblestone_isolado_10",
			"from": [-0.5, 11, 7],
			"to": [0, 12, 8],
			"rotation": {"angle": 0, "axis": "y", "origin": [-8, 8, 8]},
			"faces": {
				"north": {"uv": [7, 4, 8, 5], "texture": "#bottom", "cullface": "west"},
				"south": {"uv": [7, 4, 8, 5], "texture": "#bottom", "cullface": "west"},
				"west": {"uv": [7, 4, 8, 5], "texture": "#bottom", "cullface": "west"},
				"down": {"uv": [7, 4, 8, 5], "rotation": 270, "texture": "#bottom", "cullface": "west"}
			}
		},
		{
			"name": "cobblestone_isolado_11",
			"from": [-0.5, 11, 10],
			"to": [0, 12, 11],
			"rotation": {"angle": 0, "axis": "y", "origin": [-8, 8, 8]},
			"faces": {
				"north": {"uv": [10, 4, 11, 5], "texture": "#bottom", "cullface": "west"},
				"west": {"uv": [10, 4, 11, 5], "texture": "#bottom", "cullface": "west"},
				"up": {"uv": [11, 4, 10, 5], "rotation": 270, "texture": "#bottom", "cullface": "west"},
				"down": {"uv": [10, 4, 11, 5], "rotation": 270, "texture": "#bottom", "cullface": "west"}
			}
		},
		{
			"name": "cobblestone_isolado_12",
			"from": [-0.5, 11, 14],
			"to": [0, 12, 15],
			"rotation": {"angle": 0, "axis": "y", "origin": [-8, 8, 8]},
			"faces": {
				"south": {"uv": [14, 4, 15, 5], "texture": "#bottom", "cullface": "west"},
				"west": {"uv": [14, 4, 15, 5], "texture": "#bottom", "cullface": "west"},
				"up": {"uv": [15, 4, 14, 5], "rotation": 270, "texture": "#bottom", "cullface": "west"},
				"down": {"uv": [14, 4, 15, 5], "rotation": 270, "texture": "#bottom", "cullface": "west"}
			}
		},
		{
			"name": "cobblestone_isolado_13",
			"from": [-0.5, 8, 0],
			"to": [0, 11, 1],
			"rotation": {"angle": 0, "axis": "y", "origin": [-8, 8, 8]},
			"faces": {
				"north": {"uv": [0, 5, 1, 8], "texture": "#bottom", "cullface": "west"},
				"south": {"uv": [0, 5, 1, 8], "texture": "#bottom", "cullface": "west"},
				"west": {"uv": [0, 5, 1, 8], "texture": "#bottom", "cullface": "west"},
				"up": {"uv": [1, 5, 0, 6], "rotation": 270, "texture": "#bottom", "cullface": "west"},
				"down": {"uv": [0, 7, 1, 8], "rotation": 270, "texture": "#bottom", "cullface": "west"}
			}
		},
		{
			"name": "cobblestone_isolado_14",
			"from": [-0.5, 10, 2],
			"to": [0, 11, 4],
			"rotation": {"angle": 0, "axis": "y", "origin": [-8, 8, 8]},
			"faces": {
				"north": {"uv": [2, 5, 3, 6], "texture": "#bottom", "cullface": "west"},
				"west": {"uv": [2, 5, 4, 6], "texture": "#bottom", "cullface": "west"},
				"up": {"uv": [4, 5, 2, 6], "rotation": 270, "texture": "#bottom", "cullface": "west"},
				"down": {"uv": [2, 5, 4, 6], "rotation": 270, "texture": "#bottom", "cullface": "west"}
			}
		},
		{
			"name": "cobblestone_isolado_15",
			"from": [-0.5, 8, 15],
			"to": [0, 11, 16],
			"rotation": {"angle": 0, "axis": "y", "origin": [-8, 8, 8]},
			"faces": {
				"north": {"uv": [15, 5, 16, 8], "texture": "#bottom", "cullface": "west"},
				"south": {"uv": [15, 5, 16, 8], "texture": "#bottom", "cullface": "west"},
				"west": {"uv": [15, 5, 16, 8], "texture": "#bottom", "cullface": "west"},
				"up": {"uv": [15, 5, 16, 6], "texture": "#bottom", "cullface": "west"},
				"down": {"uv": [15, 5, 16, 6], "texture": "#bottom", "cullface": "west"}
			}
		},
		{
			"name": "cobblestone_isolado_16",
			"from": [-0.5, 8, 1],
			"to": [0, 10, 2],
			"rotation": {"angle": 0, "axis": "y", "origin": [-8, 8, 8]},
			"faces": {
				"south": {"uv": [1, 6, 2, 8], "texture": "#bottom", "cullface": "west"},
				"west": {"uv": [1, 6, 2, 8], "texture": "#bottom", "cullface": "west"},
				"up": {"uv": [2, 6, 1, 7], "rotation": 270, "texture": "#bottom", "cullface": "west"},
				"down": {"uv": [1, 7, 2, 8], "rotation": 270, "texture": "#bottom", "cullface": "west"}
			}
		},
		{
			"name": "cobblestone_isolado_17",
			"from": [-0.5, 9, 3],
			"to": [0, 10, 4],
			"rotation": {"angle": 0, "axis": "y", "origin": [-8, 8, 8]},
			"faces": {
				"north": {"uv": [3, 6, 4, 7], "texture": "#bottom", "cullface": "west"},
				"west": {"uv": [3, 6, 4, 7], "texture": "#bottom", "cullface": "west"},
				"down": {"uv": [3, 6, 4, 7], "rotation": 270, "texture": "#bottom", "cullface": "west"}
			}
		},
		{
			"name": "cobblestone_isolado_18",
			"from": [-0.5, 8, 8],
			"to": [0, 9, 11],
			"rotation": {"angle": 0, "axis": "y", "origin": [-8, 8, 8]},
			"faces": {
				"north": {"uv": [8, 7, 9, 8], "texture": "#bottom", "cullface": "west"},
				"south": {"uv": [10, 7, 11, 8], "texture": "#bottom", "cullface": "west"},
				"west": {"uv": [8, 7, 11, 8], "texture": "#bottom", "cullface": "west"},
				"up": {"uv": [11, 7, 8, 8], "rotation": 270, "texture": "#bottom", "cullface": "west"},
				"down": {"uv": [8, 8, 11, 9], "rotation": 270, "texture": "#bottom", "cullface": "west"}
			}
		},
		{
			"name": "cobblestone_isolado_0",
			"from": [16, 12, 12],
			"to": [17, 16, 14],
			"rotation": {"angle": 0, "axis": "x", "origin": [24, 8, 8]},
			"faces": {
				"north": {"uv": [3, 0, 4, 4], "texture": "#bottom", "cullface": "east"},
				"east": {"uv": [2, 0, 4, 4], "texture": "#bottom", "cullface": "east"},
				"south": {"uv": [2, 0, 3, 4], "texture": "#bottom", "cullface": "east"},
				"up": {"uv": [4, 0, 2, 1], "rotation": 90, "texture": "#bottom", "cullface": "east"},
				"down": {"uv": [2, 3, 4, 4], "rotation": 90, "texture": "#bottom", "cullface": "east"}
			}
		},
		{
			"name": "cobblestone_isolado_1",
			"from": [16, 12, 6],
			"to": [17, 16, 9],
			"rotation": {"angle": 0, "axis": "x", "origin": [24, 8, 8]},
			"faces": {
				"north": {"uv": [9, 0, 10, 4], "texture": "#bottom", "cullface": "east"},
				"east": {"uv": [7, 0, 10, 4], "texture": "#bottom", "cullface": "east"},
				"south": {"uv": [7, 0, 8, 4], "texture": "#bottom", "cullface": "east"},
				"up": {"uv": [10, 0, 7, 1], "rotation": 90, "texture": "#bottom", "cullface": "east"},
				"down": {"uv": [7, 3, 10, 4], "rotation": 90, "texture": "#bottom", "cullface": "east"}
			}
		},
		{
			"name": "cobblestone_isolado_2",
			"from": [16, 14, 5],
			"to": [17, 16, 6],
			"rotation": {"angle": 0, "axis": "x", "origin": [24, 8, 8]},
			"faces": {
				"north": {"uv": [10, 0, 11, 2], "texture": "#bottom", "cullface": "east"},
				"east": {"uv": [10, 0, 11, 2], "texture": "#bottom", "cullface": "east"},
				"up": {"uv": [11, 0, 10, 1], "rotation": 90, "texture": "#bottom", "cullface": "east"},
				"down": {"uv": [10, 1, 11, 2], "rotation": 90, "texture": "#bottom", "cullface": "east"}
			}
		},
		{
			"name": "cobblestone_isolado_3",
			"from": [16, 14, 0],
			"to": [17, 16, 3],
			"rotation": {"angle": 0, "axis": "x", "origin": [24, 8, 8]},
			"faces": {
				"north": {"uv": [15, 0, 16, 2], "texture": "#bottom", "cullface": "east"},
				"east": {"uv": [13, 0, 16, 2], "texture": "#bottom", "cullface": "east"},
				"south": {"uv": [13, 0, 14, 2], "texture": "#bottom", "cullface": "east"},
				"up": {"uv": [16, 0, 13, 1], "rotation": 90, "texture": "#bottom", "cullface": "east"},
				"down": {"uv": [13, 1, 16, 2], "rotation": 90, "texture": "#bottom", "cullface": "east"}
			}
		},
		{
			"name": "cobblestone_isolado_4",
			"from": [16, 13, 14],
			"to": [17, 15, 15],
			"rotation": {"angle": 0, "axis": "x", "origin": [24, 8, 8]},
			"faces": {
				"east": {"uv": [1, 1, 2, 3], "texture": "#bottom", "cullface": "east"},
				"south": {"uv": [1, 1, 2, 3], "texture": "#bottom", "cullface": "east"},
				"up": {"uv": [2, 1, 1, 2], "rotation": 90, "texture": "#bottom", "cullface": "east"},
				"down": {"uv": [1, 2, 2, 3], "rotation": 90, "texture": "#bottom", "cullface": "east"}
			}
		},
		{
			"name": "cobblestone_isolado_5",
			"from": [16, 13, 11],
			"to": [17, 15, 12],
			"rotation": {"angle": 0, "axis": "x", "origin": [24, 8, 8]},
			"faces": {
				"north": {"uv": [4, 1, 5, 3], "texture": "#bottom", "cullface": "east"},
				"east": {"uv": [4, 1, 5, 3], "texture": "#bottom", "cullface": "east"},
				"up": {"uv": [5, 1, 4, 2], "rotation": 90, "texture": "#bottom", "cullface": "east"},
				"down": {"uv": [4, 2, 5, 3], "rotation": 90, "texture": "#bottom", "cullface": "east"}
			}
		},
		{
			"name": "cobblestone_isolado_6",
			"from": [16, 12, 9],
			"to": [17, 15, 10],
			"rotation": {"angle": 0, "axis": "x", "origin": [24, 8, 8]},
			"faces": {
				"east": {"uv": [6, 1, 7, 4], "texture": "#bottom", "cullface": "east"},
				"south": {"uv": [6, 1, 7, 4], "texture": "#bottom", "cullface": "east"},
				"up": {"uv": [7, 1, 6, 2], "rotation": 90, "texture": "#bottom", "cullface": "east"},
				"down": {"uv": [6, 3, 7, 4], "rotation": 90, "texture": "#bottom", "cullface": "east"}
			}
		},
		{
			"name": "cobblestone_isolado_7",
			"from": [16, 13, 0],
			"to": [17, 14, 2],
			"rotation": {"angle": 0, "axis": "x", "origin": [24, 8, 8]},
			"faces": {
				"north": {"uv": [15, 2, 16, 3], "texture": "#bottom", "cullface": "east"},
				"east": {"uv": [14, 2, 16, 3], "texture": "#bottom", "cullface": "east"},
				"south": {"uv": [14, 2, 15, 3], "texture": "#bottom", "cullface": "east"},
				"down": {"uv": [14, 2, 16, 3], "rotation": 90, "texture": "#bottom", "cullface": "east"}
			}
		},
		{
			"name": "cobblestone_isolado_8",
			"from": [16, 9, 2],
			"to": [17, 13, 5],
			"rotation": {"angle": 0, "axis": "x", "origin": [24, 8, 8]},
			"faces": {
				"north": {"uv": [13, 3, 14, 7], "texture": "#bottom", "cullface": "east"},
				"east": {"uv": [11, 3, 14, 7], "texture": "#bottom", "cullface": "east"},
				"south": {"uv": [11, 3, 12, 7], "texture": "#bottom", "cullface": "east"},
				"up": {"uv": [14, 3, 11, 4], "rotation": 90, "texture": "#bottom", "cullface": "east"},
				"down": {"uv": [11, 6, 14, 7], "rotation": 90, "texture": "#bottom", "cullface": "east"}
			}
		},
		{
			"name": "cobblestone_isolado_9",
			"from": [16, 8, 10],
			"to": [17, 12, 12],
			"rotation": {"angle": 0, "axis": "x", "origin": [24, 8, 8]},
			"faces": {
				"north": {"uv": [5, 4, 6, 8], "texture": "#bottom", "cullface": "east"},
				"east": {"uv": [4, 4, 6, 8], "texture": "#bottom", "cullface": "east"},
				"south": {"uv": [4, 4, 5, 8], "texture": "#bottom", "cullface": "east"},
				"up": {"uv": [6, 4, 4, 5], "rotation": 90, "texture": "#bottom", "cullface": "east"},
				"down": {"uv": [4, 7, 6, 8], "rotation": 90, "texture": "#bottom", "cullface": "east"}
			}
		},
		{
			"name": "cobblestone_isolado_10",
			"from": [16, 11, 8],
			"to": [17, 12, 9],
			"rotation": {"angle": 0, "axis": "x", "origin": [24, 8, 8]},
			"faces": {
				"north": {"uv": [7, 4, 8, 5], "texture": "#bottom", "cullface": "east"},
				"east": {"uv": [7, 4, 8, 5], "texture": "#bottom", "cullface": "east"},
				"south": {"uv": [7, 4, 8, 5], "texture": "#bottom", "cullface": "east"},
				"down": {"uv": [7, 4, 8, 5], "rotation": 90, "texture": "#bottom", "cullface": "east"}
			}
		},
		{
			"name": "cobblestone_isolado_11",
			"from": [16, 11, 5],
			"to": [17, 12, 6],
			"rotation": {"angle": 0, "axis": "x", "origin": [24, 8, 8]},
			"faces": {
				"east": {"uv": [10, 4, 11, 5], "texture": "#bottom", "cullface": "east"},
				"south": {"uv": [10, 4, 11, 5], "texture": "#bottom", "cullface": "east"},
				"up": {"uv": [11, 4, 10, 5], "rotation": 90, "texture": "#bottom", "cullface": "east"},
				"down": {"uv": [10, 4, 11, 5], "rotation": 90, "texture": "#bottom", "cullface": "east"}
			}
		},
		{
			"name": "cobblestone_isolado_12",
			"from": [16, 11, 1],
			"to": [17, 12, 2],
			"rotation": {"angle": 0, "axis": "x", "origin": [24, 8, 8]},
			"faces": {
				"north": {"uv": [14, 4, 15, 5], "texture": "#bottom", "cullface": "east"},
				"east": {"uv": [14, 4, 15, 5], "texture": "#bottom", "cullface": "east"},
				"up": {"uv": [15, 4, 14, 5], "rotation": 90, "texture": "#bottom", "cullface": "east"},
				"down": {"uv": [14, 4, 15, 5], "rotation": 90, "texture": "#bottom", "cullface": "east"}
			}
		},
		{
			"name": "cobblestone_isolado_13",
			"from": [16, 8, 15],
			"to": [17, 11, 16],
			"rotation": {"angle": 0, "axis": "x", "origin": [24, 8, 8]},
			"faces": {
				"north": {"uv": [0, 5, 1, 8], "texture": "#bottom", "cullface": "east"},
				"east": {"uv": [0, 5, 1, 8], "texture": "#bottom", "cullface": "east"},
				"south": {"uv": [0, 5, 1, 8], "texture": "#bottom", "cullface": "east"},
				"up": {"uv": [1, 5, 0, 6], "rotation": 90, "texture": "#bottom", "cullface": "east"},
				"down": {"uv": [0, 7, 1, 8], "rotation": 90, "texture": "#bottom", "cullface": "east"}
			}
		},
		{
			"name": "cobblestone_isolado_14",
			"from": [16, 10, 12],
			"to": [17, 11, 14],
			"rotation": {"angle": 0, "axis": "x", "origin": [24, 8, 8]},
			"faces": {
				"east": {"uv": [2, 5, 4, 6], "texture": "#bottom", "cullface": "east"},
				"south": {"uv": [2, 5, 3, 6], "texture": "#bottom", "cullface": "east"},
				"up": {"uv": [4, 5, 2, 6], "rotation": 90, "texture": "#bottom", "cullface": "east"},
				"down": {"uv": [2, 5, 4, 6], "rotation": 90, "texture": "#bottom", "cullface": "east"}
			}
		},
		{
			"name": "cobblestone_isolado_15",
			"from": [16, 8, 0],
			"to": [17, 11, 1],
			"rotation": {"angle": 0, "axis": "x", "origin": [24, 8, 8]},
			"faces": {
				"north": {"uv": [15, 5, 16, 8], "texture": "#bottom", "cullface": "east"},
				"east": {"uv": [15, 5, 16, 8], "texture": "#bottom", "cullface": "east"},
				"south": {"uv": [15, 5, 16, 8], "texture": "#bottom", "cullface": "east"},
				"up": {"uv": [15, 5, 16, 6], "texture": "#bottom", "cullface": "east"},
				"down": {"uv": [15, 5, 16, 6], "texture": "#bottom", "cullface": "east"}
			}
		},
		{
			"name": "cobblestone_isolado_16",
			"from": [16, 8, 14],
			"to": [17, 10, 15],
			"rotation": {"angle": 0, "axis": "x", "origin": [24, 8, 8]},
			"faces": {
				"north": {"uv": [1, 6, 2, 8], "texture": "#bottom", "cullface": "east"},
				"east": {"uv": [1, 6, 2, 8], "texture": "#bottom", "cullface": "east"},
				"up": {"uv": [2, 6, 1, 7], "rotation": 90, "texture": "#bottom", "cullface": "east"},
				"down": {"uv": [1, 7, 2, 8], "rotation": 90, "texture": "#bottom", "cullface": "east"}
			}
		},
		{
			"name": "cobblestone_isolado_17",
			"from": [16, 9, 12],
			"to": [17, 10, 13],
			"rotation": {"angle": 0, "axis": "x", "origin": [24, 8, 8]},
			"faces": {
				"east": {"uv": [3, 6, 4, 7], "texture": "#bottom", "cullface": "east"},
				"south": {"uv": [3, 6, 4, 7], "texture": "#bottom", "cullface": "east"},
				"down": {"uv": [3, 6, 4, 7], "rotation": 90, "texture": "#bottom", "cullface": "east"}
			}
		},
		{
			"name": "cobblestone_isolado_18",
			"from": [16, 8, 5],
			"to": [17, 9, 8],
			"rotation": {"angle": 0, "axis": "x", "origin": [24, 8, 8]},
			"faces": {
				"north": {"uv": [8, 7, 9, 8], "texture": "#bottom", "cullface": "east"},
				"east": {"uv": [8, 7, 11, 8], "texture": "#bottom", "cullface": "east"},
				"south": {"uv": [8, 7, 9, 8], "texture": "#bottom", "cullface": "east"},
				"up": {"uv": [8, 7, 9, 10], "texture": "#bottom", "cullface": "east"},
				"down": {"uv": [8, 7, 9, 10], "texture": "#bottom", "cullface": "east"}
			}
		},
		{
			"name": "cobblestone_isolado_0",
			"from": [2, 16, 0],
			"to": [4, 16.5, 4],
			"rotation": {"angle": 0, "axis": "y", "origin": [8, 24, 8]},
			"faces": {
				"north": {"uv": [4, 0, 2, 1], "texture": "#bottom", "cullface": "up"},
				"east": {"uv": [3, 0, 4, 4], "rotation": 90, "texture": "#bottom", "cullface": "up"},
				"south": {"uv": [2, 3, 4, 4], "texture": "#bottom", "cullface": "up"},
				"west": {"uv": [2, 0, 3, 4], "rotation": 270, "texture": "#bottom", "cullface": "up"},
				"up": {"uv": [2, 0, 4, 4], "texture": "#bottom", "cullface": "up"}
			}
		},
		{
			"name": "cobblestone_isolado_1",
			"from": [7, 16, 0],
			"to": [10, 16.5, 4],
			"rotation": {"angle": 0, "axis": "y", "origin": [8, 24, 8]},
			"faces": {
				"north": {"uv": [10, 0, 7, 1], "texture": "#bottom", "cullface": "up"},
				"east": {"uv": [9, 0, 10, 4], "rotation": 90, "texture": "#bottom", "cullface": "up"},
				"south": {"uv": [7, 3, 10, 4], "texture": "#bottom", "cullface": "up"},
				"west": {"uv": [7, 0, 8, 4], "rotation": 270, "texture": "#bottom", "cullface": "up"},
				"up": {"uv": [7, 0, 10, 4], "texture": "#bottom", "cullface": "up"}
			}
		},
		{
			"name": "cobblestone_isolado_2",
			"from": [10, 16, 0],
			"to": [11, 16.5, 2],
			"rotation": {"angle": 0, "axis": "y", "origin": [8, 24, 8]},
			"faces": {
				"north": {"uv": [11, 0, 10, 1], "texture": "#bottom", "cullface": "up"},
				"east": {"uv": [10, 0, 11, 2], "rotation": 90, "texture": "#bottom", "cullface": "up"},
				"south": {"uv": [10, 1, 11, 2], "texture": "#bottom", "cullface": "up"},
				"up": {"uv": [10, 0, 11, 2], "texture": "#bottom", "cullface": "up"}
			}
		},
		{
			"name": "cobblestone_isolado_3",
			"from": [13, 16, 0],
			"to": [16, 16.5, 2],
			"rotation": {"angle": 0, "axis": "y", "origin": [8, 24, 8]},
			"faces": {
				"north": {"uv": [16, 0, 13, 1], "texture": "#bottom", "cullface": "up"},
				"east": {"uv": [15, 0, 16, 2], "rotation": 90, "texture": "#bottom", "cullface": "up"},
				"south": {"uv": [13, 1, 16, 2], "texture": "#bottom", "cullface": "up"},
				"west": {"uv": [13, 0, 14, 2], "rotation": 270, "texture": "#bottom", "cullface": "up"},
				"up": {"uv": [13, 0, 16, 2], "texture": "#bottom", "cullface": "up"}
			}
		},
		{
			"name": "cobblestone_isolado_4",
			"from": [1, 16, 1],
			"to": [2, 16.5, 3],
			"rotation": {"angle": 0, "axis": "y", "origin": [8, 24, 8]},
			"faces": {
				"north": {"uv": [2, 1, 1, 2], "texture": "#bottom", "cullface": "up"},
				"south": {"uv": [1, 2, 2, 3], "texture": "#bottom", "cullface": "up"},
				"west": {"uv": [1, 1, 2, 3], "rotation": 270, "texture": "#bottom", "cullface": "up"},
				"up": {"uv": [1, 1, 2, 3], "texture": "#bottom", "cullface": "up"}
			}
		},
		{
			"name": "cobblestone_isolado_5",
			"from": [4, 16, 1],
			"to": [5, 16.5, 3],
			"rotation": {"angle": 0, "axis": "y", "origin": [8, 24, 8]},
			"faces": {
				"north": {"uv": [5, 1, 4, 2], "texture": "#bottom", "cullface": "up"},
				"east": {"uv": [4, 1, 5, 3], "rotation": 90, "texture": "#bottom", "cullface": "up"},
				"south": {"uv": [4, 2, 5, 3], "texture": "#bottom", "cullface": "up"},
				"up": {"uv": [4, 1, 5, 3], "texture": "#bottom", "cullface": "up"}
			}
		},
		{
			"name": "cobblestone_isolado_6",
			"from": [6, 16, 1],
			"to": [7, 16.5, 4],
			"rotation": {"angle": 0, "axis": "y", "origin": [8, 24, 8]},
			"faces": {
				"north": {"uv": [7, 1, 6, 2], "texture": "#bottom", "cullface": "up"},
				"south": {"uv": [6, 3, 7, 4], "texture": "#bottom", "cullface": "up"},
				"west": {"uv": [6, 1, 7, 4], "rotation": 270, "texture": "#bottom", "cullface": "up"},
				"up": {"uv": [6, 1, 7, 4], "texture": "#bottom", "cullface": "up"}
			}
		},
		{
			"name": "cobblestone_isolado_7",
			"from": [14, 16, 2],
			"to": [16, 16.5, 3],
			"rotation": {"angle": 0, "axis": "y", "origin": [8, 24, 8]},
			"faces": {
				"east": {"uv": [15, 2, 16, 3], "rotation": 90, "texture": "#bottom", "cullface": "up"},
				"south": {"uv": [14, 2, 16, 3], "texture": "#bottom", "cullface": "up"},
				"west": {"uv": [14, 2, 15, 3], "rotation": 270, "texture": "#bottom", "cullface": "up"},
				"up": {"uv": [14, 2, 16, 3], "texture": "#bottom", "cullface": "up"}
			}
		},
		{
			"name": "cobblestone_isolado_8",
			"from": [11, 16, 3],
			"to": [14, 16.5, 7],
			"rotation": {"angle": 0, "axis": "y", "origin": [8, 24, 8]},
			"faces": {
				"north": {"uv": [14, 3, 11, 4], "texture": "#bottom", "cullface": "up"},
				"east": {"uv": [13, 3, 14, 7], "rotation": 90, "texture": "#bottom", "cullface": "up"},
				"south": {"uv": [11, 6, 14, 7], "texture": "#bottom", "cullface": "up"},
				"west": {"uv": [11, 3, 12, 7], "rotation": 270, "texture": "#bottom", "cullface": "up"},
				"up": {"uv": [11, 3, 14, 7], "texture": "#bottom", "cullface": "up"}
			}
		},
		{
			"name": "cobblestone_isolado_9",
			"from": [4, 16, 4],
			"to": [6, 16.5, 8],
			"rotation": {"angle": 0, "axis": "y", "origin": [8, 24, 8]},
			"faces": {
				"north": {"uv": [6, 4, 4, 5], "texture": "#bottom", "cullface": "up"},
				"east": {"uv": [5, 4, 6, 8], "rotation": 90, "texture": "#bottom", "cullface": "up"},
				"south": {"uv": [4, 7, 6, 8], "texture": "#bottom", "cullface": "up"},
				"west": {"uv": [4, 4, 5, 8], "rotation": 270, "texture": "#bottom", "cullface": "up"},
				"up": {"uv": [4, 4, 6, 8], "texture": "#bottom", "cullface": "up"}
			}
		},
		{
			"name": "cobblestone_isolado_10",
			"from": [7, 16, 4],
			"to": [8, 16.5, 5],
			"rotation": {"angle": 0, "axis": "y", "origin": [8, 24, 8]},
			"faces": {
				"east": {"uv": [7, 4, 8, 5], "rotation": 90, "texture": "#bottom", "cullface": "up"},
				"south": {"uv": [7, 4, 8, 5], "texture": "#bottom", "cullface": "up"},
				"west": {"uv": [7, 4, 8, 5], "rotation": 270, "texture": "#bottom", "cullface": "up"},
				"up": {"uv": [7, 4, 8, 5], "texture": "#bottom", "cullface": "up"}
			}
		},
		{
			"name": "cobblestone_isolado_11",
			"from": [10, 16, 4],
			"to": [11, 16.5, 5],
			"rotation": {"angle": 0, "axis": "y", "origin": [8, 24, 8]},
			"faces": {
				"north": {"uv": [11, 4, 10, 5], "texture": "#bottom", "cullface": "up"},
				"south": {"uv": [10, 4, 11, 5], "texture": "#bottom", "cullface": "up"},
				"west": {"uv": [10, 4, 11, 5], "rotation": 270, "texture": "#bottom", "cullface": "up"},
				"up": {"uv": [10, 4, 11, 5], "texture": "#bottom", "cullface": "up"}
			}
		},
		{
			"name": "cobblestone_isolado_12",
			"from": [14, 16, 4],
			"to": [15, 16.5, 5],
			"rotation": {"angle": 0, "axis": "y", "origin": [8, 24, 8]},
			"faces": {
				"north": {"uv": [15, 4, 14, 5], "texture": "#bottom", "cullface": "up"},
				"east": {"uv": [14, 4, 15, 5], "rotation": 90, "texture": "#bottom", "cullface": "up"},
				"south": {"uv": [14, 4, 15, 5], "texture": "#bottom", "cullface": "up"},
				"up": {"uv": [14, 4, 15, 5], "texture": "#bottom", "cullface": "up"}
			}
		},
		{
			"name": "cobblestone_isolado_13",
			"from": [0, 16, 5],
			"to": [1, 16.5, 8],
			"rotation": {"angle": 0, "axis": "y", "origin": [8, 24, 8]},
			"faces": {
				"north": {"uv": [1, 5, 0, 6], "texture": "#bottom", "cullface": "up"},
				"east": {"uv": [0, 5, 1, 8], "rotation": 90, "texture": "#bottom", "cullface": "up"},
				"south": {"uv": [0, 7, 1, 8], "texture": "#bottom", "cullface": "up"},
				"west": {"uv": [0, 5, 1, 8], "rotation": 270, "texture": "#bottom", "cullface": "up"},
				"up": {"uv": [0, 5, 1, 8], "texture": "#bottom", "cullface": "up"}
			}
		},
		{
			"name": "cobblestone_isolado_14",
			"from": [2, 16, 5],
			"to": [4, 16.5, 6],
			"rotation": {"angle": 0, "axis": "y", "origin": [8, 24, 8]},
			"faces": {
				"north": {"uv": [4, 5, 2, 6], "texture": "#bottom", "cullface": "up"},
				"south": {"uv": [2, 5, 4, 6], "texture": "#bottom", "cullface": "up"},
				"west": {"uv": [2, 5, 3, 6], "rotation": 270, "texture": "#bottom", "cullface": "up"},
				"up": {"uv": [2, 5, 4, 6], "texture": "#bottom", "cullface": "up"}
			}
		},
		{
			"name": "cobblestone_isolado_15",
			"from": [15, 16, 5],
			"to": [16, 16.5, 9],
			"rotation": {"angle": 0, "axis": "y", "origin": [8, 24, 8]},
			"faces": {
				"north": {"uv": [16, 5, 15, 6], "texture": "#bottom", "cullface": "up"},
				"east": {"uv": [15, 5, 16, 9], "rotation": 90, "texture": "#bottom", "cullface": "up"},
				"south": {"uv": [15, 8, 16, 9], "texture": "#bottom", "cullface": "up"},
				"west": {"uv": [15, 5, 16, 9], "rotation": 270, "texture": "#bottom", "cullface": "up"},
				"up": {"uv": [15, 5, 16, 9], "texture": "#bottom", "cullface": "up"}
			}
		},
		{
			"name": "cobblestone_isolado_16",
			"from": [1, 16, 6],
			"to": [2, 16.5, 8],
			"rotation": {"angle": 0, "axis": "y", "origin": [8, 24, 8]},
			"faces": {
				"north": {"uv": [2, 6, 1, 7], "texture": "#bottom", "cullface": "up"},
				"east": {"uv": [1, 6, 2, 8], "rotation": 90, "texture": "#bottom", "cullface": "up"},
				"south": {"uv": [1, 7, 2, 8], "texture": "#bottom", "cullface": "up"},
				"up": {"uv": [1, 6, 2, 8], "texture": "#bottom", "cullface": "up"}
			}
		},
		{
			"name": "cobblestone_isolado_17",
			"from": [3, 16, 6],
			"to": [4, 16.5, 7],
			"rotation": {"angle": 0, "axis": "y", "origin": [8, 24, 8]},
			"faces": {
				"south": {"uv": [3, 6, 4, 7], "texture": "#bottom", "cullface": "up"},
				"west": {"uv": [3, 6, 4, 7], "rotation": 270, "texture": "#bottom", "cullface": "up"},
				"up": {"uv": [3, 6, 4, 7], "texture": "#bottom", "cullface": "up"}
			}
		},
		{
			"name": "cobblestone_isolado_18",
			"from": [8, 16, 7],
			"to": [11, 16.5, 9],
			"rotation": {"angle": 0, "axis": "y", "origin": [8, 24, 8]},
			"faces": {
				"north": {"uv": [11, 7, 8, 8], "texture": "#bottom", "cullface": "up"},
				"east": {"uv": [10, 7, 11, 9], "rotation": 90, "texture": "#bottom", "cullface": "up"},
				"south": {"uv": [8, 8, 11, 9], "texture": "#bottom", "cullface": "up"},
				"west": {"uv": [8, 7, 9, 9], "rotation": 270, "texture": "#bottom", "cullface": "up"},
				"up": {"uv": [8, 7, 11, 9], "texture": "#bottom", "cullface": "up"}
			}
		},
		{
			"name": "cobblestone_isolado_19",
			"from": [2, 16, 8],
			"to": [4, 16.5, 11],
			"rotation": {"angle": 0, "axis": "y", "origin": [8, 24, 8]},
			"faces": {
				"north": {"uv": [4, 8, 2, 9], "texture": "#bottom", "cullface": "up"},
				"east": {"uv": [3, 8, 4, 11], "rotation": 90, "texture": "#bottom", "cullface": "up"},
				"south": {"uv": [2, 10, 4, 11], "texture": "#bottom", "cullface": "up"},
				"west": {"uv": [2, 8, 3, 11], "rotation": 270, "texture": "#bottom", "cullface": "up"},
				"up": {"uv": [2, 8, 4, 11], "texture": "#bottom", "cullface": "up"}
			}
		},
		{
			"name": "cobblestone_isolado_20",
			"from": [7, 16, 8],
			"to": [8, 16.5, 9],
			"rotation": {"angle": 0, "axis": "y", "origin": [8, 24, 8]},
			"faces": {
				"north": {"uv": [8, 8, 7, 9], "texture": "#bottom", "cullface": "up"},
				"south": {"uv": [7, 8, 8, 9], "texture": "#bottom", "cullface": "up"},
				"west": {"uv": [7, 8, 8, 9], "rotation": 270, "texture": "#bottom", "cullface": "up"},
				"up": {"uv": [7, 8, 8, 9], "texture": "#bottom", "cullface": "up"}
			}
		},
		{
			"name": "cobblestone_isolado_21",
			"from": [11, 16, 8],
			"to": [12, 16.5, 9],
			"rotation": {"angle": 0, "axis": "y", "origin": [8, 24, 8]},
			"faces": {
				"north": {"uv": [12, 8, 11, 9], "texture": "#bottom", "cullface": "up"},
				"east": {"uv": [11, 8, 12, 9], "rotation": 90, "texture": "#bottom", "cullface": "up"},
				"south": {"uv": [11, 8, 12, 9], "texture": "#bottom", "cullface": "up"},
				"up": {"uv": [11, 8, 12, 9], "texture": "#bottom", "cullface": "up"}
			}
		},
		{
			"name": "cobblestone_isolado_22",
			"from": [1, 16, 9],
			"to": [2, 16.5, 10],
			"rotation": {"angle": 0, "axis": "y", "origin": [8, 24, 8]},
			"faces": {
				"north": {"uv": [2, 9, 1, 10], "texture": "#bottom", "cullface": "up"},
				"south": {"uv": [1, 9, 2, 10], "texture": "#bottom", "cullface": "up"},
				"west": {"uv": [1, 9, 2, 10], "rotation": 270, "texture": "#bottom", "cullface": "up"},
				"up": {"uv": [1, 9, 2, 10], "texture": "#bottom", "cullface": "up"}
			}
		},
		{
			"name": "cobblestone_isolado_23",
			"from": [8, 16, 9],
			"to": [10, 16.5, 10],
			"rotation": {"angle": 0, "axis": "y", "origin": [8, 24, 8]},
			"faces": {
				"east": {"uv": [9, 9, 10, 10], "rotation": 90, "texture": "#bottom", "cullface": "up"},
				"south": {"uv": [8, 9, 10, 10], "texture": "#bottom", "cullface": "up"},
				"west": {"uv": [8, 9, 9, 10], "rotation": 270, "texture": "#bottom", "cullface": "up"},
				"up": {"uv": [8, 9, 10, 10], "texture": "#bottom", "cullface": "up"}
			}
		},
		{
			"name": "cobblestone_isolado_24",
			"from": [13, 16, 9],
			"to": [15, 16.5, 12],
			"rotation": {"angle": 0, "axis": "y", "origin": [8, 24, 8]},
			"faces": {
				"north": {"uv": [15, 9, 13, 10], "texture": "#bottom", "cullface": "up"},
				"east": {"uv": [14, 9, 15, 12], "rotation": 90, "texture": "#bottom", "cullface": "up"},
				"south": {"uv": [13, 11, 15, 12], "texture": "#bottom", "cullface": "up"},
				"west": {"uv": [13, 9, 14, 12], "rotation": 270, "texture": "#bottom", "cullface": "up"},
				"up": {"uv": [13, 9, 15, 12], "texture": "#bottom", "cullface": "up"}
			}
		},
		{
			"name": "cobblestone_isolado_25",
			"from": [15, 16, 10],
			"to": [16, 16.5, 11],
			"rotation": {"angle": 0, "axis": "y", "origin": [8, 24, 8]},
			"faces": {
				"north": {"uv": [16, 10, 15, 11], "texture": "#bottom", "cullface": "up"},
				"east": {"uv": [15, 10, 16, 11], "rotation": 90, "texture": "#bottom", "cullface": "up"},
				"south": {"uv": [15, 10, 16, 11], "texture": "#bottom", "cullface": "up"},
				"up": {"uv": [15, 10, 16, 11], "texture": "#bottom", "cullface": "up"}
			}
		},
		{
			"name": "cobblestone_isolado_26",
			"from": [7, 16, 11],
			"to": [9, 16.5, 14],
			"rotation": {"angle": 0, "axis": "y", "origin": [8, 24, 8]},
			"faces": {
				"north": {"uv": [9, 11, 7, 12], "texture": "#bottom", "cullface": "up"},
				"east": {"uv": [8, 11, 9, 14], "rotation": 90, "texture": "#bottom", "cullface": "up"},
				"south": {"uv": [7, 13, 9, 14], "texture": "#bottom", "cullface": "up"},
				"west": {"uv": [7, 11, 8, 14], "rotation": 270, "texture": "#bottom", "cullface": "up"},
				"up": {"uv": [7, 11, 9, 14], "texture": "#bottom", "cullface": "up"}
			}
		},
		{
			"name": "cobblestone_isolado_27",
			"from": [12, 16, 11],
			"to": [13, 16.5, 13],
			"rotation": {"angle": 0, "axis": "y", "origin": [8, 24, 8]},
			"faces": {
				"north": {"uv": [13, 11, 12, 12], "texture": "#bottom", "cullface": "up"},
				"south": {"uv": [12, 12, 13, 13], "texture": "#bottom", "cullface": "up"},
				"west": {"uv": [12, 11, 13, 13], "rotation": 270, "texture": "#bottom", "cullface": "up"},
				"up": {"uv": [12, 11, 13, 13], "texture": "#bottom", "cullface": "up"}
			}
		},
		{
			"name": "cobblestone_isolado_28",
			"from": [1, 16, 12],
			"to": [4, 16.5, 14],
			"rotation": {"angle": 0, "axis": "y", "origin": [8, 24, 8]},
			"faces": {
				"north": {"uv": [4, 12, 1, 13], "texture": "#bottom", "cullface": "up"},
				"east": {"uv": [3, 12, 4, 14], "rotation": 90, "texture": "#bottom", "cullface": "up"},
				"south": {"uv": [1, 13, 4, 14], "texture": "#bottom", "cullface": "up"},
				"west": {"uv": [1, 12, 2, 14], "rotation": 270, "texture": "#bottom", "cullface": "up"},
				"up": {"uv": [1, 12, 4, 14], "texture": "#bottom", "cullface": "up"}
			}
		},
		{
			"name": "cobblestone_isolado_29",
			"from": [6, 16, 12],
			"to": [7, 16.5, 14],
			"rotation": {"angle": 0, "axis": "y", "origin": [8, 24, 8]},
			"faces": {
				"north": {"uv": [7, 12, 6, 13], "texture": "#bottom", "cullface": "up"},
				"south": {"uv": [6, 13, 7, 14], "texture": "#bottom", "cullface": "up"},
				"west": {"uv": [6, 12, 7, 14], "rotation": 270, "texture": "#bottom", "cullface": "up"},
				"up": {"uv": [6, 12, 7, 14], "texture": "#bottom", "cullface": "up"}
			}
		},
		{
			"name": "cobblestone_isolado_30",
			"from": [9, 16, 12],
			"to": [10, 16.5, 15],
			"rotation": {"angle": 0, "axis": "y", "origin": [8, 24, 8]},
			"faces": {
				"north": {"uv": [10, 12, 9, 13], "texture": "#bottom", "cullface": "up"},
				"east": {"uv": [9, 12, 10, 15], "rotation": 90, "texture": "#bottom", "cullface": "up"},
				"south": {"uv": [9, 14, 10, 15], "texture": "#bottom", "cullface": "up"},
				"up": {"uv": [9, 12, 10, 15], "texture": "#bottom", "cullface": "up"}
			}
		},
		{
			"name": "cobblestone_isolado_31",
			"from": [13, 16, 12],
			"to": [14, 16.5, 13],
			"rotation": {"angle": 0, "axis": "y", "origin": [8, 24, 8]},
			"faces": {
				"east": {"uv": [13, 12, 14, 13], "rotation": 90, "texture": "#bottom", "cullface": "up"},
				"south": {"uv": [13, 12, 14, 13], "texture": "#bottom", "cullface": "up"},
				"up": {"uv": [13, 12, 14, 13], "texture": "#bottom", "cullface": "up"}
			}
		},
		{
			"name": "cobblestone_isolado_32",
			"from": [10, 16, 13],
			"to": [11, 16.5, 14],
			"rotation": {"angle": 0, "axis": "y", "origin": [8, 24, 8]},
			"faces": {
				"north": {"uv": [11, 13, 10, 14], "texture": "#bottom", "cullface": "up"},
				"east": {"uv": [10, 13, 11, 14], "rotation": 90, "texture": "#bottom", "cullface": "up"},
				"south": {"uv": [10, 13, 11, 14], "texture": "#bottom", "cullface": "up"},
				"up": {"uv": [10, 13, 11, 14], "texture": "#bottom", "cullface": "up"}
			}
		},
		{
			"name": "cobblestone_isolado_33",
			"from": [0, 16, 14],
			"to": [3, 16.5, 15],
			"rotation": {"angle": 0, "axis": "y", "origin": [8, 24, 8]},
			"faces": {
				"north": {"uv": [3, 14, 0, 15], "texture": "#bottom", "cullface": "up"},
				"east": {"uv": [2, 14, 3, 15], "rotation": 90, "texture": "#bottom", "cullface": "up"},
				"south": {"uv": [0, 14, 3, 15], "texture": "#bottom", "cullface": "up"},
				"west": {"uv": [0, 14, 1, 15], "rotation": 270, "texture": "#bottom", "cullface": "up"},
				"up": {"uv": [0, 14, 3, 15], "texture": "#bottom", "cullface": "up"}
			}
		},
		{
			"name": "cobblestone_isolado_34",
			"from": [8, 16, 14],
			"to": [9, 16.5, 15],
			"rotation": {"angle": 0, "axis": "y", "origin": [8, 24, 8]},
			"faces": {
				"south": {"uv": [8, 14, 9, 15], "texture": "#bottom", "cullface": "up"},
				"west": {"uv": [8, 14, 9, 15], "rotation": 270, "texture": "#bottom", "cullface": "up"},
				"up": {"uv": [8, 14, 9, 15], "texture": "#bottom", "cullface": "up"}
			}
		},
		{
			"name": "cobblestone_isolado_35",
			"from": [12, 16, 14],
			"to": [14, 16.5, 16],
			"rotation": {"angle": 0, "axis": "y", "origin": [8, 24, 8]},
			"faces": {
				"north": {"uv": [14, 14, 12, 15], "texture": "#bottom", "cullface": "up"},
				"east": {"uv": [13, 14, 14, 16], "rotation": 90, "texture": "#bottom", "cullface": "up"},
				"south": {"uv": [12, 15, 14, 16], "texture": "#bottom", "cullface": "up"},
				"west": {"uv": [12, 14, 13, 16], "rotation": 270, "texture": "#bottom", "cullface": "up"},
				"up": {"uv": [12, 14, 14, 16], "texture": "#bottom", "cullface": "up"}
			}
		},
		{
			"name": "cobblestone_isolado_36",
			"from": [1, 16, 15],
			"to": [2, 16.5, 16],
			"rotation": {"angle": 0, "axis": "y", "origin": [8, 24, 8]},
			"faces": {
				"east": {"uv": [1, 15, 2, 16], "rotation": 90, "texture": "#bottom", "cullface": "up"},
				"south": {"uv": [1, 15, 2, 16], "texture": "#bottom", "cullface": "up"},
				"west": {"uv": [1, 15, 2, 16], "rotation": 270, "texture": "#bottom", "cullface": "up"},
				"up": {"uv": [1, 15, 2, 16], "texture": "#bottom", "cullface": "up"}
			}
		},
		{
			"name": "cobblestone_isolado_37",
			"from": [11, 16, 15],
			"to": [12, 16.5, 16],
			"rotation": {"angle": 0, "axis": "y", "origin": [8, 24, 8]},
			"faces": {
				"north": {"uv": [12, 15, 11, 16], "texture": "#bottom", "cullface": "up"},
				"south": {"uv": [11, 15, 12, 16], "texture": "#bottom", "cullface": "up"},
				"west": {"uv": [11, 15, 12, 16], "rotation": 270, "texture": "#bottom", "cullface": "up"},
				"up": {"uv": [11, 15, 12, 16], "texture": "#bottom", "cullface": "up"}
			}
		},
		{
			"name": "cobblestone_isolado_38",
			"from": [14, 16, 15],
			"to": [15, 16.5, 16],
			"rotation": {"angle": 0, "axis": "y", "origin": [8, 24, 8]},
			"faces": {
				"north": {"uv": [15, 15, 14, 16], "texture": "#bottom", "cullface": "up"},
				"east": {"uv": [14, 15, 15, 16], "rotation": 90, "texture": "#bottom", "cullface": "up"},
				"south": {"uv": [14, 15, 15, 16], "texture": "#bottom", "cullface": "up"},
				"up": {"uv": [14, 15, 15, 16], "texture": "#bottom", "cullface": "up"}
			}
		},
		{
			"name": "cobblestone_isolado_0",
			"from": [2, 7.5, 12],
			"to": [4, 8, 16],
			"rotation": {"angle": 0, "axis": "x", "origin": [8, 0, 8]},
			"faces": {
				"north": {"uv": [2, 3, 4, 4], "rotation": 180, "texture": "#bottom"},
				"east": {"uv": [3, 0, 4, 4], "rotation": 270, "texture": "#bottom"},
				"south": {"uv": [4, 0, 2, 1], "rotation": 180, "texture": "#bottom"},
				"west": {"uv": [2, 0, 3, 4], "rotation": 90, "texture": "#bottom"},
				"down": {"uv": [2, 0, 4, 4], "texture": "#bottom"}
			}
		},
		{
			"name": "cobblestone_isolado_1",
			"from": [7, 7.5, 12],
			"to": [10, 8, 16],
			"rotation": {"angle": 0, "axis": "x", "origin": [8, 0, 8]},
			"faces": {
				"north": {"uv": [7, 3, 10, 4], "rotation": 180, "texture": "#bottom"},
				"east": {"uv": [9, 0, 10, 4], "rotation": 270, "texture": "#bottom"},
				"south": {"uv": [10, 0, 7, 1], "rotation": 180, "texture": "#bottom"},
				"west": {"uv": [7, 0, 8, 4], "rotation": 90, "texture": "#bottom"},
				"down": {"uv": [7, 0, 10, 4], "texture": "#bottom"}
			}
		},
		{
			"name": "cobblestone_isolado_2",
			"from": [10, 7.5, 14],
			"to": [11, 8, 16],
			"rotation": {"angle": 0, "axis": "x", "origin": [8, 0, 8]},
			"faces": {
				"north": {"uv": [10, 1, 11, 2], "rotation": 180, "texture": "#bottom"},
				"east": {"uv": [10, 0, 11, 2], "rotation": 270, "texture": "#bottom"},
				"south": {"uv": [11, 0, 10, 1], "rotation": 180, "texture": "#bottom"},
				"down": {"uv": [10, 0, 11, 2], "texture": "#bottom"}
			}
		},
		{
			"name": "cobblestone_isolado_3",
			"from": [13, 7.5, 14],
			"to": [16, 8, 16],
			"rotation": {"angle": 0, "axis": "x", "origin": [8, 0, 8]},
			"faces": {
				"north": {"uv": [13, 1, 16, 2], "rotation": 180, "texture": "#bottom"},
				"east": {"uv": [15, 0, 16, 2], "rotation": 270, "texture": "#bottom"},
				"south": {"uv": [16, 0, 13, 1], "rotation": 180, "texture": "#bottom"},
				"west": {"uv": [13, 0, 14, 2], "rotation": 90, "texture": "#bottom"},
				"down": {"uv": [13, 0, 16, 2], "texture": "#bottom"}
			}
		},
		{
			"name": "cobblestone_isolado_4",
			"from": [1, 7.5, 13],
			"to": [2, 8, 15],
			"rotation": {"angle": 0, "axis": "x", "origin": [8, 0, 8]},
			"faces": {
				"north": {"uv": [1, 2, 2, 3], "rotation": 180, "texture": "#bottom"},
				"south": {"uv": [2, 1, 1, 2], "rotation": 180, "texture": "#bottom"},
				"west": {"uv": [1, 1, 2, 3], "rotation": 90, "texture": "#bottom"},
				"down": {"uv": [1, 1, 2, 3], "texture": "#bottom"}
			}
		},
		{
			"name": "cobblestone_isolado_5",
			"from": [4, 7.5, 13],
			"to": [5, 8, 15],
			"rotation": {"angle": 0, "axis": "x", "origin": [8, 0, 8]},
			"faces": {
				"north": {"uv": [4, 2, 5, 3], "rotation": 180, "texture": "#bottom"},
				"east": {"uv": [4, 1, 5, 3], "rotation": 270, "texture": "#bottom"},
				"south": {"uv": [5, 1, 4, 2], "rotation": 180, "texture": "#bottom"},
				"down": {"uv": [4, 1, 5, 3], "texture": "#bottom"}
			}
		},
		{
			"name": "cobblestone_isolado_6",
			"from": [6, 7.5, 12],
			"to": [7, 8, 15],
			"rotation": {"angle": 0, "axis": "x", "origin": [8, 0, 8]},
			"faces": {
				"north": {"uv": [6, 3, 7, 4], "rotation": 180, "texture": "#bottom"},
				"south": {"uv": [7, 1, 6, 2], "rotation": 180, "texture": "#bottom"},
				"west": {"uv": [6, 1, 7, 4], "rotation": 90, "texture": "#bottom"},
				"down": {"uv": [6, 1, 7, 4], "texture": "#bottom"}
			}
		},
		{
			"name": "cobblestone_isolado_7",
			"from": [14, 7.5, 13],
			"to": [16, 8, 14],
			"rotation": {"angle": 0, "axis": "x", "origin": [8, 0, 8]},
			"faces": {
				"north": {"uv": [14, 2, 16, 3], "rotation": 180, "texture": "#bottom"},
				"east": {"uv": [15, 2, 16, 3], "rotation": 270, "texture": "#bottom"},
				"west": {"uv": [14, 2, 15, 3], "rotation": 90, "texture": "#bottom"},
				"down": {"uv": [14, 2, 16, 3], "texture": "#bottom"}
			}
		},
		{
			"name": "cobblestone_isolado_8",
			"from": [11, 7.5, 9],
			"to": [14, 8, 13],
			"rotation": {"angle": 0, "axis": "x", "origin": [8, 0, 8]},
			"faces": {
				"north": {"uv": [11, 6, 14, 7], "rotation": 180, "texture": "#bottom"},
				"east": {"uv": [13, 3, 14, 7], "rotation": 270, "texture": "#bottom"},
				"south": {"uv": [14, 3, 11, 4], "rotation": 180, "texture": "#bottom"},
				"west": {"uv": [11, 3, 12, 7], "rotation": 90, "texture": "#bottom"},
				"down": {"uv": [11, 3, 14, 7], "texture": "#bottom"}
			}
		},
		{
			"name": "cobblestone_isolado_9",
			"from": [4, 7.5, 8],
			"to": [6, 8, 12],
			"rotation": {"angle": 0, "axis": "x", "origin": [8, 0, 8]},
			"faces": {
				"north": {"uv": [4, 7, 6, 8], "rotation": 180, "texture": "#bottom"},
				"east": {"uv": [5, 4, 6, 8], "rotation": 270, "texture": "#bottom"},
				"south": {"uv": [6, 4, 4, 5], "rotation": 180, "texture": "#bottom"},
				"west": {"uv": [4, 4, 5, 8], "rotation": 90, "texture": "#bottom"},
				"down": {"uv": [4, 4, 6, 8], "texture": "#bottom"}
			}
		},
		{
			"name": "cobblestone_isolado_10",
			"from": [7, 7.5, 11],
			"to": [8, 8, 12],
			"rotation": {"angle": 0, "axis": "x", "origin": [8, 0, 8]},
			"faces": {
				"north": {"uv": [7, 4, 8, 5], "rotation": 180, "texture": "#bottom"},
				"east": {"uv": [7, 4, 8, 5], "rotation": 270, "texture": "#bottom"},
				"west": {"uv": [7, 4, 8, 5], "rotation": 90, "texture": "#bottom"},
				"down": {"uv": [7, 4, 8, 5], "texture": "#bottom"}
			}
		},
		{
			"name": "cobblestone_isolado_11",
			"from": [10, 7.5, 11],
			"to": [11, 8, 12],
			"rotation": {"angle": 0, "axis": "x", "origin": [8, 0, 8]},
			"faces": {
				"north": {"uv": [10, 4, 11, 5], "rotation": 180, "texture": "#bottom"},
				"south": {"uv": [11, 4, 10, 5], "rotation": 180, "texture": "#bottom"},
				"west": {"uv": [10, 4, 11, 5], "rotation": 90, "texture": "#bottom"},
				"down": {"uv": [10, 4, 11, 5], "texture": "#bottom"}
			}
		},
		{
			"name": "cobblestone_isolado_12",
			"from": [14, 7.5, 11],
			"to": [15, 8, 12],
			"rotation": {"angle": 0, "axis": "x", "origin": [8, 0, 8]},
			"faces": {
				"north": {"uv": [14, 4, 15, 5], "rotation": 180, "texture": "#bottom"},
				"east": {"uv": [14, 4, 15, 5], "rotation": 270, "texture": "#bottom"},
				"south": {"uv": [15, 4, 14, 5], "rotation": 180, "texture": "#bottom"},
				"down": {"uv": [14, 4, 15, 5], "texture": "#bottom"}
			}
		},
		{
			"name": "cobblestone_isolado_13",
			"from": [0, 7.5, 8],
			"to": [1, 8, 11],
			"rotation": {"angle": 0, "axis": "x", "origin": [8, 0, 8]},
			"faces": {
				"north": {"uv": [0, 7, 1, 8], "rotation": 180, "texture": "#bottom"},
				"east": {"uv": [0, 5, 1, 8], "rotation": 270, "texture": "#bottom"},
				"south": {"uv": [1, 5, 0, 6], "rotation": 180, "texture": "#bottom"},
				"west": {"uv": [0, 5, 1, 8], "rotation": 90, "texture": "#bottom"},
				"down": {"uv": [0, 5, 1, 8], "texture": "#bottom"}
			}
		},
		{
			"name": "cobblestone_isolado_14",
			"from": [2, 7.5, 10],
			"to": [4, 8, 11],
			"rotation": {"angle": 0, "axis": "x", "origin": [8, 0, 8]},
			"faces": {
				"north": {"uv": [2, 5, 4, 6], "rotation": 180, "texture": "#bottom"},
				"south": {"uv": [4, 5, 2, 6], "rotation": 180, "texture": "#bottom"},
				"west": {"uv": [2, 5, 3, 6], "rotation": 90, "texture": "#bottom"},
				"down": {"uv": [2, 5, 4, 6], "texture": "#bottom"}
			}
		},
		{
			"name": "cobblestone_isolado_15",
			"from": [15, 7.5, 7],
			"to": [16, 8, 11],
			"rotation": {"angle": 0, "axis": "x", "origin": [8, 0, 8]},
			"faces": {
				"north": {"uv": [15, 8, 16, 9], "rotation": 180, "texture": "#bottom"},
				"east": {"uv": [15, 5, 16, 9], "rotation": 270, "texture": "#bottom"},
				"south": {"uv": [16, 5, 15, 6], "rotation": 180, "texture": "#bottom"},
				"west": {"uv": [15, 5, 16, 9], "rotation": 90, "texture": "#bottom"},
				"down": {"uv": [15, 5, 16, 9], "texture": "#bottom"}
			}
		},
		{
			"name": "cobblestone_isolado_16",
			"from": [1, 7.5, 8],
			"to": [2, 8, 10],
			"rotation": {"angle": 0, "axis": "x", "origin": [8, 0, 8]},
			"faces": {
				"north": {"uv": [1, 7, 2, 8], "rotation": 180, "texture": "#bottom"},
				"east": {"uv": [1, 6, 2, 8], "rotation": 270, "texture": "#bottom"},
				"south": {"uv": [2, 6, 1, 7], "rotation": 180, "texture": "#bottom"},
				"down": {"uv": [1, 6, 2, 8], "texture": "#bottom"}
			}
		},
		{
			"name": "cobblestone_isolado_17",
			"from": [3, 7.5, 9],
			"to": [4, 8, 10],
			"rotation": {"angle": 0, "axis": "x", "origin": [8, 0, 8]},
			"faces": {
				"north": {"uv": [3, 6, 4, 7], "rotation": 180, "texture": "#bottom"},
				"west": {"uv": [3, 6, 4, 7], "rotation": 90, "texture": "#bottom"},
				"down": {"uv": [3, 6, 4, 7], "texture": "#bottom"}
			}
		},
		{
			"name": "cobblestone_isolado_18",
			"from": [8, 7.5, 7],
			"to": [11, 8, 9],
			"rotation": {"angle": 0, "axis": "x", "origin": [8, 0, 8]},
			"faces": {
				"north": {"uv": [8, 8, 11, 9], "rotation": 180, "texture": "#bottom"},
				"east": {"uv": [10, 7, 11, 9], "rotation": 270, "texture": "#bottom"},
				"south": {"uv": [11, 7, 8, 8], "rotation": 180, "texture": "#bottom"},
				"west": {"uv": [8, 7, 9, 9], "rotation": 90, "texture": "#bottom"},
				"down": {"uv": [8, 7, 11, 9], "texture": "#bottom"}
			}
		},
		{
			"name": "cobblestone_isolado_19",
			"from": [2, 7.5, 5],
			"to": [4, 8, 8],
			"rotation": {"angle": 0, "axis": "x", "origin": [8, 0, 8]},
			"faces": {
				"north": {"uv": [2, 10, 4, 11], "rotation": 180, "texture": "#bottom"},
				"east": {"uv": [3, 8, 4, 11], "rotation": 270, "texture": "#bottom"},
				"south": {"uv": [4, 8, 2, 9], "rotation": 180, "texture": "#bottom"},
				"west": {"uv": [2, 8, 3, 11], "rotation": 90, "texture": "#bottom"},
				"down": {"uv": [2, 8, 4, 11], "texture": "#bottom"}
			}
		},
		{
			"name": "cobblestone_isolado_20",
			"from": [7, 7.5, 7],
			"to": [8, 8, 8],
			"rotation": {"angle": 0, "axis": "x", "origin": [8, 0, 8]},
			"faces": {
				"north": {"uv": [7, 8, 8, 9], "rotation": 180, "texture": "#bottom"},
				"south": {"uv": [8, 8, 7, 9], "rotation": 180, "texture": "#bottom"},
				"west": {"uv": [7, 8, 8, 9], "rotation": 90, "texture": "#bottom"},
				"down": {"uv": [7, 8, 8, 9], "texture": "#bottom"}
			}
		},
		{
			"name": "cobblestone_isolado_21",
			"from": [11, 7.5, 7],
			"to": [12, 8, 8],
			"rotation": {"angle": 0, "axis": "x", "origin": [8, 0, 8]},
			"faces": {
				"north": {"uv": [11, 8, 12, 9], "rotation": 180, "texture": "#bottom"},
				"east": {"uv": [11, 8, 12, 9], "rotation": 270, "texture": "#bottom"},
				"south": {"uv": [12, 8, 11, 9], "rotation": 180, "texture": "#bottom"},
				"down": {"uv": [11, 8, 12, 9], "texture": "#bottom"}
			}
		},
		{
			"name": "cobblestone_isolado_22",
			"from": [1, 7.5, 6],
			"to": [2, 8, 7],
			"rotation": {"angle": 0, "axis": "x", "origin": [8, 0, 8]},
			"faces": {
				"north": {"uv": [1, 9, 2, 10], "rotation": 180, "texture": "#bottom"},
				"south": {"uv": [2, 9, 1, 10], "rotation": 180, "texture": "#bottom"},
				"west": {"uv": [1, 9, 2, 10], "rotation": 90, "texture": "#bottom"},
				"down": {"uv": [1, 9, 2, 10], "texture": "#bottom"}
			}
		},
		{
			"name": "cobblestone_isolado_23",
			"from": [8, 7.5, 6],
			"to": [10, 8, 7],
			"rotation": {"angle": 0, "axis": "x", "origin": [8, 0, 8]},
			"faces": {
				"north": {"uv": [8, 9, 10, 10], "rotation": 180, "texture": "#bottom"},
				"east": {"uv": [9, 9, 10, 10], "rotation": 270, "texture": "#bottom"},
				"west": {"uv": [8, 9, 9, 10], "rotation": 90, "texture": "#bottom"},
				"down": {"uv": [8, 9, 10, 10], "texture": "#bottom"}
			}
		},
		{
			"name": "cobblestone_isolado_24",
			"from": [13, 7.5, 4],
			"to": [15, 8, 7],
			"rotation": {"angle": 0, "axis": "x", "origin": [8, 0, 8]},
			"faces": {
				"north": {"uv": [13, 11, 15, 12], "rotation": 180, "texture": "#bottom"},
				"east": {"uv": [14, 9, 15, 12], "rotation": 270, "texture": "#bottom"},
				"south": {"uv": [15, 9, 13, 10], "rotation": 180, "texture": "#bottom"},
				"west": {"uv": [13, 9, 14, 12], "rotation": 90, "texture": "#bottom"},
				"down": {"uv": [13, 9, 15, 12], "texture": "#bottom"}
			}
		},
		{
			"name": "cobblestone_isolado_25",
			"from": [15, 7.5, 5],
			"to": [16, 8, 6],
			"rotation": {"angle": 0, "axis": "x", "origin": [8, 0, 8]},
			"faces": {
				"north": {"uv": [15, 10, 16, 11], "rotation": 180, "texture": "#bottom"},
				"east": {"uv": [15, 10, 16, 11], "rotation": 270, "texture": "#bottom"},
				"south": {"uv": [16, 10, 15, 11], "rotation": 180, "texture": "#bottom"},
				"down": {"uv": [15, 10, 16, 11], "texture": "#bottom"}
			}
		},
		{
			"name": "cobblestone_isolado_26",
			"from": [7, 7.5, 2],
			"to": [9, 8, 5],
			"rotation": {"angle": 0, "axis": "x", "origin": [8, 0, 8]},
			"faces": {
				"north": {"uv": [7, 13, 9, 14], "rotation": 180, "texture": "#bottom"},
				"east": {"uv": [8, 11, 9, 14], "rotation": 270, "texture": "#bottom"},
				"south": {"uv": [9, 11, 7, 12], "rotation": 180, "texture": "#bottom"},
				"west": {"uv": [7, 11, 8, 14], "rotation": 90, "texture": "#bottom"},
				"down": {"uv": [7, 11, 9, 14], "texture": "#bottom"}
			}
		},
		{
			"name": "cobblestone_isolado_27",
			"from": [12, 7.5, 3],
			"to": [13, 8, 5],
			"rotation": {"angle": 0, "axis": "x", "origin": [8, 0, 8]},
			"faces": {
				"north": {"uv": [12, 12, 13, 13], "rotation": 180, "texture": "#bottom"},
				"south": {"uv": [13, 11, 12, 12], "rotation": 180, "texture": "#bottom"},
				"west": {"uv": [12, 11, 13, 13], "rotation": 90, "texture": "#bottom"},
				"down": {"uv": [12, 11, 13, 13], "texture": "#bottom"}
			}
		},
		{
			"name": "cobblestone_isolado_28",
			"from": [1, 7.5, 2],
			"to": [4, 8, 4],
			"rotation": {"angle": 0, "axis": "x", "origin": [8, 0, 8]},
			"faces": {
				"north": {"uv": [1, 13, 4, 14], "rotation": 180, "texture": "#bottom"},
				"east": {"uv": [3, 12, 4, 14], "rotation": 270, "texture": "#bottom"},
				"south": {"uv": [4, 12, 1, 13], "rotation": 180, "texture": "#bottom"},
				"west": {"uv": [1, 12, 2, 14], "rotation": 90, "texture": "#bottom"},
				"down": {"uv": [1, 12, 4, 14], "texture": "#bottom"}
			}
		},
		{
			"name": "cobblestone_isolado_29",
			"from": [6, 7.5, 2],
			"to": [7, 8, 4],
			"rotation": {"angle": 0, "axis": "x", "origin": [8, 0, 8]},
			"faces": {
				"north": {"uv": [6, 13, 7, 14], "rotation": 180, "texture": "#bottom"},
				"south": {"uv": [7, 12, 6, 13], "rotation": 180, "texture": "#bottom"},
				"west": {"uv": [6, 12, 7, 14], "rotation": 90, "texture": "#bottom"},
				"down": {"uv": [6, 12, 7, 14], "texture": "#bottom"}
			}
		},
		{
			"name": "cobblestone_isolado_30",
			"from": [9, 7.5, 1],
			"to": [10, 8, 4],
			"rotation": {"angle": 0, "axis": "x", "origin": [8, 0, 8]},
			"faces": {
				"north": {"uv": [9, 14, 10, 15], "rotation": 180, "texture": "#bottom"},
				"east": {"uv": [9, 12, 10, 15], "rotation": 270, "texture": "#bottom"},
				"south": {"uv": [10, 12, 9, 13], "rotation": 180, "texture": "#bottom"},
				"down": {"uv": [9, 12, 10, 15], "texture": "#bottom"}
			}
		},
		{
			"name": "cobblestone_isolado_31",
			"from": [13, 7.5, 3],
			"to": [14, 8, 4],
			"rotation": {"angle": 0, "axis": "x", "origin": [8, 0, 8]},
			"faces": {
				"north": {"uv": [13, 12, 14, 13], "rotation": 180, "texture": "#bottom"},
				"east": {"uv": [13, 12, 14, 13], "rotation": 270, "texture": "#bottom"},
				"down": {"uv": [13, 12, 14, 13], "texture": "#bottom"}
			}
		},
		{
			"name": "cobblestone_isolado_32",
			"from": [10, 7.5, 2],
			"to": [11, 8, 3],
			"rotation": {"angle": 0, "axis": "x", "origin": [8, 0, 8]},
			"faces": {
				"north": {"uv": [10, 13, 11, 14], "rotation": 180, "texture": "#bottom"},
				"east": {"uv": [10, 13, 11, 14], "rotation": 270, "texture": "#bottom"},
				"south": {"uv": [11, 13, 10, 14], "rotation": 180, "texture": "#bottom"},
				"down": {"uv": [10, 13, 11, 14], "texture": "#bottom"}
			}
		},
		{
			"name": "cobblestone_isolado_33",
			"from": [0, 7.5, 1],
			"to": [3, 8, 2],
			"rotation": {"angle": 0, "axis": "x", "origin": [8, 0, 8]},
			"faces": {
				"north": {"uv": [0, 14, 3, 15], "rotation": 180, "texture": "#bottom"},
				"east": {"uv": [2, 14, 3, 15], "rotation": 270, "texture": "#bottom"},
				"south": {"uv": [3, 14, 0, 15], "rotation": 180, "texture": "#bottom"},
				"west": {"uv": [0, 14, 1, 15], "rotation": 90, "texture": "#bottom"},
				"down": {"uv": [0, 14, 3, 15], "texture": "#bottom"}
			}
		},
		{
			"name": "cobblestone_isolado_34",
			"from": [8, 7.5, 1],
			"to": [9, 8, 2],
			"rotation": {"angle": 0, "axis": "x", "origin": [8, 0, 8]},
			"faces": {
				"north": {"uv": [8, 14, 9, 15], "rotation": 180, "texture": "#bottom"},
				"west": {"uv": [8, 14, 9, 15], "rotation": 90, "texture": "#bottom"},
				"down": {"uv": [8, 14, 9, 15], "texture": "#bottom"}
			}
		},
		{
			"name": "cobblestone_isolado_35",
			"from": [12, 7.5, 0],
			"to": [14, 8, 2],
			"rotation": {"angle": 0, "axis": "x", "origin": [8, 0, 8]},
			"faces": {
				"north": {"uv": [12, 15, 14, 16], "rotation": 180, "texture": "#bottom"},
				"east": {"uv": [13, 14, 14, 16], "rotation": 270, "texture": "#bottom"},
				"south": {"uv": [14, 14, 12, 15], "rotation": 180, "texture": "#bottom"},
				"west": {"uv": [12, 14, 13, 16], "rotation": 90, "texture": "#bottom"},
				"down": {"uv": [12, 14, 14, 16], "texture": "#bottom"}
			}
		},
		{
			"name": "cobblestone_isolado_36",
			"from": [1, 7.5, 0],
			"to": [2, 8, 1],
			"rotation": {"angle": 0, "axis": "x", "origin": [8, 0, 8]},
			"faces": {
				"north": {"uv": [1, 15, 2, 16], "rotation": 180, "texture": "#bottom"},
				"east": {"uv": [1, 15, 2, 16], "rotation": 270, "texture": "#bottom"},
				"west": {"uv": [1, 15, 2, 16], "rotation": 90, "texture": "#bottom"},
				"down": {"uv": [1, 15, 2, 16], "texture": "#bottom"}
			}
		},
		{
			"name": "cobblestone_isolado_37",
			"from": [11, 7.5, 0],
			"to": [12, 8, 1],
			"rotation": {"angle": 0, "axis": "x", "origin": [8, 0, 8]},
			"faces": {
				"north": {"uv": [11, 15, 12, 16], "rotation": 180, "texture": "#bottom"},
				"south": {"uv": [12, 15, 11, 16], "rotation": 180, "texture": "#bottom"},
				"west": {"uv": [11, 15, 12, 16], "rotation": 90, "texture": "#bottom"},
				"down": {"uv": [11, 15, 12, 16], "texture": "#bottom"}
			}
		},
		{
			"name": "cobblestone_isolado_38",
			"from": [14, 7.5, 0],
			"to": [15, 8, 1],
			"rotation": {"angle": 0, "axis": "x", "origin": [8, 0, 8]},
			"faces": {
				"north": {"uv": [14, 15, 15, 16], "rotation": 180, "texture": "#bottom"},
				"east": {"uv": [14, 15, 15, 16], "rotation": 270, "texture": "#bottom"},
				"south": {"uv": [15, 15, 14, 16], "rotation": 180, "texture": "#bottom"},
				"down": {"uv": [14, 15, 15, 16], "texture": "#bottom"}
			}
		}
	],
	"display": {
		"thirdperson_righthand": {
			"rotation": [75, 45, 0],
			"translation": [0, 2.5, 0],
			"scale": [0.375, 0.375, 0.375]
		},
		"thirdperson_lefthand": {
			"rotation": [75, 45, 0],
			"translation": [0, 2.5, 0],
			"scale": [0.375, 0.375, 0.375]
		},
		"firstperson_righthand": {
			"rotation": [0, 45, 0],
			"scale": [0.4, 0.4, 0.4]
		},
		"firstperson_lefthand": {
			"rotation": [0, 225, 0],
			"scale": [0.4, 0.4, 0.4]
		},
		"ground": {
			"translation": [0, 3, 0],
			"scale": [0.25, 0.25, 0.25]
		},
		"gui": {
			"rotation": [30, 225, 0],
			"scale": [0.625, 0.625, 0.625]
		},
		"fixed": {
			"scale": [0.5, 0.5, 0.5]
		}
	},
	"groups": [
		{
			"name": "slab_top",
			"origin": [8, 8, 8],
			"color": 0,
			"children": [0]
		},
		{
			"name": "cobblestone",
			"origin": [8, 8, 8],
			"color": 0,
			"children": [
				{
					"name": "1",
					"origin": [8, 8, 8],
					"color": 0,
					"children": [1, 2, 3, 4, 5, 6, 7, 8, 9, 10, 11, 12, 13, 14, 15, 16, 17, 18, 19]
				},
				{
					"name": "2",
					"origin": [8, 8, 8],
					"color": 0,
					"children": [20, 21, 22, 23, 24, 25, 26, 27, 28, 29, 30, 31, 32, 33, 34, 35, 36, 37, 38]
				},
				{
					"name": "3",
					"origin": [8, 8, 8],
					"color": 0,
					"children": [39, 40, 41, 42, 43, 44, 45, 46, 47, 48, 49, 50, 51, 52, 53, 54, 55, 56, 57]
				},
				{
					"name": "4",
					"origin": [8, 8, 8],
					"color": 0,
					"children": [58, 59, 60, 61, 62, 63, 64, 65, 66, 67, 68, 69, 70, 71, 72, 73, 74, 75, 76]
				},
				{
					"name": "5",
					"origin": [8, 8, 8],
					"color": 0,
					"children": [77, 78, 79, 80, 81, 82, 83, 84, 85, 86, 87, 88, 89, 90, 91, 92, 93, 94, 95, 96, 97, 98, 99, 100, 101, 102, 103, 104, 105, 106, 107, 108, 109, 110, 111, 112, 113, 114, 115]
				},
				{
					"name": "6",
					"origin": [8, 8, 8],
					"color": 0,
					"children": [116, 117, 118, 119, 120, 121, 122, 123, 124, 125, 126, 127, 128, 129, 130, 131, 132, 133, 134, 135, 136, 137, 138, 139, 140, 141, 142, 143, 144, 145, 146, 147, 148, 149, 150, 151, 152, 153, 154]
				}
			]
		}
	]
}