{
	"credit": "Made with Blockbench",
	"ambientocclusion": false,
	"textures": {
		"0": "block/dark_oak_door_bottom",
		"particle": "block/dark_oak_door_bottom"
	},
	"elements": [
		{
			"from": [0, 0, 0],
			"to": [3, 3, 16],
			"rotation": {"angle": 0, "axis": "y", "origin": [1.5, 8.5, 8]},
			"faces": {
				"north": {"uv": [0, 13, 3, 16], "texture": "#0", "cullface": "north"},
				"east": {"uv": [16, 13, 0, 16], "texture": "#0"},
				"south": {"uv": [3, 13, 0, 16], "texture": "#0", "cullface": "south"},
				"west": {"uv": [0, 13, 16, 16], "texture": "#0", "cullface": "west"},
				"up": {"uv": [0, 13, 16, 16], "rotation": 270, "texture": "#0"},
				"down": {"uv": [0, 0, 3, 16], "rotation": 180, "texture": "#0", "cullface": "down"}
			}
		},
		{
			"from": [0, 14, 0],
			"to": [3, 16, 16],
			"rotation": {"angle": 0, "axis": "y", "origin": [1.5, 8.5, 8]},
			"faces": {
				"north": {"uv": [0, 0, 3, 2], "texture": "#0", "cullface": "north"},
				"east": {"uv": [16, 0, 0, 2], "texture": "#0"},
				"south": {"uv": [3, 0, 0, 2], "texture": "#0", "cullface": "south"},
				"west": {"uv": [0, 0, 16, 2], "texture": "#0", "cullface": "west"},
				"down": {"uv": [0, 13, 16, 16], "rotation": 270, "texture": "#0"}
			}
		},
		{
			"from": [0, 3, 0],
			"to": [3, 14, 3],
			"rotation": {"angle": 0, "axis": "y", "origin": [1.5, 8.5, 8]},
			"faces": {
				"north": {"uv": [0, 2, 3, 13], "texture": "#0", "cullface": "north"},
				"east": {"uv": [3, 2, 0, 13], "texture": "#0"},
				"south": {"uv": [13, 0, 16, 11], "texture": "#0"},
				"west": {"uv": [0, 2, 3, 13], "texture": "#0", "cullface": "west"}
			}
		},
		{
			"from": [0, 3, 6],
			"to": [3, 14, 10],
			"rotation": {"angle": 0, "axis": "y", "origin": [1.5, 8.5, 8]},
			"faces": {
				"north": {"uv": [13, 2, 16, 13], "texture": "#0"},
				"east": {"uv": [10, 2, 6, 13], "texture": "#0"},
				"south": {"uv": [13, 0, 16, 11], "texture": "#0"},
				"west": {"uv": [6, 2, 10, 13], "texture": "#0", "cullface": "west"}
			}
		},
		{
			"from": [0, 3, 13],
			"to": [3, 14, 16],
			"rotation": {"angle": 0, "axis": "y", "origin": [1.5, 8.5, 8]},
			"faces": {
				"north": {"uv": [13, 2, 16, 13], "texture": "#0"},
				"east": {"uv": [16, 2, 13, 13], "texture": "#0"},
				"south": {"uv": [3, 2, 0, 13], "texture": "#0", "cullface": "south"},
				"west": {"uv": [13, 2, 16, 13], "texture": "#0", "cullface": "west"}
			}
		},
		{
			"from": [0.5, 3, 10],
			"to": [2.5, 14, 13],
			"rotation": {"angle": 0, "axis": "y", "origin": [1.5, 8.5, 8]},
			"faces": {
				"east": {"uv": [6, 2, 3, 13], "texture": "#0"},
				"west": {"uv": [10, 2, 13, 13], "texture": "#0", "cullface": "west"}
			}
		},
		{
			"from": [0.5, 3, 3],
			"to": [2.5, 14, 6],
			"rotation": {"angle": 0, "axis": "y", "origin": [1.5, 8.5, 8]},
			"faces": {
				"east": {"uv": [13, 2, 10, 13], "texture": "#0"},
				"west": {"uv": [3, 2, 6, 13], "texture": "#0", "cullface": "west"}
			}
		},
		{
			"from": [3, 15, 11],
			"to": [3.5, 16, 12],
			"rotation": {"angle": 0, "axis": "y", "origin": [1.5, 8.5, 8]},
			"faces": {
				"north": {"uv": [11, 0, 12, 1], "texture": "#0"},
				"east": {"uv": [11, 0, 12, 1], "texture": "#0"},
				"south": {"uv": [11, 0, 12, 1], "texture": "#0"},
				"up": {"uv": [11, 0, 12, 1], "rotation": 180, "texture": "#0", "cullface": "up"},
				"down": {"uv": [11, 0, 12, 1], "rotation": 180, "texture": "#0"}
			}
		},
		{
			"from": [-0.5, 15, 11],
			"to": [0, 16, 12],
			"rotation": {"angle": 0, "axis": "y", "origin": [1.5, 8.5, 8]},
			"faces": {
				"north": {"uv": [11, 0, 12, 1], "texture": "#0", "cullface": "west"},
				"south": {"uv": [11, 0, 12, 1], "texture": "#0", "cullface": "west"},
				"west": {"uv": [11, 0, 12, 1], "texture": "#0", "cullface": "west"},
				"up": {"uv": [11, 0, 12, 1], "rotation": 180, "texture": "#0", "cullface": "west"},
				"down": {"uv": [11, 0, 12, 1], "rotation": 180, "texture": "#0", "cullface": "west"}
			}
		}
	],
	"display": {
		"thirdperson_righthand": {
			"rotation": [75, 45, 0],
			"translation": [0, 2.5, 0],
			"scale": [0.375, 0.375, 0.375]
		},
		"thirdperson_lefthand": {
			"rotation": [75, 45, 0],
			"translation": [0, 2.5, 0],
			"scale": [0.375, 0.375, 0.375]
		},
		"firstperson_righthand": {
			"rotation": [0, 45, 0],
			"scale": [0.4, 0.4, 0.4]
		},
		"firstperson_lefthand": {
			"rotation": [0, 225, 0],
			"scale": [0.4, 0.4, 0.4]
		},
		"ground": {
			"translation": [0, 3, 0],
			"scale": [0.25, 0.25, 0.25]
		},
		"gui": {
			"rotation": [30, 225, 0],
			"scale": [0.625, 0.625, 0.625]
		},
		"fixed": {
			"scale": [0.5, 0.5, 0.5]
		}
	},
	"groups": [
		{
			"name": "door_bottom_rh",
			"origin": [8, 8, 8],
			"color": 0,
			"children": [0, 1, 2, 3, 4, 5, 6]
		},
		7,
		8
	]
}