{
	"credit": "Made with Blockbench",
	"parent": "minecraft:block/cube_all",
	"textures": {
		"particle": "block/exposed_copper",
		"all": "block/exposed_copper"
	},
	"elements": [
		{
			"from": [0, 0, 0],
			"to": [16, 16, 16],
			"faces": {
				"north": {"uv": [0, 0, 16, 16], "texture": "#all", "cullface": "north"},
				"east": {"uv": [0, 0, 16, 16], "texture": "#all", "cullface": "east"},
				"south": {"uv": [0, 0, 16, 16], "texture": "#all", "cullface": "south"},
				"west": {"uv": [0, 0, 16, 16], "texture": "#all", "cullface": "west"},
				"up": {"uv": [0, 0, 16, 16], "texture": "#all", "cullface": "up"},
				"down": {"uv": [0, 0, 16, 16], "texture": "#all", "cullface": "down"}
			}
		},
		{
			"from": [2, 2, -0.25],
			"to": [4, 4, 0],
			"faces": {
				"north": {"uv": [12, 12, 14, 14], "texture": "#all", "cullface": "north"},
				"east": {"uv": [15, 12, 15.5, 14], "texture": "#all", "cullface": "north"},
				"west": {"uv": [0.5, 12, 1, 14], "texture": "#all", "cullface": "north"},
				"up": {"uv": [2, 0.5, 4, 1], "texture": "#all", "cullface": "north"},
				"down": {"uv": [2, 15, 4, 15.5], "texture": "#all", "cullface": "north"}
			}
		},
		{
			"from": [2, 12, -0.25],
			"to": [4, 14, 0],
			"faces": {
				"north": {"uv": [12, 2, 14, 4], "texture": "#all", "cullface": "north"},
				"east": {"uv": [15, 2, 15.5, 4], "texture": "#all", "cullface": "north"},
				"west": {"uv": [0.5, 2, 1, 4], "texture": "#all", "cullface": "north"},
				"up": {"uv": [2, 0.5, 4, 1], "texture": "#all", "cullface": "north"},
				"down": {"uv": [2, 15, 4, 15.5], "texture": "#all", "cullface": "north"}
			}
		},
		{
			"from": [12, 12, -0.25],
			"to": [14, 14, 0],
			"faces": {
				"north": {"uv": [2, 2, 4, 4], "texture": "#all", "cullface": "north"},
				"east": {"uv": [15, 2, 15.5, 4], "texture": "#all", "cullface": "north"},
				"west": {"uv": [0.5, 2, 1, 4], "texture": "#all", "cullface": "north"},
				"up": {"uv": [12, 0.5, 14, 1], "texture": "#all", "cullface": "north"},
				"down": {"uv": [12, 15, 14, 15.5], "texture": "#all", "cullface": "north"}
			}
		},
		{
			"from": [12, 2, -0.25],
			"to": [14, 4, 0],
			"faces": {
				"north": {"uv": [2, 12, 4, 14], "texture": "#all", "cullface": "north"},
				"east": {"uv": [15, 12, 15.5, 14], "texture": "#all", "cullface": "north"},
				"west": {"uv": [0.5, 12, 1, 14], "texture": "#all", "cullface": "north"},
				"up": {"uv": [12, 0.5, 14, 1], "texture": "#all", "cullface": "north"},
				"down": {"uv": [12, 15, 14, 15.5], "texture": "#all", "cullface": "north"}
			}
		},
		{
			"from": [16, 2, 2],
			"to": [16.25, 4, 4],
			"faces": {
				"north": {"uv": [0.5, 12, 1, 14], "texture": "#all", "cullface": "east"},
				"east": {"uv": [12, 12, 14, 14], "texture": "#all", "cullface": "east"},
				"south": {"uv": [15, 12, 15.5, 14], "texture": "#all", "cullface": "east"},
				"up": {"uv": [15, 2, 15.5, 4], "texture": "#all", "cullface": "east"},
				"down": {"uv": [15, 12, 15.5, 14], "texture": "#all", "cullface": "east"}
			}
		},
		{
			"from": [16, 12, 2],
			"to": [16.25, 14, 4],
			"faces": {
				"north": {"uv": [0.5, 2, 1, 4], "texture": "#all", "cullface": "east"},
				"east": {"uv": [12, 2, 14, 4], "texture": "#all", "cullface": "east"},
				"south": {"uv": [15, 2, 15.5, 4], "texture": "#all", "cullface": "east"},
				"up": {"uv": [15, 2, 15.5, 4], "texture": "#all", "cullface": "east"},
				"down": {"uv": [15, 12, 15.5, 14], "texture": "#all", "cullface": "east"}
			}
		},
		{
			"from": [16, 12, 12],
			"to": [16.25, 14, 14],
			"faces": {
				"north": {"uv": [0.5, 2, 1, 4], "texture": "#all", "cullface": "east"},
				"east": {"uv": [2, 2, 4, 4], "texture": "#all", "cullface": "east"},
				"south": {"uv": [15, 2, 15.5, 4], "texture": "#all", "cullface": "east"},
				"up": {"uv": [15, 12, 15.5, 14], "texture": "#all", "cullface": "east"},
				"down": {"uv": [15, 2, 15.5, 4], "texture": "#all", "cullface": "east"}
			}
		},
		{
			"from": [16, 2, 12],
			"to": [16.25, 4, 14],
			"faces": {
				"north": {"uv": [0.5, 12, 1, 14], "texture": "#all", "cullface": "east"},
				"east": {"uv": [2, 12, 4, 14], "texture": "#all", "cullface": "east"},
				"south": {"uv": [15, 12, 15.5, 14], "texture": "#all", "cullface": "east"},
				"up": {"uv": [15, 12, 15.5, 14], "texture": "#all", "cullface": "east"},
				"down": {"uv": [15, 2, 15.5, 4], "texture": "#all", "cullface": "east"}
			}
		},
		{
			"from": [2, 2, 16],
			"to": [4, 4, 16.25],
			"faces": {
				"east": {"uv": [0.5, 12, 1, 14], "texture": "#all", "cullface": "south"},
				"south": {"uv": [2, 12, 4, 14], "texture": "#all", "cullface": "south"},
				"west": {"uv": [15, 12, 15.5, 14], "texture": "#all", "cullface": "south"},
				"up": {"uv": [2, 15, 4, 15.5], "texture": "#all", "cullface": "south"},
				"down": {"uv": [2, 0.5, 4, 1], "texture": "#all", "cullface": "south"}
			}
		},
		{
			"from": [2, 12, 16],
			"to": [4, 14, 16.25],
			"faces": {
				"east": {"uv": [0.5, 2, 1, 4], "texture": "#all", "cullface": "south"},
				"south": {"uv": [2, 2, 4, 4], "texture": "#all", "cullface": "south"},
				"west": {"uv": [15, 2, 15.5, 4], "texture": "#all", "cullface": "south"},
				"up": {"uv": [2, 15, 4, 15.5], "texture": "#all", "cullface": "south"},
				"down": {"uv": [2, 0.5, 4, 1], "texture": "#all", "cullface": "south"}
			}
		},
		{
			"from": [12, 12, 16],
			"to": [14, 14, 16.25],
			"faces": {
				"east": {"uv": [0.5, 2, 1, 4], "texture": "#all", "cullface": "south"},
				"south": {"uv": [12, 2, 14, 4], "texture": "#all", "cullface": "south"},
				"west": {"uv": [15, 2, 15.5, 4], "texture": "#all", "cullface": "south"},
				"up": {"uv": [12, 15, 14, 15.5], "texture": "#all", "cullface": "south"},
				"down": {"uv": [12, 0.5, 14, 1], "texture": "#all", "cullface": "south"}
			}
		},
		{
			"from": [12, 2, 16],
			"to": [14, 4, 16.25],
			"faces": {
				"east": {"uv": [0.5, 12, 1, 14], "texture": "#all", "cullface": "south"},
				"south": {"uv": [12, 12, 14, 14], "texture": "#all", "cullface": "south"},
				"west": {"uv": [15, 12, 15.5, 14], "texture": "#all", "cullface": "south"},
				"up": {"uv": [12, 15, 14, 15.5], "texture": "#all", "cullface": "south"},
				"down": {"uv": [12, 0.5, 14, 1], "texture": "#all", "cullface": "south"}
			}
		},
		{
			"from": [-0.25, 2, 2],
			"to": [0, 4, 4],
			"faces": {
				"north": {"uv": [15, 12, 15.5, 14], "texture": "#all", "cullface": "west"},
				"south": {"uv": [0.5, 12, 1, 14], "texture": "#all", "cullface": "west"},
				"west": {"uv": [2, 12, 4, 14], "texture": "#all", "cullface": "west"},
				"up": {"uv": [0.5, 2, 1, 4], "texture": "#all", "cullface": "west"},
				"down": {"uv": [0.5, 12, 1, 14], "texture": "#all", "cullface": "west"}
			}
		},
		{
			"from": [-0.25, 12, 2],
			"to": [0, 14, 4],
			"faces": {
				"north": {"uv": [15, 2, 15.5, 4], "texture": "#all", "cullface": "west"},
				"south": {"uv": [0.5, 2, 1, 4], "texture": "#all", "cullface": "west"},
				"west": {"uv": [2, 2, 4, 4], "texture": "#all", "cullface": "west"},
				"up": {"uv": [0.5, 2, 1, 4], "texture": "#all", "cullface": "west"},
				"down": {"uv": [0.5, 12, 1, 14], "texture": "#all", "cullface": "west"}
			}
		},
		{
			"from": [-0.25, 12, 12],
			"to": [0, 14, 14],
			"faces": {
				"north": {"uv": [15, 2, 15.5, 4], "texture": "#all", "cullface": "west"},
				"south": {"uv": [0.5, 2, 1, 4], "texture": "#all", "cullface": "west"},
				"west": {"uv": [12, 2, 14, 4], "texture": "#all", "cullface": "west"},
				"up": {"uv": [0.5, 12, 1, 14], "texture": "#all", "cullface": "west"},
				"down": {"uv": [0.5, 2, 1, 4], "texture": "#all", "cullface": "west"}
			}
		},
		{
			"from": [-0.25, 2, 12],
			"to": [0, 4, 14],
			"faces": {
				"north": {"uv": [15, 12, 15.5, 14], "texture": "#all", "cullface": "west"},
				"south": {"uv": [0.5, 12, 1, 14], "texture": "#all", "cullface": "west"},
				"west": {"uv": [12, 12, 14, 14], "texture": "#all", "cullface": "west"},
				"up": {"uv": [0.5, 12, 1, 14], "texture": "#all", "cullface": "west"},
				"down": {"uv": [0.5, 2, 1, 4], "texture": "#all", "cullface": "west"}
			}
		},
		{
			"from": [2, 16, 2],
			"to": [4, 16.25, 4],
			"faces": {
				"north": {"uv": [12, 0.5, 14, 1], "texture": "#all", "cullface": "up"},
				"east": {"uv": [12, 0.5, 14, 1], "texture": "#all", "cullface": "up"},
				"south": {"uv": [2, 0.5, 4, 1], "texture": "#all", "cullface": "up"},
				"west": {"uv": [2, 0.5, 4, 1], "texture": "#all", "cullface": "up"},
				"up": {"uv": [2, 2, 4, 4], "texture": "#all", "cullface": "up"}
			}
		},
		{
			"from": [12, 16, 2],
			"to": [14, 16.25, 4],
			"faces": {
				"north": {"uv": [2, 0.5, 4, 1], "texture": "#all", "cullface": "up"},
				"east": {"uv": [12, 0.5, 14, 1], "texture": "#all", "cullface": "up"},
				"south": {"uv": [12, 0.5, 14, 1], "texture": "#all", "cullface": "up"},
				"west": {"uv": [2, 0.5, 4, 1], "texture": "#all", "cullface": "up"},
				"up": {"uv": [12, 2, 14, 4], "texture": "#all", "cullface": "up"}
			}
		},
		{
			"from": [12, 16, 12],
			"to": [14, 16.25, 14],
			"faces": {
				"north": {"uv": [2, 0.5, 4, 1], "texture": "#all", "cullface": "up"},
				"east": {"uv": [2, 0.5, 4, 1], "texture": "#all", "cullface": "up"},
				"south": {"uv": [12, 0.5, 14, 1], "texture": "#all", "cullface": "up"},
				"west": {"uv": [12, 0.5, 14, 1], "texture": "#all", "cullface": "up"},
				"up": {"uv": [12, 12, 14, 14], "texture": "#all", "cullface": "up"}
			}
		},
		{
			"from": [2, 16, 12],
			"to": [4, 16.25, 14],
			"faces": {
				"north": {"uv": [12, 0.5, 14, 1], "texture": "#all", "cullface": "up"},
				"east": {"uv": [2, 0.5, 4, 1], "texture": "#all", "cullface": "up"},
				"south": {"uv": [2, 0.5, 4, 1], "texture": "#all", "cullface": "up"},
				"west": {"uv": [12, 0.5, 14, 1], "texture": "#all", "cullface": "up"},
				"up": {"uv": [2, 12, 4, 14], "texture": "#all", "cullface": "up"}
			}
		},
		{
			"from": [2, -0.25, 2],
			"to": [4, 0, 4],
			"faces": {
				"north": {"uv": [12, 15, 14, 15.5], "texture": "#all", "cullface": "down"},
				"east": {"uv": [12, 15, 14, 15.5], "texture": "#all", "cullface": "down"},
				"south": {"uv": [2, 15, 4, 15.5], "texture": "#all", "cullface": "down"},
				"west": {"uv": [2, 15, 4, 15.5], "texture": "#all", "cullface": "down"},
				"down": {"uv": [2, 12, 4, 14], "texture": "#all", "cullface": "down"}
			}
		},
		{
			"from": [12, -0.25, 2],
			"to": [14, 0, 4],
			"faces": {
				"north": {"uv": [2, 15, 4, 15.5], "texture": "#all", "cullface": "down"},
				"east": {"uv": [12, 15, 14, 15.5], "texture": "#all", "cullface": "down"},
				"south": {"uv": [12, 15, 14, 15.5], "texture": "#all", "cullface": "down"},
				"west": {"uv": [2, 15, 4, 15.5], "texture": "#all", "cullface": "down"},
				"down": {"uv": [12, 12, 14, 14], "texture": "#all", "cullface": "down"}
			}
		},
		{
			"from": [12, -0.25, 12],
			"to": [14, 0, 14],
			"faces": {
				"north": {"uv": [2, 15, 4, 15.5], "texture": "#all", "cullface": "down"},
				"east": {"uv": [2, 15, 4, 15.5], "texture": "#all", "cullface": "down"},
				"south": {"uv": [12, 15, 14, 15.5], "texture": "#all", "cullface": "down"},
				"west": {"uv": [12, 15, 14, 15.5], "texture": "#all", "cullface": "down"},
				"down": {"uv": [12, 2, 14, 4], "texture": "#all", "cullface": "down"}
			}
		},
		{
			"from": [2, -0.25, 12],
			"to": [4, 0, 14],
			"faces": {
				"north": {"uv": [12, 15, 14, 15.5], "texture": "#all", "cullface": "down"},
				"east": {"uv": [2, 15, 4, 15.5], "texture": "#all", "cullface": "down"},
				"south": {"uv": [2, 15, 4, 15.5], "texture": "#all", "cullface": "down"},
				"west": {"uv": [12, 15, 14, 15.5], "texture": "#all", "cullface": "down"},
				"down": {"uv": [2, 2, 4, 4], "texture": "#all", "cullface": "down"}
			}
		}
	],
	"display": {
		"thirdperson_righthand": {
			"rotation": [75, 45, 0],
			"translation": [0, 2.5, 0],
			"scale": [0.375, 0.375, 0.375]
		},
		"thirdperson_lefthand": {
			"rotation": [75, 45, 0],
			"translation": [0, 2.5, 0],
			"scale": [0.375, 0.375, 0.375]
		},
		"firstperson_righthand": {
			"rotation": [0, 45, 0],
			"scale": [0.4, 0.4, 0.4]
		},
		"firstperson_lefthand": {
			"rotation": [0, 225, 0],
			"scale": [0.4, 0.4, 0.4]
		},
		"ground": {
			"translation": [0, 3, 0],
			"scale": [0.25, 0.25, 0.25]
		},
		"gui": {
			"rotation": [30, 225, 0],
			"scale": [0.625, 0.625, 0.625]
		},
		"fixed": {
			"scale": [0.5, 0.5, 0.5]
		}
	}
}