{
	"credit": "By GORIBBY. Made with Blockbench.",
	"parent": "minecraft:block/template_orientable_trapdoor_bottom",
	"textures": {
		"particle": "block/jungle_trapdoor",
		"texture": "block/jungle_trapdoor"
	},
	"elements": [
		{
			"from": [0, 0, 0],
			"to": [16, 3, 4],
			"faces": {
				"north": {"uv": [0, 0, 16, 3], "texture": "#texture", "cullface": "north"},
				"east": {"uv": [12, 0, 16, 3], "texture": "#texture", "cullface": "east"},
				"south": {"uv": [0, 0, 16, 3], "texture": "#texture"},
				"west": {"uv": [0, 0, 4, 3], "texture": "#texture", "cullface": "west"},
				"up": {"uv": [0, 16, 16, 12], "texture": "#texture"},
				"down": {"uv": [0, 12, 16, 16], "texture": "#texture", "cullface": "down"}
			}
		},
		{
			"from": [0, 0, 13],
			"to": [16, 3, 16],
			"faces": {
				"north": {"uv": [0, 0, 16, 3], "texture": "#texture"},
				"east": {"uv": [0, 0, 3, 3], "texture": "#texture", "cullface": "east"},
				"south": {"uv": [0, 0, 16, 3], "texture": "#texture", "cullface": "south"},
				"west": {"uv": [13, 0, 16, 3], "texture": "#texture", "cullface": "west"},
				"up": {"uv": [0, 3, 16, 0], "texture": "#texture"},
				"down": {"uv": [0, 0, 16, 3], "texture": "#texture", "cullface": "down"}
			}
		},
		{
			"from": [0, 0, 4],
			"to": [3, 3, 13],
			"faces": {
				"east": {"uv": [4, 0, 13, 3], "texture": "#texture"},
				"west": {"uv": [4, 0, 13, 3], "texture": "#texture", "cullface": "west"},
				"up": {"uv": [16, 12, 13, 3], "texture": "#texture"},
				"down": {"uv": [0, 3, 3, 12], "texture": "#texture", "cullface": "down"}
			}
		},
		{
			"from": [13, 0, 4],
			"to": [16, 3, 13],
			"faces": {
				"east": {"uv": [3, 0, 12, 3], "texture": "#texture", "cullface": "east"},
				"west": {"uv": [4, 0, 13, 3], "texture": "#texture"},
				"up": {"uv": [3, 12, 0, 3], "texture": "#texture"},
				"down": {"uv": [13, 3, 16, 12], "texture": "#texture", "cullface": "down"}
			}
		},
		{
			"from": [3, 0, 7],
			"to": [13, 3, 9],
			"faces": {
				"north": {"uv": [3, 0, 13, 3], "texture": "#texture"},
				"south": {"uv": [3, 0, 13, 3], "texture": "#texture"},
				"up": {"uv": [3, 9, 13, 7], "texture": "#texture"},
				"down": {"uv": [3, 7, 13, 9], "texture": "#texture", "cullface": "down"}
			}
		},
		{
			"from": [6, 0, 9],
			"to": [7, 3, 13],
			"faces": {
				"east": {"uv": [0, 13, 4, 16], "texture": "#texture"},
				"west": {"uv": [0, 10, 4, 13], "texture": "#texture"},
				"up": {"uv": [6, 7, 7, 3], "texture": "#texture"},
				"down": {"uv": [6, 3, 7, 7], "texture": "#texture", "cullface": "down"}
			}
		},
		{
			"from": [9, 0, 9],
			"to": [10, 3, 13],
			"faces": {
				"east": {"uv": [0, 9, 4, 12], "texture": "#texture"},
				"west": {"uv": [0, 13, 4, 16], "texture": "#texture"},
				"up": {"uv": [9, 7, 10, 3], "texture": "#texture"},
				"down": {"uv": [9, 3, 10, 7], "texture": "#texture", "cullface": "down"}
			}
		},
		{
			"from": [9, 0, 4],
			"to": [10, 3, 7],
			"faces": {
				"east": {"uv": [13, 11, 16, 14], "texture": "#texture"},
				"west": {"uv": [0, 13, 3, 16], "texture": "#texture"},
				"up": {"uv": [9, 12, 10, 9], "texture": "#texture"},
				"down": {"uv": [9, 9, 10, 12], "texture": "#texture", "cullface": "down"}
			}
		},
		{
			"from": [6, 0, 4],
			"to": [7, 3, 7],
			"faces": {
				"east": {"uv": [0, 9, 3, 12], "texture": "#texture"},
				"west": {"uv": [0, 13, 3, 16], "texture": "#texture"},
				"up": {"uv": [6, 12, 7, 9], "texture": "#texture"},
				"down": {"uv": [6, 9, 7, 12], "texture": "#texture", "cullface": "down"}
			}
		},
		{
			"from": [4, 0, 4],
			"to": [5, 3, 5],
			"faces": {
				"east": {"uv": [11, 13, 12, 16], "texture": "#texture"},
				"south": {"uv": [4, 13, 5, 16], "texture": "#texture"},
				"up": {"uv": [11, 12, 12, 11], "texture": "#texture"},
				"down": {"uv": [4, 11, 5, 12], "texture": "#texture", "cullface": "down"}
			}
		},
		{
			"from": [3, 0, 11],
			"to": [4, 3, 13],
			"faces": {
				"north": {"uv": [12, 13, 13, 16], "texture": "#texture"},
				"east": {"uv": [3, 13, 5, 16], "texture": "#texture"},
				"up": {"uv": [12, 5, 13, 3], "texture": "#texture"},
				"down": {"uv": [3, 3, 4, 5], "texture": "#texture", "cullface": "down"}
			}
		},
		{
			"from": [12, 0, 11],
			"to": [13, 3, 13],
			"faces": {
				"north": {"uv": [3, 13, 4, 16], "texture": "#texture"},
				"west": {"uv": [11, 13, 13, 16], "texture": "#texture"},
				"up": {"uv": [3, 5, 4, 3], "texture": "#texture"},
				"down": {"uv": [12, 3, 13, 5], "texture": "#texture", "cullface": "down"}
			}
		},
		{
			"from": [11, 0, 12],
			"to": [12, 3, 13],
			"faces": {
				"north": {"uv": [4, 13, 5, 16], "texture": "#texture"},
				"west": {"uv": [12, 13, 13, 16], "texture": "#texture"},
				"up": {"uv": [4, 4, 5, 3], "texture": "#texture"},
				"down": {"uv": [11, 3, 12, 4], "texture": "#texture", "cullface": "down"}
			}
		},
		{
			"from": [4, 0, 12],
			"to": [5, 3, 13],
			"faces": {
				"north": {"uv": [11, 13, 12, 16], "texture": "#texture"},
				"east": {"uv": [3, 13, 4, 16], "texture": "#texture"},
				"up": {"uv": [11, 4, 12, 3], "texture": "#texture"},
				"down": {"uv": [4, 3, 5, 4], "texture": "#texture", "cullface": "down"}
			}
		},
		{
			"from": [11, 0, 4],
			"to": [12, 3, 5],
			"faces": {
				"south": {"uv": [11, 13, 12, 16], "texture": "#texture"},
				"west": {"uv": [4, 13, 5, 16], "texture": "#texture"},
				"up": {"uv": [4, 12, 5, 11], "texture": "#texture"},
				"down": {"uv": [11, 11, 12, 12], "texture": "#texture", "cullface": "down"}
			}
		},
		{
			"from": [3, 0, 4],
			"to": [4, 3, 7],
			"faces": {
				"east": {"uv": [2, 13, 5, 16], "texture": "#texture"},
				"up": {"uv": [3, 12, 4, 9], "texture": "#texture"},
				"down": {"uv": [3, 9, 4, 12], "texture": "#texture", "cullface": "down"}
			}
		},
		{
			"from": [12, 0, 4],
			"to": [13, 3, 7],
			"faces": {
				"west": {"uv": [0, 13, 3, 16], "texture": "#texture"},
				"up": {"uv": [12, 12, 13, 9], "texture": "#texture"},
				"down": {"uv": [12, 9, 13, 12], "texture": "#texture", "cullface": "down"}
			}
		},
		{
			"from": [5, 3, 1],
			"to": [11, 3.25, 2],
			"faces": {
				"north": {"uv": [11, 14, 5, 14.25], "texture": "#texture"},
				"east": {"uv": [5, 14, 6, 14.25], "texture": "#texture"},
				"south": {"uv": [5, 14, 11, 14.25], "texture": "#texture"},
				"west": {"uv": [5, 14, 6, 14.25], "texture": "#texture"},
				"up": {"uv": [5, 14, 11, 15], "texture": "#texture"}
			}
		},
		{
			"from": [5, -0.25, 1],
			"to": [11, 0, 2],
			"faces": {
				"north": {"uv": [11, 14, 5, 14.25], "texture": "#texture", "cullface": "down"},
				"east": {"uv": [5, 14, 6, 14.25], "texture": "#texture", "cullface": "down"},
				"south": {"uv": [5, 14, 11, 14.25], "texture": "#texture", "cullface": "down"},
				"west": {"uv": [5, 14, 6, 14.25], "texture": "#texture", "cullface": "down"},
				"down": {"uv": [5, 14, 11, 15], "texture": "#texture", "cullface": "down"}
			}
		}
	],
	"display": {
		"thirdperson_righthand": {
			"rotation": [75, 45, 0],
			"translation": [0, 2.5, 0],
			"scale": [0.375, 0.375, 0.375]
		},
		"thirdperson_lefthand": {
			"rotation": [75, 45, 0],
			"translation": [0, 2.5, 0],
			"scale": [0.375, 0.375, 0.375]
		},
		"firstperson_righthand": {
			"rotation": [0, 45, 0],
			"scale": [0.4, 0.4, 0.4]
		},
		"firstperson_lefthand": {
			"rotation": [0, 225, 0],
			"scale": [0.4, 0.4, 0.4]
		},
		"ground": {
			"translation": [0, 3, 0],
			"scale": [0.25, 0.25, 0.25]
		},
		"gui": {
			"rotation": [30, 225, 0],
			"scale": [0.625, 0.625, 0.625]
		},
		"fixed": {
			"scale": [0.5, 0.5, 0.5]
		}
	},
	"groups": [
		{
			"name": "group",
			"origin": [0, 0, 0],
			"color": 0,
			"children": [0, 1, 2, 3, 4, 5, 6, 7, 8, 9, 10, 11, 12, 13, 14, 15, 16, 17, 18]
		}
	]
}