{
	"credit": "Made with Blockbench",
	"textures": {
		"0": "block/nether_bricks",
		"particle": "block/nether_bricks"
	},
	"elements": [
		{
			"name": "top bar",
			"from": [7.2, 12.2, 4],
			"to": [8.8, 14.8, 5],
			"faces": {
				"east": {"uv": [4, 1, 5, 3.6], "texture": "#0"},
				"west": {"uv": [4, 1, 5, 3.6], "texture": "#0"},
				"up": {"uv": [7, 0, 8.6, 1], "texture": "#0"},
				"down": {"uv": [4, 0, 5.6, 1], "texture": "#0"}
			}
		},
		{
			"name": "lower bar",
			"from": [7.2, 6.2, 0],
			"to": [8.8, 8.8, 9],
			"faces": {
				"north": {"uv": [7, 7, 9, 10], "texture": "#0", "cullface": "north"},
				"east": {"uv": [0, 7, 9, 10], "texture": "#0"},
				"south": {"uv": [0, 0, 0, 0], "texture": "#0"},
				"west": {"uv": [0, 7, 9, 9.6], "texture": "#0"},
				"up": {"uv": [7, 0, 9, 9], "texture": "#0"},
				"down": {"uv": [7, 0, 9, 9], "texture": "#0"}
			}
		},
		{
			"from": [7, 6, -0.2],
			"to": [9, 7.1, 2],
			"rotation": {"angle": 0, "axis": "y", "origin": [16, 14, 8]},
			"faces": {
				"north": {"uv": [7, 9, 9, 10.1], "texture": "#0"},
				"east": {"uv": [4, 9, 6.2, 10.1], "texture": "#0"},
				"south": {"uv": [7, 9, 9, 10.1], "texture": "#0"},
				"west": {"uv": [0, 9, 2.2, 10.1], "texture": "#0"},
				"up": {"uv": [7, 0, 9, 2.2], "texture": "#0"},
				"down": {"uv": [7, 14, 9, 16.2], "texture": "#0"}
			}
		},
		{
			"from": [7, 6, 7],
			"to": [9, 7, 9.2],
			"rotation": {"angle": 0, "axis": "y", "origin": [16, 14, 15]},
			"faces": {
				"north": {"uv": [7, 9, 9, 10], "texture": "#0"},
				"east": {"uv": [10, 13, 12, 14], "texture": "#0"},
				"south": {"uv": [7, 9, 9, 10], "texture": "#0"},
				"west": {"uv": [7, 9, 9, 10], "texture": "#0"},
				"up": {"uv": [7, 7, 9, 9], "texture": "#0"},
				"down": {"uv": [7, 7, 9, 9], "texture": "#0"}
			}
		},
		{
			"from": [7, 6, 3],
			"to": [9, 7, 6],
			"rotation": {"angle": 0, "axis": "y", "origin": [16, 14, 12]},
			"faces": {
				"north": {"uv": [7, 9, 9, 10], "texture": "#0"},
				"east": {"uv": [11, 9, 14, 10], "texture": "#0"},
				"south": {"uv": [7, 9, 9, 10], "texture": "#0"},
				"west": {"uv": [3, 9, 6, 10], "texture": "#0"},
				"up": {"uv": [7, 3, 9, 6], "texture": "#0"},
				"down": {"uv": [7, 10, 9, 13], "texture": "#0"}
			}
		},
		{
			"from": [7, 8, 1],
			"to": [9, 9, 8],
			"rotation": {"angle": 0, "axis": "y", "origin": [16, 16, 10]},
			"faces": {
				"north": {"uv": [7, 7, 9, 8], "texture": "#0"},
				"east": {"uv": [8, 7, 15, 8], "texture": "#0"},
				"south": {"uv": [7, 7, 9, 8], "texture": "#0"},
				"west": {"uv": [1, 7, 8, 8], "texture": "#0"},
				"up": {"uv": [5, 1, 12, 3], "rotation": 90, "texture": "#0"},
				"down": {"uv": [5, 1, 12, 3], "rotation": 90, "texture": "#0"}
			}
		},
		{
			"from": [7, 12, 0],
			"to": [9, 15, 4],
			"rotation": {"angle": 0, "axis": "y", "origin": [16, 20, 9]},
			"faces": {
				"north": {"uv": [7, 1, 9, 4], "texture": "#0"},
				"east": {"uv": [12, 5, 16, 8], "texture": "#0"},
				"south": {"uv": [7, 1, 9, 4], "texture": "#0"},
				"west": {"uv": [0, 1, 4, 4], "texture": "#0"},
				"up": {"uv": [7, 1, 11, 3], "rotation": 90, "texture": "#0"},
				"down": {"uv": [7, 12, 9, 16], "texture": "#0"}
			}
		},
		{
			"from": [7, 12, 5],
			"to": [9, 15, 9],
			"rotation": {"angle": 0, "axis": "y", "origin": [16, 20, 14]},
			"faces": {
				"north": {"uv": [7, 1, 9, 4], "texture": "#0"},
				"east": {"uv": [7, 1, 11, 4], "texture": "#0"},
				"south": {"uv": [7, 1, 9, 4], "texture": "#0"},
				"west": {"uv": [5, 1, 9, 4], "texture": "#0"},
				"up": {"uv": [4, 5, 8, 7], "rotation": 90, "texture": "#0"},
				"down": {"uv": [7, 7, 9, 11], "texture": "#0"}
			}
		}
	],
	"groups": [0, 1,
		{
			"name": "brick",
			"origin": [8, 8, 8],
			"children": [2, 3, 4, 5, 6, 7]
		}
	]
}