{
	"credit": "Made with Blockbench",
	"textures": {
		"particle": "block/sea_lantern",
		"all": "block/sea_lantern"
	},
	"elements": [
		{
			"name": "base",
			"from": [1, 1, 1],
			"to": [15, 15, 15],
			"faces": {
				"north": {"uv": [1, 1, 15, 15], "texture": "#all", "cullface": "north"},
				"east": {"uv": [1, 1, 15, 15], "texture": "#all", "cullface": "east"},
				"south": {"uv": [1, 1, 15, 15], "texture": "#all", "cullface": "south"},
				"west": {"uv": [1, 1, 15, 15], "texture": "#all", "cullface": "west"},
				"up": {"uv": [1, 1, 15, 15], "texture": "#all", "cullface": "up"},
				"down": {"uv": [1, 1, 15, 15], "texture": "#all", "cullface": "down"}
			}
		},
		{
			"from": [0, 0, 0],
			"to": [1, 16, 1],
			"faces": {
				"north": {"uv": [15, 0, 16, 16], "texture": "#all", "cullface": "north"},
				"east": {"uv": [15, 0, 16, 16], "texture": "#all", "cullface": "north"},
				"south": {"uv": [0, 0, 1, 16], "texture": "#all", "cullface": "west"},
				"west": {"uv": [0, 0, 1, 16], "texture": "#all", "cullface": "west"},
				"up": {"uv": [0, 0, 1, 1], "texture": "#all", "cullface": "up"},
				"down": {"uv": [0, 15, 1, 16], "texture": "#all", "cullface": "down"}
			}
		},
		{
			"from": [0, 0, 15],
			"to": [1, 16, 16],
			"rotation": {"angle": 0, "axis": "y", "origin": [8, 8, 23]},
			"faces": {
				"north": {"uv": [15, 0, 16, 16], "texture": "#all", "cullface": "west"},
				"east": {"uv": [0, 0, 1, 16], "texture": "#all", "cullface": "south"},
				"south": {"uv": [0, 0, 1, 16], "texture": "#all", "cullface": "south"},
				"west": {"uv": [15, 0, 16, 16], "texture": "#all", "cullface": "west"},
				"up": {"uv": [0, 15, 1, 16], "texture": "#all", "cullface": "up"},
				"down": {"uv": [0, 0, 1, 1], "texture": "#all", "cullface": "down"}
			}
		},
		{
			"from": [15, 0, 0],
			"to": [16, 16, 1],
			"rotation": {"angle": 0, "axis": "y", "origin": [23, 8, 8]},
			"faces": {
				"north": {"uv": [0, 0, 1, 16], "texture": "#all", "cullface": "north"},
				"east": {"uv": [15, 0, 16, 16], "texture": "#all", "cullface": "east"},
				"south": {"uv": [15, 0, 16, 16], "texture": "#all", "cullface": "east"},
				"west": {"uv": [0, 0, 1, 16], "texture": "#all", "cullface": "north"},
				"up": {"uv": [15, 0, 16, 1], "texture": "#all", "cullface": "up"},
				"down": {"uv": [15, 15, 16, 16], "texture": "#all", "cullface": "down"}
			}
		},
		{
			"from": [15, 0, 15],
			"to": [16, 16, 16],
			"rotation": {"angle": 0, "axis": "y", "origin": [23, 8, 23]},
			"faces": {
				"north": {"uv": [0, 0, 1, 16], "texture": "#all", "cullface": "east"},
				"east": {"uv": [0, 0, 1, 16], "texture": "#all", "cullface": "east"},
				"south": {"uv": [15, 0, 16, 16], "texture": "#all", "cullface": "south"},
				"west": {"uv": [15, 0, 16, 16], "texture": "#all", "cullface": "south"},
				"up": {"uv": [15, 15, 16, 16], "texture": "#all", "cullface": "up"},
				"down": {"uv": [15, 0, 16, 1], "texture": "#all", "cullface": "down"}
			}
		},
		{
			"from": [0, 0, 1],
			"to": [1, 1, 15],
			"rotation": {"angle": 0, "axis": "y", "origin": [8, 8, 9]},
			"faces": {
				"east": {"uv": [1, 15, 15, 16], "texture": "#all"},
				"west": {"uv": [1, 15, 15, 16], "texture": "#all", "cullface": "west"},
				"up": {"uv": [0, 1, 1, 15], "texture": "#all", "cullface": "west"},
				"down": {"uv": [0, 1, 1, 15], "texture": "#all", "cullface": "down"}
			}
		},
		{
			"from": [15, 0, 1],
			"to": [16, 1, 15],
			"rotation": {"angle": 0, "axis": "y", "origin": [23, 8, 9]},
			"faces": {
				"east": {"uv": [1, 15, 15, 16], "texture": "#all", "cullface": "east"},
				"west": {"uv": [1, 15, 15, 16], "texture": "#all"},
				"up": {"uv": [15, 1, 16, 15], "texture": "#all", "cullface": "east"},
				"down": {"uv": [15, 1, 16, 15], "texture": "#all", "cullface": "down"}
			}
		},
		{
			"from": [0, 15, 1],
			"to": [1, 16, 15],
			"rotation": {"angle": 0, "axis": "y", "origin": [8, 23, 9]},
			"faces": {
				"east": {"uv": [1, 0, 15, 1], "texture": "#all"},
				"west": {"uv": [1, 0, 15, 1], "texture": "#all", "cullface": "west"},
				"up": {"uv": [0, 1, 1, 15], "texture": "#all", "cullface": "up"},
				"down": {"uv": [0, 1, 1, 15], "texture": "#all", "cullface": "west"}
			}
		},
		{
			"from": [15, 15, 1],
			"to": [16, 16, 15],
			"rotation": {"angle": 0, "axis": "y", "origin": [23, 23, 9]},
			"faces": {
				"east": {"uv": [1, 0, 15, 1], "texture": "#all", "cullface": "east"},
				"west": {"uv": [1, 0, 15, 1], "texture": "#all"},
				"up": {"uv": [15, 1, 16, 15], "texture": "#all", "cullface": "up"},
				"down": {"uv": [15, 1, 16, 15], "texture": "#all", "cullface": "east"}
			}
		},
		{
			"from": [1, 0, 0],
			"to": [15, 1, 1],
			"rotation": {"angle": 0, "axis": "y", "origin": [9, 8, 8]},
			"faces": {
				"north": {"uv": [1, 15, 15, 16], "texture": "#all", "cullface": "north"},
				"south": {"uv": [1, 15, 15, 16], "texture": "#all"},
				"up": {"uv": [1, 0, 15, 1], "texture": "#all", "cullface": "north"},
				"down": {"uv": [1, 15, 15, 16], "texture": "#all", "cullface": "down"}
			}
		},
		{
			"from": [1, 0, 15],
			"to": [15, 1, 16],
			"rotation": {"angle": 0, "axis": "y", "origin": [9, 8, 23]},
			"faces": {
				"north": {"uv": [1, 15, 15, 16], "texture": "#all"},
				"south": {"uv": [1, 15, 15, 16], "texture": "#all", "cullface": "south"},
				"up": {"uv": [1, 15, 15, 16], "texture": "#all", "cullface": "south"},
				"down": {"uv": [1, 0, 15, 1], "texture": "#all", "cullface": "down"}
			}
		},
		{
			"from": [1, 15, 0],
			"to": [15, 16, 1],
			"rotation": {"angle": 0, "axis": "y", "origin": [9, 23, 8]},
			"faces": {
				"north": {"uv": [1, 0, 15, 1], "texture": "#all", "cullface": "north"},
				"south": {"uv": [1, 0, 15, 1], "texture": "#all"},
				"up": {"uv": [1, 0, 15, 1], "texture": "#all", "cullface": "up"},
				"down": {"uv": [1, 15, 15, 16], "texture": "#all", "cullface": "north"}
			}
		},
		{
			"from": [1, 15, 15],
			"to": [15, 16, 16],
			"rotation": {"angle": 0, "axis": "y", "origin": [9, 23, 23]},
			"faces": {
				"north": {"uv": [1, 0, 15, 1], "texture": "#all"},
				"south": {"uv": [1, 0, 15, 1], "texture": "#all", "cullface": "south"},
				"up": {"uv": [1, 15, 15, 16], "texture": "#all", "cullface": "up"},
				"down": {"uv": [1, 0, 15, 1], "texture": "#all", "cullface": "south"}
			}
		},
		{
			"from": [0, 1, 1],
			"to": [16, 2, 2],
			"rotation": {"angle": 0, "axis": "y", "origin": [8, 9, 9]},
			"faces": {
				"east": {"uv": [14, 14, 15, 15], "texture": "#all", "cullface": "east"},
				"south": {"uv": [0, 14, 16, 15], "texture": "#all"},
				"west": {"uv": [1, 14, 2, 15], "texture": "#all", "cullface": "west"},
				"up": {"uv": [0, 1, 16, 2], "texture": "#all"}
			}
		},
		{
			"from": [0, 14, 1],
			"to": [16, 15, 2],
			"rotation": {"angle": 0, "axis": "y", "origin": [8, 22, 9]},
			"faces": {
				"east": {"uv": [14, 1, 15, 2], "texture": "#all", "cullface": "east"},
				"south": {"uv": [0, 1, 16, 2], "texture": "#all"},
				"west": {"uv": [1, 1, 2, 2], "texture": "#all", "cullface": "west"},
				"down": {"uv": [0, 14, 16, 15], "texture": "#all"}
			}
		},
		{
			"from": [1, 0, 1],
			"to": [2, 16, 2],
			"rotation": {"angle": 0, "axis": "y", "origin": [8, 22, 9]},
			"faces": {
				"east": {"uv": [14, 0, 15, 16], "texture": "#all", "cullface": "east"},
				"south": {"uv": [1, 0, 2, 16], "texture": "#all"},
				"up": {"uv": [1, 1, 2, 2], "texture": "#all", "cullface": "up"},
				"down": {"uv": [1, 14, 2, 15], "texture": "#all", "cullface": "down"}
			}
		},
		{
			"from": [1, 0, 14],
			"to": [2, 16, 15],
			"rotation": {"angle": 0, "axis": "y", "origin": [8, 22, 9]},
			"faces": {
				"north": {"uv": [14, 0, 15, 16], "texture": "#all"},
				"east": {"uv": [1, 0, 2, 16], "texture": "#all", "cullface": "east"},
				"up": {"uv": [1, 14, 2, 15], "texture": "#all", "cullface": "up"},
				"down": {"uv": [1, 1, 2, 2], "texture": "#all", "cullface": "down"}
			}
		},
		{
			"from": [14, 0, 14],
			"to": [15, 16, 15],
			"rotation": {"angle": 0, "axis": "y", "origin": [8, 22, 9]},
			"faces": {
				"north": {"uv": [1, 0, 2, 16], "texture": "#all"},
				"west": {"uv": [14, 0, 15, 16], "texture": "#all", "cullface": "west"},
				"up": {"uv": [14, 14, 15, 15], "texture": "#all", "cullface": "up"},
				"down": {"uv": [14, 1, 15, 2], "texture": "#all", "cullface": "down"}
			}
		},
		{
			"from": [14, 0, 1],
			"to": [15, 16, 2],
			"rotation": {"angle": 0, "axis": "y", "origin": [8, 22, 9]},
			"faces": {
				"south": {"uv": [14, 0, 15, 16], "texture": "#all"},
				"west": {"uv": [1, 0, 2, 16], "texture": "#all", "cullface": "west"},
				"up": {"uv": [14, 1, 15, 2], "texture": "#all", "cullface": "up"},
				"down": {"uv": [14, 14, 15, 15], "texture": "#all", "cullface": "down"}
			}
		},
		{
			"from": [0, 1, 14],
			"to": [16, 2, 15],
			"rotation": {"angle": 0, "axis": "y", "origin": [8, 9, 22]},
			"faces": {
				"north": {"uv": [0, 14, 16, 15], "texture": "#all"},
				"east": {"uv": [1, 14, 2, 15], "texture": "#all", "cullface": "east"},
				"west": {"uv": [14, 14, 15, 15], "texture": "#all", "cullface": "west"},
				"up": {"uv": [0, 14, 16, 15], "texture": "#all"}
			}
		},
		{
			"from": [0, 14, 14],
			"to": [16, 15, 15],
			"rotation": {"angle": 0, "axis": "y", "origin": [8, 22, 22]},
			"faces": {
				"north": {"uv": [0, 1, 16, 2], "texture": "#all"},
				"east": {"uv": [1, 1, 2, 2], "texture": "#all", "cullface": "east"},
				"west": {"uv": [14, 1, 15, 2], "texture": "#all", "cullface": "west"},
				"down": {"uv": [0, 1, 16, 2], "texture": "#all"}
			}
		},
		{
			"from": [14, 1, 0],
			"to": [15, 2, 16],
			"rotation": {"angle": 0, "axis": "y", "origin": [22, 9, 8]},
			"faces": {
				"north": {"uv": [1, 14, 2, 15], "texture": "#all", "cullface": "north"},
				"south": {"uv": [14, 14, 15, 15], "texture": "#all", "cullface": "south"},
				"west": {"uv": [0, 14, 16, 15], "texture": "#all"},
				"up": {"uv": [14, 0, 15, 16], "texture": "#all"}
			}
		},
		{
			"from": [14, 14, 0],
			"to": [15, 15, 16],
			"rotation": {"angle": 0, "axis": "y", "origin": [22, 22, 8]},
			"faces": {
				"north": {"uv": [1, 1, 2, 2], "texture": "#all", "cullface": "north"},
				"south": {"uv": [14, 1, 15, 2], "texture": "#all", "cullface": "south"},
				"west": {"uv": [0, 1, 16, 2], "texture": "#all"},
				"down": {"uv": [14, 0, 15, 16], "texture": "#all"}
			}
		},
		{
			"from": [1, 1, 0],
			"to": [2, 2, 16],
			"rotation": {"angle": 0, "axis": "y", "origin": [9, 9, 8]},
			"faces": {
				"north": {"uv": [14, 14, 15, 15], "texture": "#all", "cullface": "north"},
				"east": {"uv": [0, 14, 16, 15], "texture": "#all"},
				"south": {"uv": [1, 14, 2, 15], "texture": "#all", "cullface": "south"},
				"up": {"uv": [1, 0, 2, 16], "texture": "#all"}
			}
		},
		{
			"from": [1, 14, 0],
			"to": [2, 15, 16],
			"rotation": {"angle": 0, "axis": "y", "origin": [9, 22, 8]},
			"faces": {
				"north": {"uv": [14, 1, 15, 2], "texture": "#all", "cullface": "north"},
				"east": {"uv": [0, 1, 16, 2], "texture": "#all"},
				"south": {"uv": [1, 1, 2, 2], "texture": "#all", "cullface": "south"},
				"down": {"uv": [1, 0, 2, 16], "texture": "#all"}
			}
		}
	],
	"display": {
		"thirdperson_righthand": {
			"rotation": [75, 45, 0],
			"translation": [0, 2.5, 0],
			"scale": [0.375, 0.375, 0.375]
		},
		"thirdperson_lefthand": {
			"rotation": [75, 45, 0],
			"translation": [0, 2.5, 0],
			"scale": [0.375, 0.375, 0.375]
		},
		"firstperson_righthand": {
			"rotation": [0, 45, 0],
			"scale": [0.4, 0.4, 0.4]
		},
		"firstperson_lefthand": {
			"rotation": [0, 225, 0],
			"scale": [0.4, 0.4, 0.4]
		},
		"ground": {
			"translation": [0, 3, 0],
			"scale": [0.25, 0.25, 0.25]
		},
		"gui": {
			"rotation": [30, 225, 0],
			"scale": [0.625, 0.625, 0.625]
		},
		"fixed": {
			"scale": [0.5, 0.5, 0.5]
		}
	},
	"groups": [
		0,
		{
			"name": "1",
			"origin": [8, 8, 8],
			"color": 0,
			"children": [1, 2, 3, 4, 5, 6, 7, 8, 9, 10, 11, 12]
		},
		{
			"name": "2",
			"origin": [9, 9, 8],
			"color": 0,
			"children": [13, 14, 15, 16, 17, 18, 19, 20, 21, 22, 23, 24]
		}
	]
}