{
	"credit": "Made with Blockbench",
	"textures": {
		"0": "item/iron_axe",
		"particle": "item/iron_axe"
	},
	"elements": [
		{
			"from": [2, 1, 7.5],
			"to": [4, 2, 8.5],
			"rotation": {"angle": 0, "axis": "y", "origin": [10, 9, 15.5]},
			"faces": {
				"north": {"uv": [2.032, 14.032, 3.968, 14.968], "texture": "#0"},
				"east": {"uv": [2.032, 14.032, 3.968, 14.968], "texture": "#0"},
				"south": {"uv": [2.032, 14.032, 3.968, 14.968], "texture": "#0"},
				"west": {"uv": [2.032, 14.032, 3.968, 14.968], "texture": "#0"},
				"up": {"uv": [2.032, 14.032, 3.968, 14.968], "texture": "#0"},
				"down": {"uv": [2.032, 14.032, 3.968, 14.968], "texture": "#0"}
			}
		},
		{
			"from": [4, 2, 7.5],
			"to": [5, 3, 8.5],
			"rotation": {"angle": 0, "axis": "y", "origin": [11, 10, 15.5]},
			"faces": {
				"north": {"uv": [4.032, 13.032, 4.968, 13.968], "texture": "#0"},
				"east": {"uv": [4.032, 13.032, 4.968, 13.968], "texture": "#0"},
				"south": {"uv": [4.032, 13.032, 4.968, 13.968], "texture": "#0"},
				"west": {"uv": [4.032, 13.032, 4.968, 13.968], "texture": "#0"},
				"down": {"uv": [4.032, 13.032, 4.968, 13.968], "texture": "#0"}
			}
		},
		{
			"from": [2.3, 2, 7.7],
			"to": [3, 3, 8.3],
			"rotation": {"angle": 0, "axis": "y", "origin": [9, 10, 15.5]},
			"faces": {
				"north": {"uv": [2.032, 13.032, 2.968, 13.968], "texture": "#0"},
				"south": {"uv": [2.032, 13.032, 2.968, 13.968], "texture": "#0"},
				"west": {"uv": [2.032, 13.032, 2.968, 13.968], "texture": "#0"},
				"up": {"uv": [2.032, 13.032, 2.968, 13.968], "texture": "#0"}
			}
		},
		{
			"from": [8, 8, 7.5],
			"to": [9, 9, 8.5],
			"rotation": {"angle": 0, "axis": "y", "origin": [15, 16, 15.5]},
			"faces": {
				"north": {"uv": [8.032, 7.032, 8.968, 7.968], "texture": "#0"},
				"east": {"uv": [8.032, 7.032, 8.968, 7.968], "texture": "#0"},
				"south": {"uv": [8.032, 7.032, 8.968, 7.968], "texture": "#0"},
				"west": {"uv": [8.032, 7.032, 8.968, 7.968], "texture": "#0"},
				"up": {"uv": [8.032, 7.032, 8.968, 7.968], "texture": "#0"},
				"down": {"uv": [8.032, 7.032, 8.968, 7.968], "texture": "#0"}
			}
		},
		{
			"from": [12, 10, 7.5],
			"to": [13, 11, 8.5],
			"rotation": {"angle": 0, "axis": "y", "origin": [19, 17, 15.5]},
			"faces": {
				"north": {"uv": [12.032, 5.032, 12.968, 5.968], "texture": "#0"},
				"east": {"uv": [12.032, 5.032, 12.968, 5.968], "texture": "#0"},
				"south": {"uv": [12.032, 5.032, 12.968, 5.968], "texture": "#0"},
				"west": {"uv": [12.032, 5.032, 12.968, 5.968], "texture": "#0"},
				"up": {"uv": [12.032, 5.032, 12.968, 5.968], "texture": "#0"},
				"down": {"uv": [12.032, 5.032, 12.968, 5.968], "texture": "#0"}
			}
		},
		{
			"from": [11, 11, 7.5],
			"to": [12, 12.7, 8.5],
			"rotation": {"angle": 0, "axis": "y", "origin": [17, 19, 15.5]},
			"faces": {
				"north": {"uv": [11.032, 2.032, 11.968, 3.968], "texture": "#0"},
				"east": {"uv": [11.032, 2.032, 11.968, 3.968], "texture": "#0"},
				"south": {"uv": [11.032, 2.032, 11.968, 3.968], "texture": "#0"},
				"west": {"uv": [11.032, 2.032, 11.968, 4.968], "texture": "#0"},
				"up": {"uv": [11.032, 2.032, 11.968, 2.968], "texture": "#0"},
				"down": {"uv": [11.032, 2.032, 11.968, 2.968], "texture": "#0"}
			}
		},
		{
			"from": [5, 3, 7.5],
			"to": [6, 4, 8.5],
			"rotation": {"angle": 0, "axis": "y", "origin": [12, 11, 15.5]},
			"faces": {
				"north": {"uv": [5.032, 12.032, 5.968, 12.968], "texture": "#0"},
				"east": {"uv": [5.032, 12.032, 5.968, 12.968], "texture": "#0"},
				"south": {"uv": [5.032, 12.032, 5.968, 12.968], "texture": "#0"},
				"up": {"uv": [5.032, 12.032, 5.968, 12.968], "texture": "#0"},
				"down": {"uv": [5.032, 12.032, 5.968, 12.968], "texture": "#0"}
			}
		},
		{
			"from": [3, 3, 7.5],
			"to": [4, 4, 8.5],
			"rotation": {"angle": 0, "axis": "y", "origin": [10, 11, 15.5]},
			"faces": {
				"north": {"uv": [3.032, 12.032, 3.968, 12.968], "texture": "#0"},
				"south": {"uv": [3.032, 12.032, 3.968, 12.968], "texture": "#0"},
				"west": {"uv": [3.032, 12.032, 3.968, 12.968], "texture": "#0"},
				"up": {"uv": [3.032, 12.032, 3.968, 12.968], "texture": "#0"},
				"down": {"uv": [3.032, 12.032, 3.968, 12.968], "texture": "#0"}
			}
		},
		{
			"from": [7, 5, 7.5],
			"to": [8, 6, 8.5],
			"rotation": {"angle": 0, "axis": "y", "origin": [14, 13, 15.5]},
			"faces": {
				"north": {"uv": [7.032, 10.032, 7.968, 10.968], "texture": "#0"},
				"east": {"uv": [7.032, 10.032, 7.968, 10.968], "texture": "#0"},
				"south": {"uv": [7.032, 10.032, 7.968, 10.968], "texture": "#0"},
				"west": {"uv": [7.032, 10.032, 7.968, 10.968], "texture": "#0"},
				"down": {"uv": [7.032, 10.032, 7.968, 10.968], "texture": "#0"}
			}
		},
		{
			"from": [8, 6.3, 7.5],
			"to": [9, 7, 8.5],
			"rotation": {"angle": 0, "axis": "y", "origin": [15, 14, 15.5]},
			"faces": {
				"north": {"uv": [8.032, 9.032, 8.968, 9.968], "texture": "#0"},
				"east": {"uv": [8.032, 9.032, 8.968, 9.968], "texture": "#0"},
				"south": {"uv": [8.032, 9.032, 8.968, 9.968], "texture": "#0"},
				"up": {"uv": [8.032, 9.032, 8.968, 9.968], "texture": "#0"},
				"down": {"uv": [8.032, 9.032, 8.968, 9.968], "texture": "#0"}
			}
		},
		{
			"from": [7, 7, 7.5],
			"to": [8, 8, 8.5],
			"rotation": {"angle": 0, "axis": "y", "origin": [14, 15, 15.5]},
			"faces": {
				"north": {"uv": [7.032, 8.032, 7.968, 8.968], "texture": "#0"},
				"east": {"uv": [7.032, 8.032, 7.968, 8.968], "texture": "#0"},
				"south": {"uv": [7.032, 8.032, 7.968, 8.968], "texture": "#0"},
				"west": {"uv": [7.032, 8.032, 7.968, 8.968], "texture": "#0"},
				"up": {"uv": [7.032, 8.032, 7.968, 8.968], "texture": "#0"}
			}
		},
		{
			"from": [3, 2, 7.5],
			"to": [4, 3, 8.4],
			"rotation": {"angle": 0, "axis": "y", "origin": [11, 10, 15.5]},
			"faces": {
				"north": {"uv": [3.032, 13.032, 3.968, 13.968], "texture": "#0"},
				"south": {"uv": [3.032, 13.032, 3.968, 13.968], "texture": "#0"},
				"west": {"uv": [3.032, 13.032, 3.968, 13.968], "texture": "#0"}
			}
		},
		{
			"from": [4, 3, 7.2],
			"to": [5, 4, 8.8],
			"rotation": {"angle": 0, "axis": "y", "origin": [12, 11, 15.5]},
			"faces": {
				"north": {"uv": [4.032, 12.032, 4.968, 12.968], "texture": "#0"},
				"east": {"uv": [4.032, 12.032, 4.968, 12.968], "texture": "#0"},
				"south": {"uv": [4.032, 12.032, 4.968, 12.968], "texture": "#0"},
				"west": {"uv": [4.032, 12.032, 4.968, 12.968], "texture": "#0"},
				"up": {"uv": [4.032, 12.032, 4.968, 12.968], "texture": "#0"},
				"down": {"uv": [4.032, 12.032, 4.968, 12.968], "texture": "#0"}
			}
		},
		{
			"from": [5, 4, 7.8],
			"to": [6, 5, 8.4],
			"rotation": {"angle": 0, "axis": "y", "origin": [13, 12, 15.5]},
			"faces": {
				"north": {"uv": [5.032, 11.032, 5.968, 11.968], "texture": "#0"},
				"east": {"uv": [5.032, 11.032, 5.968, 11.968], "texture": "#0"},
				"south": {"uv": [5.032, 11.032, 5.968, 11.968], "texture": "#0"},
				"west": {"uv": [5.032, 11.032, 5.968, 11.968], "texture": "#0"},
				"up": {"uv": [5.032, 11.032, 5.968, 11.968], "texture": "#0"}
			}
		},
		{
			"from": [6, 5, 7.7],
			"to": [7, 6, 8.8],
			"rotation": {"angle": 0, "axis": "y", "origin": [14, 13, 15.5]},
			"faces": {
				"north": {"uv": [6.032, 10.032, 6.968, 10.968], "texture": "#0"},
				"east": {"uv": [6.032, 10.032, 6.968, 10.968], "texture": "#0"},
				"south": {"uv": [6.032, 10.032, 6.968, 10.968], "texture": "#0"},
				"west": {"uv": [6.032, 10.032, 6.968, 10.968], "texture": "#0"},
				"up": {"uv": [6.032, 10.032, 6.968, 10.968], "texture": "#0"},
				"down": {"uv": [6.032, 10.032, 6.968, 10.968], "texture": "#0"}
			}
		},
		{
			"from": [7, 6, 7.2],
			"to": [8, 7, 8.8],
			"rotation": {"angle": 0, "axis": "y", "origin": [15, 14, 15.5]},
			"faces": {
				"north": {"uv": [7.032, 9.032, 7.968, 9.968], "texture": "#0"},
				"east": {"uv": [7.032, 9.032, 7.968, 9.968], "texture": "#0"},
				"south": {"uv": [7.032, 9.032, 7.968, 9.968], "texture": "#0"},
				"west": {"uv": [7.032, 9.032, 7.968, 9.968], "texture": "#0"},
				"up": {"uv": [7.032, 9.032, 7.968, 9.968], "texture": "#0"},
				"down": {"uv": [7.032, 9.032, 7.968, 9.968], "texture": "#0"}
			}
		},
		{
			"from": [8, 7, 8],
			"to": [9, 8, 8.1],
			"rotation": {"angle": 0, "axis": "y", "origin": [16, 15, 15.5]},
			"faces": {
				"north": {"uv": [8.032, 8.032, 8.968, 8.968], "texture": "#0"},
				"east": {"uv": [8.032, 8.032, 8.968, 8.968], "texture": "#0"},
				"south": {"uv": [8.032, 8.032, 8.968, 8.968], "texture": "#0"}
			}
		},
		{
			"from": [9, 8, 7.6],
			"to": [10, 9, 8.2],
			"rotation": {"angle": 0, "axis": "y", "origin": [17, 16, 15.5]},
			"faces": {
				"north": {"uv": [9.032, 7.032, 9.968, 7.968], "texture": "#0"},
				"east": {"uv": [9.032, 7.032, 9.968, 7.968], "texture": "#0"},
				"south": {"uv": [9.032, 7.032, 9.968, 7.968], "texture": "#0"},
				"down": {"uv": [9.032, 7.032, 9.967, 7.6], "texture": "#0"}
			}
		},
		{
			"from": [11, 9, 7.7],
			"to": [13, 10, 8.6],
			"rotation": {"angle": 0, "axis": "y", "origin": [20, 17, 15.5]},
			"faces": {
				"north": {"uv": [12.968, 6.032, 11.032, 7.968], "texture": "#0"},
				"east": {"uv": [12.032, 7.032, 12.6, 7.968], "texture": "#0"},
				"south": {"uv": [11.032, 6.032, 12.968, 7.968], "texture": "#0"},
				"west": {"uv": [11.032, 6.032, 12.968, 7.968], "texture": "#0"},
				"up": {"uv": [11.032, 6.032, 12.968, 7.6], "texture": "#0"},
				"down": {"uv": [11.032, 6.032, 12.968, 7.6], "texture": "#0"}
			}
		},
		{
			"from": [9, 9, 7.5],
			"to": [10, 13, 8.55],
			"rotation": {"angle": 0, "axis": "y", "origin": [18, 20, 15.5]},
			"faces": {
				"north": {"uv": [9.032, 2.032, 9.968, 6.968], "texture": "#0"},
				"east": {"uv": [9.032, 2.032, 10.6, 6.968], "texture": "#0"},
				"south": {"uv": [9.032, 2.032, 9.968, 6.968], "texture": "#0"},
				"west": {"uv": [9.032, 2.032, 9.968, 5.968], "texture": "#0"},
				"up": {"uv": [9.032, 2.032, 9.968, 2.968], "texture": "#0"},
				"down": {"uv": [9.032, 2.032, 9.968, 3.6], "texture": "#0"}
			}
		},
		{
			"from": [10, 10, 7.7],
			"to": [11, 14, 8.5],
			"rotation": {"angle": 0, "axis": "y", "origin": [19, 20, 15.5]},
			"faces": {
				"north": {"uv": [10.032, 2.032, 10.968, 5.968], "texture": "#0"},
				"east": {"uv": [10.032, 2.032, 10.6, 5.967], "texture": "#0"},
				"south": {"uv": [10.032, 2.032, 10.968, 5.968], "texture": "#0"},
				"west": {"uv": [10.032, 2.032, 10.832, 5.968], "texture": "#0"},
				"up": {"uv": [10.032, 2.032, 10.968, 2.632], "texture": "#0"},
				"down": {"uv": [10.032, 2.032, 10.968, 3.6], "texture": "#0"}
			}
		},
		{
			"from": [10, 9, 7.8],
			"to": [11, 10, 8.6],
			"rotation": {"angle": 0, "axis": "y", "origin": [19, 19, 15.5]},
			"faces": {
				"north": {"uv": [10.032, 6.032, 10.968, 6.968], "texture": "#0"},
				"south": {"uv": [10.032, 6.032, 10.968, 6.968], "texture": "#0"},
				"west": {"uv": [10.032, 6.032, 10.8, 6.968], "texture": "#0"},
				"up": {"uv": [10.032, 6.032, 10.968, 6.8], "texture": "#0"},
				"down": {"uv": [10.032, 6.032, 10.968, 6.8], "texture": "#0"}
			}
		},
		{
			"from": [8, 10, 7.5],
			"to": [9, 12, 8.55],
			"rotation": {"angle": 0, "axis": "y", "origin": [17, 20, 15.5]},
			"faces": {
				"north": {"uv": [8.968, 3.032, 8.032, 5.968], "texture": "#0"},
				"south": {"uv": [8.032, 4.032, 8.968, 5.968], "texture": "#0"},
				"west": {"uv": [8.032, 3.032, 8.968, 5.968], "texture": "#0"},
				"up": {"uv": [8.032, 3.032, 8.968, 3.968], "texture": "#0"},
				"down": {"uv": [8.032, 3.032, 8.968, 4.6], "texture": "#0"}
			}
		},
		{
			"from": [11, 10, 8.2],
			"to": [12, 11, 8.3],
			"rotation": {"angle": 0, "axis": "y", "origin": [20, 20, 15.5]},
			"faces": {
				"north": {"uv": [11.032, 5.032, 11.968, 5.968], "texture": "#0"},
				"south": {"uv": [11.032, 5.032, 11.968, 5.968], "texture": "#0"}
			}
		}
	],
	"gui_light": "front",
	"display": {
		"thirdperson_righthand": {
			"rotation": [0, -90, 55],
			"translation": [0, 4, 0.5],
			"scale": [0.85, 0.85, 0.85]
		},
		"thirdperson_lefthand": {
			"rotation": [0, 90, -55],
			"translation": [0, 4, 0.5],
			"scale": [0.85, 0.85, 0.85]
		},
		"firstperson_righthand": {
			"rotation": [0, -90, 25],
			"translation": [1.13, 3.2, 1.13],
			"scale": [0.68, 0.68, 0.68]
		},
		"firstperson_lefthand": {
			"rotation": [0, 90, -25],
			"translation": [1.13, 3.2, 1.13],
			"scale": [0.68, 0.68, 0.68]
		},
		"ground": {
			"translation": [0, 2, 0],
			"scale": [0.5, 0.5, 0.5]
		},
		"head": {
			"rotation": [0, 180, 0],
			"translation": [0, 13, 7]
		},
		"fixed": {
			"rotation": [0, 180, 0]
		}
	},
	"groups": [
		{
			"name": "1",
			"origin": [8, 8, 8],
			"children": [0, 1, 2, 3, 4, 5, 6, 7, 8, 9, 10]
		},
		{
			"name": "2",
			"origin": [8, 8, 8],
			"children": [11, 12, 13, 14, 15, 16, 17, 18, 19, 20, 21, 22, 23]
		}
	]
}