{
	"credit": "Made with Blockbench",
	"textures": {
		"0": "block/blast_furnace_front",
		"2": "block/blast_furnace_side",
		"3": "block/blast_furnace_top",
		"particle": "block/blast_furnace_side"
	},
	"elements": [
		{
			"from": [0, 0, 0],
			"to": [16, 2, 1],
			"faces": {
				"north": {"uv": [0, 14, 16, 16], "texture": "#0", "cullface": "north"},
				"east": {"uv": [15, 14, 16, 16], "texture": "#2", "cullface": "east"},
				"west": {"uv": [0, 14, 1, 16], "texture": "#2", "cullface": "west"},
				"up": {"uv": [0, 14, 16, 15], "texture": "#0", "cullface": "north"},
				"down": {"uv": [0, 15, 16, 16], "texture": "#3", "cullface": "down"}
			}
		},
		{
			"from": [0, 2, 0],
			"to": [3, 7, 1],
			"rotation": {"angle": 0, "axis": "y", "origin": [8, 10, 8]},
			"faces": {
				"north": {"uv": [13, 9, 16, 14], "texture": "#0", "cullface": "north"},
				"east": {"uv": [13, 9, 14, 14], "texture": "#0", "cullface": "north"},
				"west": {"uv": [0, 9, 1, 14], "texture": "#2", "cullface": "west"},
				"up": {"uv": [13, 9, 16, 10], "texture": "#0", "cullface": "north"}
			}
		},
		{
			"from": [0, 7, 0],
			"to": [1, 16, 1],
			"rotation": {"angle": 0, "axis": "y", "origin": [8, 15, 8]},
			"faces": {
				"north": {"uv": [15, 0, 16, 9], "texture": "#0", "cullface": "north"},
				"east": {"uv": [15, 0, 16, 9], "texture": "#0", "cullface": "north"},
				"south": {"uv": [0, 0, 1, 9], "texture": "#2", "cullface": "west"},
				"west": {"uv": [0, 0, 1, 9], "texture": "#2", "cullface": "west"},
				"up": {"uv": [0, 0, 1, 1], "texture": "#3", "cullface": "up"}
			}
		},
		{
			"from": [15, 7, 0],
			"to": [16, 16, 1],
			"rotation": {"angle": 0, "axis": "y", "origin": [23, 15, 8]},
			"faces": {
				"north": {"uv": [0, 0, 1, 9], "texture": "#0", "cullface": "north"},
				"east": {"uv": [15, 0, 16, 9], "texture": "#2", "cullface": "east"},
				"south": {"uv": [15, 0, 16, 9], "texture": "#2", "cullface": "east"},
				"west": {"uv": [0, 0, 1, 9], "texture": "#0", "cullface": "north"},
				"up": {"uv": [15, 0, 16, 1], "texture": "#3", "cullface": "up"}
			}
		},
		{
			"from": [12, 12, 0],
			"to": [13, 15, 0.3],
			"rotation": {"angle": 0, "axis": "y", "origin": [20, 15, 8]},
			"faces": {
				"north": {"uv": [3, 1, 4, 4], "texture": "#0", "cullface": "north"},
				"east": {"uv": [15.7, 1, 16, 4], "texture": "#0", "cullface": "north"},
				"west": {"uv": [0, 1, 0.3, 4], "texture": "#0", "cullface": "north"},
				"down": {"uv": [12, 15.7, 13, 16], "texture": "#0", "cullface": "north"}
			}
		},
		{
			"from": [13, 12, 0],
			"to": [15, 13, 1],
			"rotation": {"angle": 0, "axis": "y", "origin": [21, 12, 8]},
			"faces": {
				"north": {"uv": [1, 3, 3, 4], "texture": "#0", "cullface": "north"},
				"up": {"uv": [13, 0, 15, 1], "texture": "#0", "cullface": "north"},
				"down": {"uv": [13, 15, 15, 16], "texture": "#0", "cullface": "north"}
			}
		},
		{
			"from": [1, 12, 0],
			"to": [3, 13, 1],
			"rotation": {"angle": 0, "axis": "y", "origin": [9, 12, 8]},
			"faces": {
				"north": {"uv": [13, 3, 15, 4], "texture": "#0", "cullface": "north"},
				"up": {"uv": [1, 0, 3, 1], "texture": "#0", "cullface": "north"},
				"down": {"uv": [1, 15, 3, 16], "texture": "#0", "cullface": "north"}
			}
		},
		{
			"from": [3, 12, 0],
			"to": [4, 15, 0.3],
			"rotation": {"angle": 0, "axis": "y", "origin": [11, 15, 8]},
			"faces": {
				"north": {"uv": [12, 1, 13, 4], "texture": "#0", "cullface": "north"},
				"east": {"uv": [15.7, 1, 16, 4], "texture": "#0", "cullface": "north"},
				"west": {"uv": [0, 1, 0.3, 4], "texture": "#0", "cullface": "north"},
				"down": {"uv": [3, 15.7, 4, 16], "texture": "#0", "cullface": "north"}
			}
		},
		{
			"from": [13, 2, 0],
			"to": [16, 7, 1],
			"rotation": {"angle": 0, "axis": "y", "origin": [21, 10, 8]},
			"faces": {
				"north": {"uv": [0, 9, 3, 14], "texture": "#0", "cullface": "north"},
				"east": {"uv": [15, 9, 16, 14], "texture": "#2", "cullface": "east"},
				"west": {"uv": [2, 9, 3, 14], "texture": "#0", "cullface": "north"},
				"up": {"uv": [0, 9, 3, 10], "texture": "#0", "cullface": "north"}
			}
		},
		{
			"from": [1, 10, 0.3],
			"to": [15, 15, 1],
			"rotation": {"angle": 0, "axis": "y", "origin": [8, 20, 8.3]},
			"faces": {
				"north": {"uv": [1, 1, 15, 6], "texture": "#0", "cullface": "north"},
				"up": {"uv": [1, 0.3, 15, 1], "texture": "#3", "cullface": "up"},
				"down": {"uv": [1, 5, 15, 5.7], "texture": "#0", "cullface": "north"}
			}
		},
		{
			"from": [13, 7, 0.3],
			"to": [15, 10, 1],
			"rotation": {"angle": 0, "axis": "y", "origin": [17, 14, 8.3]},
			"faces": {
				"north": {"uv": [1, 6, 3, 9], "texture": "#0", "cullface": "north"},
				"west": {"uv": [2.3, 6, 3, 9], "texture": "#0", "cullface": "north"}
			}
		},
		{
			"from": [1, 7, 0.3],
			"to": [3, 10, 1],
			"rotation": {"angle": 0, "axis": "y", "origin": [5, 14, 8.3]},
			"faces": {
				"north": {"uv": [13, 6, 15, 9], "texture": "#0", "cullface": "north"},
				"east": {"uv": [13, 6, 13.7, 9], "texture": "#0", "cullface": "north"}
			}
		},
		{
			"from": [3, 2, 1],
			"to": [13, 5, 2],
			"rotation": {"angle": 0, "axis": "y", "origin": [11, 10, 9]},
			"faces": {
				"north": {"uv": [3, 11, 13, 14], "texture": "#0", "cullface": "north"},
				"east": {"uv": [14, 11, 15, 14], "texture": "#0", "cullface": "north"},
				"west": {"uv": [1, 11, 2, 14], "texture": "#0", "cullface": "north"},
				"up": {"uv": [4, 11, 14, 12], "texture": "#0", "cullface": "north"}
			}
		},
		{
			"from": [3, 8, 1],
			"to": [13, 10, 2],
			"rotation": {"angle": 0, "axis": "y", "origin": [11, 15, 9]},
			"faces": {
				"north": {"uv": [3, 6, 13, 8], "texture": "#0", "cullface": "north"},
				"east": {"uv": [14, 6, 15, 8], "texture": "#0", "cullface": "north"},
				"west": {"uv": [1, 6, 2, 8], "texture": "#0", "cullface": "north"},
				"up": {"uv": [3, 1, 13, 2], "texture": "#0", "cullface": "north"},
				"down": {"uv": [3, 14, 13, 15], "texture": "#0", "cullface": "north"}
			}
		},
		{
			"from": [3, 5, 1],
			"to": [5, 8, 2],
			"rotation": {"angle": 0, "axis": "y", "origin": [11, 13, 9]},
			"faces": {
				"north": {"uv": [11, 8, 13, 11], "texture": "#0", "cullface": "north"},
				"east": {"uv": [11, 8, 12, 11], "texture": "#0", "cullface": "north"},
				"west": {"uv": [1, 8, 2, 11], "texture": "#0", "cullface": "north"}
			}
		},
		{
			"from": [10, 5, 1],
			"to": [13, 8, 2],
			"rotation": {"angle": 0, "axis": "y", "origin": [19, 13, 9]},
			"faces": {
				"north": {"uv": [3, 8, 6, 11], "texture": "#0", "cullface": "north"},
				"east": {"uv": [14, 8, 15, 11], "texture": "#0", "cullface": "north"},
				"west": {"uv": [5, 8, 6, 11], "texture": "#0", "cullface": "north"}
			}
		},
		{
			"from": [8, 5, 1],
			"to": [9, 8, 2],
			"rotation": {"angle": 0, "axis": "y", "origin": [16, 13, 9]},
			"faces": {
				"north": {"uv": [7, 8, 8, 11], "texture": "#0", "cullface": "north"},
				"east": {"uv": [7, 8, 8, 11], "texture": "#0", "cullface": "north"},
				"west": {"uv": [7, 8, 8, 11], "texture": "#0", "cullface": "north"}
			}
		},
		{
			"from": [6, 5, 1],
			"to": [7, 8, 2],
			"rotation": {"angle": 0, "axis": "y", "origin": [14, 13, 9]},
			"faces": {
				"north": {"uv": [9, 8, 10, 11], "texture": "#0", "cullface": "north"},
				"east": {"uv": [9, 8, 10, 11], "texture": "#0", "cullface": "north"},
				"west": {"uv": [9, 8, 10, 11], "texture": "#0", "cullface": "north"}
			}
		},
		{
			"from": [0, 0, 1],
			"to": [1, 7, 16],
			"rotation": {"angle": 0, "axis": "x", "origin": [8, 8, 9]},
			"faces": {
				"south": {"uv": [0, 9, 1, 16], "texture": "#2", "cullface": "south"},
				"west": {"uv": [1, 9, 16, 16], "texture": "#2", "cullface": "west"},
				"up": {"uv": [1, 9, 16, 10], "rotation": 90, "texture": "#2", "cullface": "west"},
				"down": {"uv": [0, 0, 1, 15], "texture": "#3", "cullface": "down"}
			}
		},
		{
			"from": [0, 7, 15],
			"to": [1, 16, 16],
			"rotation": {"angle": 0, "axis": "x", "origin": [8, 15, 9]},
			"faces": {
				"north": {"uv": [15, 0, 16, 9], "texture": "#2", "cullface": "west"},
				"east": {"uv": [0, 0, 1, 9], "texture": "#2", "cullface": "south"},
				"south": {"uv": [0, 0, 1, 9], "texture": "#2", "cullface": "south"},
				"west": {"uv": [15, 0, 16, 9], "texture": "#2", "cullface": "west"},
				"up": {"uv": [0, 15, 1, 16], "texture": "#3", "cullface": "up"}
			}
		},
		{
			"from": [0, 15, 1],
			"to": [1, 16, 15],
			"rotation": {"angle": 0, "axis": "x", "origin": [8, 15, 8]},
			"faces": {
				"west": {"uv": [1, 0, 15, 1], "texture": "#2", "cullface": "west"},
				"up": {"uv": [0, 1, 1, 15], "texture": "#3", "cullface": "up"},
				"down": {"uv": [0, 1, 1, 15], "texture": "#2", "cullface": "west"}
			}
		},
		{
			"from": [0, 12, 12],
			"to": [1, 13, 15],
			"rotation": {"angle": 0, "axis": "x", "origin": [8, 12, 8]},
			"faces": {
				"north": {"uv": [12, 3, 13, 4], "texture": "#2", "cullface": "west"},
				"west": {"uv": [12, 3, 15, 4], "texture": "#2", "cullface": "west"},
				"up": {"uv": [12, 3, 15, 4], "rotation": 90, "texture": "#2", "cullface": "west"},
				"down": {"uv": [12, 3, 15, 4], "rotation": 90, "texture": "#2", "cullface": "west"}
			}
		},
		{
			"from": [0, 13, 12],
			"to": [1, 15, 13],
			"rotation": {"angle": 0, "axis": "x", "origin": [8, 13, 8]},
			"faces": {
				"north": {"uv": [12, 1, 13, 3], "texture": "#2", "cullface": "west"},
				"south": {"uv": [12, 1, 13, 3], "texture": "#2", "cullface": "west"},
				"west": {"uv": [12, 1, 13, 3], "texture": "#2", "cullface": "west"}
			}
		},
		{
			"from": [0, 13, 3],
			"to": [1, 15, 4],
			"rotation": {"angle": 0, "axis": "x", "origin": [8, 13, -1]},
			"faces": {
				"north": {"uv": [3, 1, 4, 3], "texture": "#2", "cullface": "west"},
				"south": {"uv": [3, 1, 4, 3], "texture": "#2", "cullface": "west"},
				"west": {"uv": [3, 1, 4, 3], "texture": "#2", "cullface": "west"}
			}
		},
		{
			"from": [0, 12, 1],
			"to": [1, 13, 4],
			"rotation": {"angle": 0, "axis": "x", "origin": [8, 11, -1]},
			"faces": {
				"south": {"uv": [3, 3, 4, 4], "texture": "#2", "cullface": "west"},
				"west": {"uv": [1, 3, 4, 4], "texture": "#2", "cullface": "west"},
				"up": {"uv": [1, 3, 4, 4], "rotation": 90, "texture": "#2", "cullface": "west"},
				"down": {"uv": [1, 3, 4, 4], "texture": "#2", "cullface": "west"}
			}
		},
		{
			"from": [0.3, 7, 1],
			"to": [1, 12, 15],
			"rotation": {"angle": 0, "axis": "x", "origin": [8, 15, 9]},
			"faces": {
				"west": {"uv": [1, 4, 15, 9], "texture": "#2", "cullface": "west"}
			}
		},
		{
			"from": [0.3, 12, 1],
			"to": [1, 15, 15],
			"rotation": {"angle": 0, "axis": "x", "origin": [8, 19, 9]},
			"faces": {
				"west": {"uv": [1, 1, 15, 4], "texture": "#2", "cullface": "west"}
			}
		},
		{
			"from": [15, 0, 1],
			"to": [16, 7, 16],
			"rotation": {"angle": 0, "axis": "x", "origin": [14, 8, 9]},
			"faces": {
				"east": {"uv": [0, 9, 15, 16], "texture": "#2", "cullface": "east"},
				"south": {"uv": [15, 9, 16, 16], "texture": "#2", "cullface": "south"},
				"up": {"uv": [1, 9, 16, 10], "rotation": 90, "texture": "#2", "cullface": "east"},
				"down": {"uv": [15, 0, 16, 15], "texture": "#3", "cullface": "down"}
			}
		},
		{
			"from": [15, 7, 15],
			"to": [16, 16, 16],
			"rotation": {"angle": 0, "axis": "x", "origin": [14, 15, 9]},
			"faces": {
				"north": {"uv": [0, 0, 1, 9], "texture": "#2", "cullface": "east"},
				"east": {"uv": [0, 0, 1, 9], "texture": "#2", "cullface": "east"},
				"south": {"uv": [15, 0, 16, 9], "texture": "#2", "cullface": "south"},
				"west": {"uv": [15, 0, 16, 9], "texture": "#2", "cullface": "south"},
				"up": {"uv": [15, 15, 16, 16], "texture": "#3", "cullface": "up"}
			}
		},
		{
			"from": [15, 15, 1],
			"to": [16, 16, 15],
			"rotation": {"angle": 0, "axis": "x", "origin": [14, 15, 8]},
			"faces": {
				"east": {"uv": [1, 0, 15, 1], "texture": "#2", "cullface": "east"},
				"up": {"uv": [15, 1, 16, 15], "texture": "#3", "cullface": "up"},
				"down": {"uv": [1, 0, 15, 1], "rotation": 90, "texture": "#2", "cullface": "east"}
			}
		},
		{
			"from": [15, 12, 3],
			"to": [16, 15, 4],
			"rotation": {"angle": 0, "axis": "x", "origin": [14, 14, 8]},
			"faces": {
				"north": {"uv": [0, 1, 1, 4], "texture": "#2", "cullface": "east"},
				"east": {"uv": [12, 1, 13, 4], "texture": "#2", "cullface": "east"},
				"south": {"uv": [15, 1, 16, 4], "texture": "#2", "cullface": "east"},
				"down": {"uv": [12, 3, 13, 4], "texture": "#2", "cullface": "east"}
			}
		},
		{
			"from": [15, 12, 12],
			"to": [16, 15, 13],
			"rotation": {"angle": 0, "axis": "x", "origin": [14, 14, 17]},
			"faces": {
				"north": {"uv": [3, 1, 4, 4], "texture": "#2", "cullface": "east"},
				"east": {"uv": [3, 1, 4, 4], "texture": "#2", "cullface": "east"},
				"south": {"uv": [3, 1, 4, 4], "texture": "#2", "cullface": "east"},
				"down": {"uv": [3, 3, 4, 4], "texture": "#2", "cullface": "east"}
			}
		},
		{
			"from": [15, 12, 13],
			"to": [16, 13, 15],
			"rotation": {"angle": 0, "axis": "x", "origin": [14, 14, 18]},
			"faces": {
				"east": {"uv": [1, 3, 3, 4], "texture": "#2", "cullface": "east"},
				"up": {"uv": [1, 3, 3, 4], "texture": "#2", "cullface": "east"},
				"down": {"uv": [1, 3, 3, 4], "texture": "#2", "cullface": "east"}
			}
		},
		{
			"from": [15, 12, 1],
			"to": [16, 13, 3],
			"rotation": {"angle": 0, "axis": "x", "origin": [14, 14, 6]},
			"faces": {
				"east": {"uv": [13, 3, 15, 4], "texture": "#2", "cullface": "east"},
				"up": {"uv": [13, 3, 15, 4], "texture": "#2", "cullface": "east"},
				"down": {"uv": [13, 3, 15, 4], "texture": "#2", "cullface": "east"}
			}
		},
		{
			"from": [15, 7, 1],
			"to": [15.7, 15, 15],
			"rotation": {"angle": 0, "axis": "x", "origin": [23, 15, 9]},
			"faces": {
				"east": {"uv": [1, 1, 15, 9], "texture": "#2", "cullface": "east"}
			}
		},
		{
			"from": [1, 0, 15],
			"to": [15, 7, 16],
			"rotation": {"angle": 0, "axis": "x", "origin": [9, 8, 23]},
			"faces": {
				"south": {"uv": [1, 9, 15, 16], "texture": "#2", "cullface": "south"},
				"up": {"uv": [1, 9, 15, 10], "texture": "#2", "cullface": "south"},
				"down": {"uv": [1, 0, 15, 1], "texture": "#3", "cullface": "down"}
			}
		},
		{
			"from": [1, 15, 15],
			"to": [15, 16, 16],
			"rotation": {"angle": 0, "axis": "x", "origin": [9, 17, 23]},
			"faces": {
				"south": {"uv": [1, 0, 15, 1], "texture": "#2", "cullface": "south"},
				"up": {"uv": [1, 15, 15, 16], "texture": "#3", "cullface": "up"},
				"down": {"uv": [1, 0, 15, 1], "texture": "#2", "cullface": "south"}
			}
		},
		{
			"from": [12, 12, 15],
			"to": [13, 15, 16],
			"rotation": {"angle": 0, "axis": "x", "origin": [7, 16, 23]},
			"faces": {
				"east": {"uv": [0, 1, 1, 4], "texture": "#2", "cullface": "south"},
				"south": {"uv": [12, 1, 13, 4], "texture": "#2", "cullface": "south"},
				"west": {"uv": [12, 1, 13, 4], "texture": "#2", "cullface": "south"},
				"down": {"uv": [12, 3, 13, 4], "texture": "#2", "cullface": "south"}
			}
		},
		{
			"from": [3, 12, 15],
			"to": [4, 15, 16],
			"rotation": {"angle": 0, "axis": "x", "origin": [-2, 16, 23]},
			"faces": {
				"east": {"uv": [0, 1, 1, 4], "texture": "#2", "cullface": "south"},
				"south": {"uv": [3, 1, 4, 4], "texture": "#2", "cullface": "south"},
				"west": {"uv": [15, 1, 16, 4], "texture": "#2", "cullface": "south"},
				"down": {"uv": [3, 3, 4, 4], "texture": "#2", "cullface": "south"}
			}
		},
		{
			"from": [1, 12, 15],
			"to": [3, 13, 16],
			"rotation": {"angle": 0, "axis": "x", "origin": [-3, 16, 23]},
			"faces": {
				"south": {"uv": [1, 3, 3, 4], "texture": "#2", "cullface": "south"},
				"up": {"uv": [1, 3, 3, 4], "texture": "#2", "cullface": "south"},
				"down": {"uv": [1, 3, 3, 4], "texture": "#2", "cullface": "south"}
			}
		},
		{
			"from": [13, 12, 15],
			"to": [15, 13, 16],
			"rotation": {"angle": 0, "axis": "x", "origin": [9, 16, 23]},
			"faces": {
				"south": {"uv": [13, 3, 15, 4], "texture": "#2", "cullface": "south"},
				"up": {"uv": [13, 3, 15, 4], "texture": "#2", "cullface": "south"},
				"down": {"uv": [13, 3, 15, 4], "texture": "#2", "cullface": "south"}
			}
		},
		{
			"from": [1, 7, 15],
			"to": [15, 15, 15.7],
			"rotation": {"angle": 0, "axis": "x", "origin": [9, 15, 23]},
			"faces": {
				"south": {"uv": [1, 1, 15, 9], "texture": "#2", "cullface": "south"}
			}
		},
		{
			"from": [1, 15, 0],
			"to": [15, 16, 15],
			"rotation": {"angle": 0, "axis": "y", "origin": [9, 23, 9]},
			"faces": {
				"north": {"uv": [1, 0, 15, 1], "texture": "#0", "cullface": "north"},
				"up": {"uv": [1, 0, 15, 15], "texture": "#3", "cullface": "up"},
				"down": {"uv": [1, 1, 15, 16], "texture": "#3", "cullface": "north"}
			}
		},
		{
			"from": [1, 0, 1],
			"to": [15, 1, 15],
			"rotation": {"angle": 0, "axis": "y", "origin": [9, 8, 9]},
			"faces": {
				"down": {"uv": [1, 1, 15, 15], "texture": "#3", "cullface": "down"}
			}
		},
		{
			"from": [1, 1, 1],
			"to": [2, 15, 15],
			"rotation": {"angle": 0, "axis": "y", "origin": [9, 9, 9]},
			"faces": {
				"east": {"uv": [10, 8, 11, 11], "rotation": 180, "texture": "#0", "cullface": "north"}
			}
		},
		{
			"from": [14, 1, 1],
			"to": [15, 15, 15],
			"rotation": {"angle": 0, "axis": "y", "origin": [22, 9, 9]},
			"faces": {
				"west": {"uv": [8, 8, 9, 11], "rotation": 180, "texture": "#0", "cullface": "north"}
			}
		},
		{
			"from": [2, 1, 14],
			"to": [14, 15, 15],
			"rotation": {"angle": 0, "axis": "y", "origin": [10, 9, 21]},
			"faces": {
				"north": {"uv": [6, 8, 7, 11], "rotation": 180, "texture": "#0", "cullface": "north"}
			}
		},
		{
			"from": [2, 1, 1],
			"to": [14, 2, 14],
			"rotation": {"angle": 0, "axis": "y", "origin": [10, 9, 9]},
			"faces": {
				"up": {"uv": [6, 8, 7, 11], "rotation": 180, "texture": "#0", "cullface": "north"}
			}
		},
		{
			"from": [2, 14, 1],
			"to": [14, 15, 14],
			"rotation": {"angle": 0, "axis": "y", "origin": [10, 22, 9]},
			"faces": {
				"down": {"uv": [8, 8, 9, 11], "rotation": 180, "texture": "#0", "cullface": "north"}
			}
		}
	],
	"display": {
		"thirdperson_righthand": {
			"rotation": [75, 45, 0],
			"translation": [0, 2.5, 0],
			"scale": [0.375, 0.375, 0.375]
		},
		"thirdperson_lefthand": {
			"rotation": [75, 45, 0],
			"translation": [0, 2.5, 0],
			"scale": [0.375, 0.375, 0.375]
		},
		"firstperson_righthand": {
			"rotation": [0, 45, 0],
			"scale": [0.4, 0.4, 0.4]
		},
		"firstperson_lefthand": {
			"rotation": [0, 225, 0],
			"scale": [0.4, 0.4, 0.4]
		},
		"ground": {
			"translation": [0, 3, 0],
			"scale": [0.25, 0.25, 0.25]
		},
		"gui": {
			"rotation": [30, 225, 0],
			"scale": [0.625, 0.625, 0.625]
		},
		"fixed": {
			"scale": [0.5, 0.5, 0.5]
		}
	},
	"groups": [
		{
			"name": "1",
			"origin": [8, 8, 8],
			"color": 0,
			"children": [0, 1, 2, 3, 4, 5, 6, 7, 8, 9, 10, 11, 12, 13, 14, 15, 16, 17]
		},
		{
			"name": "2",
			"origin": [8, 8, 8],
			"color": 0,
			"children": [18, 19, 20, 21, 22, 23, 24, 25, 26, 27, 28, 29, 30, 31, 32, 33, 34, 35, 36, 37, 38, 39, 40, 41, 42, 43]
		},
		{
			"name": "3",
			"origin": [8, 8, 8],
			"color": 0,
			"children": [44, 45, 46, 47, 48]
		}
	]
}