{
	"credit": "Made with Blockbench",
	"parent": "minecraft:block/cube",
	"textures": {
		"north": "block/cartography_table_side3",
		"south": "block/cartography_table_side1",
		"west": "block/cartography_table_side2",
		"particle": "block/cartography_table_top",
		"up": "block/cartography_table_top",
		"down": "block/dark_oak_planks"
	},
	"elements": [
		{
			"from": [0, 0, 0],
			"to": [16, 16, 16],
			"faces": {
				"north": {"uv": [0, 0, 16, 16], "texture": "#north", "cullface": "north"},
				"east": {"uv": [0, 0, 16, 16], "texture": "#north", "cullface": "east"},
				"south": {"uv": [0, 0, 16, 16], "texture": "#south", "cullface": "south"},
				"west": {"uv": [0, 0, 16, 16], "texture": "#west", "cullface": "west"},
				"up": {"uv": [0, 0, 16, 16], "texture": "#up", "cullface": "up"},
				"down": {"uv": [0, 0, 16, 16], "texture": "#down", "cullface": "down"}
			}
		},
		{
			"from": [-1, 11, 11],
			"to": [5, 17, 17],
			"rotation": {"angle": 0, "axis": "y", "origin": [7.5, 19.5, 19.5]},
			"faces": {
				"north": {"uv": [11, 0, 16, 5], "texture": "#west"},
				"east": {"uv": [11, 0, 16, 5], "texture": "#west"},
				"south": {"uv": [0, 0, 5, 5], "texture": "#south"},
				"west": {"uv": [11, 0, 16, 5], "texture": "#west"},
				"up": {"uv": [0, 11, 5, 16], "texture": "#up"},
				"down": {"uv": [0, 0, 5, 5], "texture": "#south"}
			}
		},
		{
			"from": [8, 16, 4],
			"to": [15, 16.5, 10],
			"rotation": {"angle": 0, "axis": "y", "origin": [19, 24, 10]},
			"faces": {
				"north": {"uv": [8, 4, 15, 4.5], "rotation": 180, "texture": "#up", "cullface": "up"},
				"east": {"uv": [8, 4, 8.5, 10], "rotation": 90, "texture": "#up", "cullface": "up"},
				"south": {"uv": [8, 4, 15, 10], "texture": "#up", "cullface": "up"},
				"west": {"uv": [8, 4, 8.5, 10], "rotation": 90, "texture": "#up", "cullface": "up"},
				"up": {"uv": [8, 4, 15, 10], "texture": "#up", "cullface": "up"}
			}
		},
		{
			"from": [8, 16, 10],
			"to": [14, 16.5, 11],
			"rotation": {"angle": 0, "axis": "y", "origin": [19, 24, 11]},
			"faces": {
				"east": {"uv": [8, 10, 9, 10.5], "texture": "#up", "cullface": "up"},
				"south": {"uv": [8, 10, 14, 11], "texture": "#up", "cullface": "up"},
				"west": {"uv": [8, 10, 9, 10.5], "texture": "#up", "cullface": "up"},
				"up": {"uv": [8, 10, 14, 11], "texture": "#up", "cullface": "up"}
			}
		},
		{
			"from": [9, 16, 11],
			"to": [12, 16.5, 12],
			"rotation": {"angle": 0, "axis": "y", "origin": [19, 24, 12]},
			"faces": {
				"east": {"uv": [9, 11, 12, 12], "texture": "#up", "cullface": "up"},
				"south": {"uv": [9, 11, 12, 12], "texture": "#up", "cullface": "up"},
				"west": {"uv": [9, 11, 12, 12], "texture": "#up", "cullface": "up"},
				"up": {"uv": [9, 11, 12, 12], "texture": "#up", "cullface": "up"}
			}
		},
		{
			"from": [11, 16, 2],
			"to": [15, 16.5, 4],
			"rotation": {"angle": 0, "axis": "y", "origin": [19, 24, 4]},
			"faces": {
				"north": {"uv": [11, 2, 15, 2.5], "texture": "#up", "cullface": "up"},
				"east": {"uv": [14, 3, 14.5, 5], "rotation": 270, "texture": "#up", "cullface": "up"},
				"west": {"uv": [13, 2, 15, 2.5], "rotation": 180, "texture": "#up", "cullface": "up"},
				"up": {"uv": [11, 2, 15, 4], "texture": "#up", "cullface": "up"}
			}
		},
		{
			"from": [9, 16, 3],
			"to": [11, 16.5, 4],
			"rotation": {"angle": 0, "axis": "y", "origin": [17, 24, 4]},
			"faces": {
				"north": {"uv": [9, 3, 11, 4], "texture": "#up", "cullface": "up"},
				"west": {"uv": [9, 3, 11, 4], "texture": "#up", "cullface": "up"},
				"up": {"uv": [9, 3, 11, 4], "texture": "#up", "cullface": "up"}
			}
		},
		{
			"from": [2, 16, 2],
			"to": [6, 16.5, 6],
			"rotation": {"angle": 0, "axis": "y", "origin": [10, 24, 10]},
			"faces": {
				"north": {"uv": [2, 2, 6, 2.5], "texture": "#up", "cullface": "up"},
				"east": {"uv": [2, 2, 6, 2.5], "texture": "#up", "cullface": "up"},
				"south": {"uv": [2, 2, 6, 2.5], "texture": "#up", "cullface": "up"},
				"west": {"uv": [2, 2, 6, 2.5], "texture": "#up", "cullface": "up"},
				"up": {"uv": [2, 2, 6, 6], "texture": "#up", "cullface": "up"}
			}
		},
		{
			"from": [-0.5, 2, 4],
			"to": [0, 7, 11],
			"rotation": {"angle": 0, "axis": "y", "origin": [7, 10, 12]},
			"faces": {
				"north": {"uv": [4, 9, 4.5, 14], "texture": "#west", "cullface": "west"},
				"south": {"uv": [10, 9, 10.5, 14], "texture": "#west", "cullface": "west"},
				"west": {"uv": [4, 9, 11, 14], "texture": "#west", "cullface": "west"},
				"up": {"uv": [4, 9, 11, 14], "texture": "#west", "cullface": "west"},
				"down": {"uv": [4, 13, 11, 13.5], "rotation": 90, "texture": "#west", "cullface": "west"}
			}
		},
		{
			"from": [-0.5, 7, 5],
			"to": [0, 8, 11],
			"rotation": {"angle": 0, "axis": "y", "origin": [7, 11, 12]},
			"faces": {
				"north": {"uv": [5, 8, 5.5, 9], "texture": "#west", "cullface": "west"},
				"south": {"uv": [10, 8, 10.5, 9], "texture": "#west", "cullface": "west"},
				"west": {"uv": [5, 8, 11, 9], "texture": "#west", "cullface": "west"},
				"up": {"uv": [5, 8, 11, 8.5], "rotation": 90, "texture": "#west", "cullface": "west"}
			}
		}
	],
	"display": {
		"thirdperson_righthand": {
			"rotation": [75, 45, 0],
			"translation": [0, 2.5, 0],
			"scale": [0.375, 0.375, 0.375]
		},
		"thirdperson_lefthand": {
			"rotation": [75, 45, 0],
			"translation": [0, 2.5, 0],
			"scale": [0.375, 0.375, 0.375]
		},
		"firstperson_righthand": {
			"rotation": [0, 45, 0],
			"scale": [0.4, 0.4, 0.4]
		},
		"firstperson_lefthand": {
			"rotation": [0, 225, 0],
			"scale": [0.4, 0.4, 0.4]
		},
		"ground": {
			"translation": [0, 3, 0],
			"scale": [0.25, 0.25, 0.25]
		},
		"gui": {
			"rotation": [30, 225, 0],
			"scale": [0.625, 0.625, 0.625]
		},
		"fixed": {
			"scale": [0.5, 0.5, 0.5]
		}
	},
	"groups": [
		0,
		{
			"name": "1",
			"origin": [8, 8, 8],
			"color": 0,
			"children": [1, 2, 3, 4, 5, 6, 7, 8, 9]
		}
	]
}