{
	"credit": "Made with Blockbench",
	"parent": "minecraft:block/cube_all",
	"textures": {
		"all": "block/chiseled_nether_bricks"
	},
	"elements": [
		{
			"from": [13, 0, 3],
			"to": [16, 3, 13],
			"faces": {
				"east": {"uv": [3, 13, 13, 16], "texture": "#all", "cullface": "east"},
				"west": {"uv": [3, 13, 13, 16], "texture": "#all", "cullface": "down"},
				"up": {"uv": [13, 3, 16, 13], "texture": "#all", "cullface": "east"},
				"down": {"uv": [13, 3, 16, 13], "texture": "#all", "cullface": "down"}
			}
		},
		{
			"from": [1, 1, 1],
			"to": [15, 15, 15],
			"faces": {
				"north": {"uv": [1, 1, 15, 15], "texture": "#all", "cullface": "north"},
				"east": {"uv": [1, 1, 15, 15], "texture": "#all", "cullface": "east"},
				"south": {"uv": [1, 1, 15, 15], "texture": "#all", "cullface": "south"},
				"west": {"uv": [1, 1, 15, 15], "texture": "#all", "cullface": "west"},
				"up": {"uv": [1, 1, 15, 15], "texture": "#all", "cullface": "up"},
				"down": {"uv": [1, 1, 15, 15], "texture": "#all", "cullface": "down"}
			}
		},
		{
			"from": [0, 0, 0],
			"to": [3, 16, 3],
			"faces": {
				"north": {"uv": [13, 0, 16, 16], "texture": "#all", "cullface": "north"},
				"east": {"uv": [13, 0, 16, 16], "texture": "#all", "cullface": "north"},
				"south": {"uv": [0, 0, 3, 16], "texture": "#all", "cullface": "west"},
				"west": {"uv": [0, 0, 3, 16], "texture": "#all", "cullface": "west"},
				"up": {"uv": [0, 0, 3, 3], "texture": "#all", "cullface": "up"},
				"down": {"uv": [0, 13, 3, 16], "texture": "#all", "cullface": "down"}
			}
		},
		{
			"from": [13, 0, 0],
			"to": [16, 16, 3],
			"faces": {
				"north": {"uv": [0, 0, 3, 16], "texture": "#all", "cullface": "north"},
				"east": {"uv": [13, 0, 16, 16], "texture": "#all", "cullface": "east"},
				"south": {"uv": [13, 0, 16, 16], "texture": "#all", "cullface": "east"},
				"west": {"uv": [0, 0, 3, 16], "texture": "#all", "cullface": "north"},
				"up": {"uv": [13, 0, 16, 3], "texture": "#all", "cullface": "up"},
				"down": {"uv": [13, 13, 16, 16], "texture": "#all", "cullface": "down"}
			}
		},
		{
			"from": [13, 0, 13],
			"to": [16, 16, 16],
			"faces": {
				"north": {"uv": [0, 0, 3, 16], "texture": "#all", "cullface": "east"},
				"east": {"uv": [0, 0, 3, 16], "texture": "#all", "cullface": "east"},
				"south": {"uv": [13, 0, 16, 16], "texture": "#all", "cullface": "south"},
				"west": {"uv": [13, 0, 16, 16], "texture": "#all", "cullface": "south"},
				"up": {"uv": [13, 13, 16, 16], "texture": "#all", "cullface": "up"},
				"down": {"uv": [13, 0, 16, 3], "texture": "#all", "cullface": "down"}
			}
		},
		{
			"from": [0, 0, 13],
			"to": [3, 16, 16],
			"faces": {
				"north": {"uv": [13, 0, 16, 16], "texture": "#all", "cullface": "west"},
				"east": {"uv": [0, 0, 3, 16], "texture": "#all", "cullface": "south"},
				"south": {"uv": [0, 0, 3, 16], "texture": "#all", "cullface": "south"},
				"west": {"uv": [13, 0, 16, 16], "texture": "#all", "cullface": "west"},
				"up": {"uv": [0, 13, 3, 16], "texture": "#all", "cullface": "up"},
				"down": {"uv": [0, 0, 3, 3], "texture": "#all", "cullface": "down"}
			}
		},
		{
			"from": [3, 0, 0],
			"to": [13, 3, 3],
			"faces": {
				"north": {"uv": [3, 13, 13, 16], "texture": "#all", "cullface": "north"},
				"south": {"uv": [3, 13, 13, 16], "texture": "#all", "cullface": "down"},
				"up": {"uv": [3, 0, 13, 3], "texture": "#all", "cullface": "north"},
				"down": {"uv": [3, 13, 13, 16], "texture": "#all", "cullface": "down"}
			}
		},
		{
			"from": [3, 13, 0],
			"to": [13, 16, 3],
			"faces": {
				"north": {"uv": [3, 0, 13, 3], "texture": "#all", "cullface": "north"},
				"south": {"uv": [3, 0, 13, 3], "texture": "#all", "cullface": "up"},
				"up": {"uv": [3, 0, 13, 3], "texture": "#all", "cullface": "up"},
				"down": {"uv": [3, 13, 13, 16], "texture": "#all", "cullface": "north"}
			}
		},
		{
			"from": [3, 13, 13],
			"to": [13, 16, 16],
			"faces": {
				"north": {"uv": [3, 0, 13, 3], "texture": "#all", "cullface": "up"},
				"south": {"uv": [3, 0, 13, 3], "texture": "#all", "cullface": "south"},
				"up": {"uv": [3, 13, 13, 16], "texture": "#all", "cullface": "up"},
				"down": {"uv": [3, 0, 13, 3], "texture": "#all", "cullface": "south"}
			}
		},
		{
			"from": [3, 0, 13],
			"to": [13, 3, 16],
			"faces": {
				"north": {"uv": [3, 13, 13, 16], "texture": "#all", "cullface": "down"},
				"south": {"uv": [3, 13, 13, 16], "texture": "#all", "cullface": "south"},
				"up": {"uv": [3, 13, 13, 16], "texture": "#all", "cullface": "south"},
				"down": {"uv": [3, 0, 13, 3], "texture": "#all", "cullface": "down"}
			}
		},
		{
			"from": [0, 0, 3],
			"to": [3, 3, 13],
			"faces": {
				"east": {"uv": [3, 13, 13, 16], "texture": "#all", "cullface": "down"},
				"west": {"uv": [3, 13, 13, 16], "texture": "#all", "cullface": "west"},
				"up": {"uv": [0, 3, 3, 13], "texture": "#all", "cullface": "west"},
				"down": {"uv": [0, 3, 3, 13], "texture": "#all", "cullface": "down"}
			}
		},
		{
			"from": [0, 13, 3],
			"to": [3, 16, 13],
			"faces": {
				"east": {"uv": [3, 0, 13, 3], "texture": "#all", "cullface": "up"},
				"west": {"uv": [3, 0, 13, 3], "texture": "#all", "cullface": "west"},
				"up": {"uv": [0, 3, 3, 13], "texture": "#all", "cullface": "up"},
				"down": {"uv": [0, 3, 3, 13], "texture": "#all", "cullface": "west"}
			}
		},
		{
			"from": [13, 13, 3],
			"to": [16, 16, 13],
			"faces": {
				"east": {"uv": [3, 0, 13, 3], "texture": "#all", "cullface": "east"},
				"west": {"uv": [3, 0, 13, 3], "texture": "#all", "cullface": "up"},
				"up": {"uv": [13, 3, 16, 13], "texture": "#all", "cullface": "up"},
				"down": {"uv": [13, 3, 16, 13], "texture": "#all", "cullface": "east"}
			}
		},
		{
			"from": [4, 4, 0.5],
			"to": [12, 5, 1],
			"faces": {
				"north": {"uv": [4, 11, 12, 12], "texture": "#all", "cullface": "north"},
				"east": {"uv": [15, 11, 15.5, 12], "texture": "#all", "cullface": "north"},
				"west": {"uv": [0.5, 11, 1, 12], "texture": "#all", "cullface": "north"},
				"up": {"uv": [4, 0.5, 12, 1], "texture": "#all", "cullface": "north"},
				"down": {"uv": [4, 15, 12, 15.5], "texture": "#all", "cullface": "north"}
			}
		},
		{
			"from": [4, 5, 0.5],
			"to": [6, 6, 1],
			"faces": {
				"north": {"uv": [10, 10, 12, 11], "texture": "#all", "cullface": "north"},
				"east": {"uv": [15, 10, 15.5, 11], "texture": "#all", "cullface": "north"},
				"west": {"uv": [0.5, 10, 1, 11], "texture": "#all", "cullface": "north"}
			}
		},
		{
			"from": [10, 5, 0.5],
			"to": [12, 6, 1],
			"faces": {
				"north": {"uv": [4, 10, 6, 11], "texture": "#all", "cullface": "north"},
				"east": {"uv": [15, 10, 15.5, 11], "texture": "#all", "cullface": "north"},
				"west": {"uv": [0.5, 10, 1, 11], "texture": "#all", "cullface": "north"}
			}
		},
		{
			"from": [4, 6, 0.5],
			"to": [12, 7, 1],
			"faces": {
				"north": {"uv": [4, 9, 12, 10], "texture": "#all", "cullface": "north"},
				"east": {"uv": [15, 9, 15.5, 10], "texture": "#all", "cullface": "north"},
				"west": {"uv": [0.5, 9, 1, 10], "texture": "#all", "cullface": "north"},
				"up": {"uv": [4, 0.5, 12, 1], "texture": "#all", "cullface": "north"},
				"down": {"uv": [4, 15, 12, 15.5], "texture": "#all", "cullface": "north"}
			}
		},
		{
			"from": [11, 7, 0.5],
			"to": [12, 8, 1],
			"faces": {
				"north": {"uv": [4, 8, 5, 9], "texture": "#all", "cullface": "north"},
				"east": {"uv": [15, 8, 15.5, 9], "texture": "#all", "cullface": "north"},
				"west": {"uv": [0.5, 8, 1, 9], "texture": "#all", "cullface": "north"}
			}
		},
		{
			"from": [7, 7, 0.5],
			"to": [9, 8, 1],
			"faces": {
				"north": {"uv": [7, 8, 9, 9], "texture": "#all", "cullface": "north"},
				"east": {"uv": [15, 8, 15.5, 9], "texture": "#all", "cullface": "north"},
				"west": {"uv": [0.5, 8, 1, 9], "texture": "#all", "cullface": "north"}
			}
		},
		{
			"from": [4, 7, 0.5],
			"to": [5, 8, 1],
			"faces": {
				"north": {"uv": [11, 8, 12, 9], "texture": "#all", "cullface": "north"},
				"east": {"uv": [15, 8, 15.5, 9], "texture": "#all", "cullface": "north"},
				"west": {"uv": [0.5, 8, 1, 9], "texture": "#all", "cullface": "north"}
			}
		},
		{
			"from": [4, 8, 0.5],
			"to": [12, 12, 1],
			"faces": {
				"north": {"uv": [4, 4, 12, 8], "texture": "#all", "cullface": "north"},
				"east": {"uv": [15, 4, 15.5, 8], "texture": "#all", "cullface": "north"},
				"west": {"uv": [0.5, 4, 1, 8], "texture": "#all", "cullface": "north"},
				"up": {"uv": [4, 0.5, 12, 1], "texture": "#all", "cullface": "north"},
				"down": {"uv": [4, 15, 12, 15.5], "texture": "#all", "cullface": "north"}
			}
		},
		{
			"from": [0.5, 4, 4],
			"to": [1, 5, 12],
			"faces": {
				"north": {"uv": [15, 11, 15.5, 12], "texture": "#all", "cullface": "west"},
				"south": {"uv": [0.5, 11, 1, 12], "texture": "#all", "cullface": "west"},
				"west": {"uv": [4, 11, 12, 12], "texture": "#all", "cullface": "west"},
				"up": {"uv": [0.5, 4, 1, 12], "rotation": 270, "texture": "#all", "cullface": "west"},
				"down": {"uv": [0.5, 4, 1, 12], "rotation": 90, "texture": "#all", "cullface": "west"}
			}
		},
		{
			"from": [0.5, 5, 10],
			"to": [1, 6, 12],
			"faces": {
				"north": {"uv": [15, 10, 15.5, 11], "texture": "#all", "cullface": "west"},
				"south": {"uv": [0.5, 10, 1, 11], "texture": "#all", "cullface": "west"},
				"west": {"uv": [10, 10, 12, 11], "texture": "#all", "cullface": "west"}
			}
		},
		{
			"from": [0.5, 5, 4],
			"to": [1, 6, 6],
			"faces": {
				"north": {"uv": [15, 10, 15.5, 11], "texture": "#all", "cullface": "west"},
				"south": {"uv": [0.5, 10, 1, 11], "texture": "#all", "cullface": "west"},
				"west": {"uv": [4, 10, 6, 11], "texture": "#all", "cullface": "west"}
			}
		},
		{
			"from": [0.5, 6, 4],
			"to": [1, 7, 12],
			"faces": {
				"north": {"uv": [15, 9, 15.5, 10], "texture": "#all", "cullface": "west"},
				"south": {"uv": [0.5, 9, 1, 10], "texture": "#all", "cullface": "west"},
				"west": {"uv": [4, 9, 12, 10], "texture": "#all", "cullface": "west"},
				"up": {"uv": [0.5, 4, 1, 12], "rotation": 270, "texture": "#all", "cullface": "west"},
				"down": {"uv": [0.5, 4, 1, 12], "rotation": 90, "texture": "#all", "cullface": "west"}
			}
		},
		{
			"from": [0.5, 7, 4],
			"to": [1, 8, 5],
			"faces": {
				"north": {"uv": [15, 8, 15.5, 9], "texture": "#all", "cullface": "west"},
				"south": {"uv": [0.5, 8, 1, 9], "texture": "#all", "cullface": "west"},
				"west": {"uv": [4, 8, 5, 9], "texture": "#all", "cullface": "west"}
			}
		},
		{
			"from": [0.5, 7, 7],
			"to": [1, 8, 9],
			"faces": {
				"north": {"uv": [15, 8, 15.5, 9], "texture": "#all", "cullface": "west"},
				"south": {"uv": [0.5, 8, 1, 9], "texture": "#all", "cullface": "west"},
				"west": {"uv": [7, 8, 9, 9], "texture": "#all", "cullface": "west"}
			}
		},
		{
			"from": [0.5, 7, 11],
			"to": [1, 8, 12],
			"faces": {
				"north": {"uv": [15, 8, 15.5, 9], "texture": "#all", "cullface": "west"},
				"south": {"uv": [0.5, 8, 1, 9], "texture": "#all", "cullface": "west"},
				"west": {"uv": [11, 8, 12, 9], "texture": "#all", "cullface": "west"}
			}
		},
		{
			"from": [0.5, 8, 4],
			"to": [1, 12, 12],
			"faces": {
				"north": {"uv": [15, 4, 15.5, 8], "texture": "#all", "cullface": "west"},
				"south": {"uv": [0.5, 4, 1, 8], "texture": "#all", "cullface": "west"},
				"west": {"uv": [4, 4, 12, 8], "texture": "#all", "cullface": "west"},
				"up": {"uv": [0.5, 4, 1, 12], "rotation": 270, "texture": "#all", "cullface": "west"},
				"down": {"uv": [0.5, 4, 1, 12], "rotation": 90, "texture": "#all", "cullface": "west"}
			}
		},
		{
			"from": [15, 4, 4],
			"to": [15.5, 5, 12],
			"faces": {
				"north": {"uv": [0.5, 11, 1, 12], "texture": "#all", "cullface": "east"},
				"east": {"uv": [4, 11, 12, 12], "texture": "#all", "cullface": "east"},
				"south": {"uv": [15, 11, 15.5, 12], "texture": "#all", "cullface": "east"},
				"up": {"uv": [15, 4, 15.5, 12], "rotation": 90, "texture": "#all", "cullface": "east"},
				"down": {"uv": [15, 4, 15.5, 12], "rotation": 270, "texture": "#all", "cullface": "east"}
			}
		},
		{
			"from": [15, 5, 4],
			"to": [15.5, 6, 6],
			"faces": {
				"north": {"uv": [0.5, 10, 1, 11], "texture": "#all", "cullface": "east"},
				"east": {"uv": [10, 10, 12, 11], "texture": "#all", "cullface": "east"},
				"south": {"uv": [15, 10, 15.5, 11], "texture": "#all", "cullface": "east"}
			}
		},
		{
			"from": [15, 5, 10],
			"to": [15.5, 6, 12],
			"faces": {
				"north": {"uv": [0.5, 10, 1, 11], "texture": "#all", "cullface": "east"},
				"east": {"uv": [4, 10, 6, 11], "texture": "#all", "cullface": "east"},
				"south": {"uv": [15, 10, 15.5, 11], "texture": "#all", "cullface": "east"}
			}
		},
		{
			"from": [15, 6, 4],
			"to": [15.5, 7, 12],
			"faces": {
				"north": {"uv": [0.5, 9, 1, 10], "texture": "#all", "cullface": "east"},
				"east": {"uv": [4, 9, 12, 10], "texture": "#all", "cullface": "east"},
				"south": {"uv": [15, 9, 15.5, 10], "texture": "#all", "cullface": "east"},
				"up": {"uv": [15, 4, 15.5, 12], "rotation": 90, "texture": "#all", "cullface": "east"},
				"down": {"uv": [15, 4, 15.5, 12], "rotation": 270, "texture": "#all", "cullface": "east"}
			}
		},
		{
			"from": [15, 7, 11],
			"to": [15.5, 8, 12],
			"faces": {
				"north": {"uv": [0.5, 8, 1, 9], "texture": "#all", "cullface": "east"},
				"east": {"uv": [4, 8, 5, 9], "texture": "#all", "cullface": "east"},
				"south": {"uv": [15, 8, 15.5, 9], "texture": "#all", "cullface": "east"}
			}
		},
		{
			"from": [15, 7, 7],
			"to": [15.5, 8, 9],
			"faces": {
				"north": {"uv": [0.5, 8, 1, 9], "texture": "#all", "cullface": "east"},
				"east": {"uv": [7, 8, 9, 9], "texture": "#all", "cullface": "east"},
				"south": {"uv": [15, 8, 15.5, 9], "texture": "#all", "cullface": "east"}
			}
		},
		{
			"from": [15, 7, 4],
			"to": [15.5, 8, 5],
			"faces": {
				"north": {"uv": [0.5, 8, 1, 9], "texture": "#all", "cullface": "east"},
				"east": {"uv": [11, 8, 12, 9], "texture": "#all", "cullface": "east"},
				"south": {"uv": [15, 8, 15.5, 9], "texture": "#all", "cullface": "east"}
			}
		},
		{
			"from": [15, 8, 4],
			"to": [15.5, 12, 12],
			"faces": {
				"north": {"uv": [0.5, 4, 1, 8], "texture": "#all", "cullface": "east"},
				"east": {"uv": [4, 4, 12, 8], "texture": "#all", "cullface": "east"},
				"south": {"uv": [15, 4, 15.5, 8], "texture": "#all", "cullface": "east"},
				"up": {"uv": [15, 4, 15.5, 12], "rotation": 90, "texture": "#all", "cullface": "east"},
				"down": {"uv": [15, 4, 15.5, 12], "rotation": 270, "texture": "#all", "cullface": "east"}
			}
		},
		{
			"from": [4, 4, 15],
			"to": [12, 5, 15.5],
			"faces": {
				"east": {"uv": [0.5, 11, 1, 12], "texture": "#all", "cullface": "south"},
				"south": {"uv": [4, 11, 12, 12], "texture": "#all", "cullface": "south"},
				"west": {"uv": [15, 11, 15.5, 12], "texture": "#all", "cullface": "south"},
				"up": {"uv": [4, 15, 12, 15.5], "rotation": 180, "texture": "#all", "cullface": "south"},
				"down": {"uv": [4, 0.5, 12, 1], "rotation": 180, "texture": "#all", "cullface": "south"}
			}
		},
		{
			"from": [10, 5, 15],
			"to": [12, 6, 15.5],
			"faces": {
				"east": {"uv": [0.5, 10, 1, 11], "texture": "#all", "cullface": "south"},
				"south": {"uv": [10, 10, 12, 11], "texture": "#all", "cullface": "south"},
				"west": {"uv": [15, 10, 15.5, 11], "texture": "#all", "cullface": "south"}
			}
		},
		{
			"from": [4, 5, 15],
			"to": [6, 6, 15.5],
			"faces": {
				"east": {"uv": [0.5, 10, 1, 11], "texture": "#all", "cullface": "south"},
				"south": {"uv": [4, 10, 6, 11], "texture": "#all", "cullface": "south"},
				"west": {"uv": [15, 10, 15.5, 11], "texture": "#all", "cullface": "south"}
			}
		},
		{
			"from": [4, 6, 15],
			"to": [12, 7, 15.5],
			"faces": {
				"east": {"uv": [0.5, 9, 1, 10], "texture": "#all", "cullface": "south"},
				"south": {"uv": [4, 9, 12, 10], "texture": "#all", "cullface": "south"},
				"west": {"uv": [15, 9, 15.5, 10], "texture": "#all", "cullface": "south"},
				"up": {"uv": [4, 15, 12, 15.5], "rotation": 180, "texture": "#all", "cullface": "south"},
				"down": {"uv": [4, 0.5, 12, 1], "rotation": 180, "texture": "#all", "cullface": "south"}
			}
		},
		{
			"from": [4, 7, 15],
			"to": [5, 8, 15.5],
			"faces": {
				"east": {"uv": [0.5, 8, 1, 9], "texture": "#all", "cullface": "south"},
				"south": {"uv": [4, 8, 5, 9], "texture": "#all", "cullface": "south"},
				"west": {"uv": [15, 8, 15.5, 9], "texture": "#all", "cullface": "south"}
			}
		},
		{
			"from": [7, 7, 15],
			"to": [9, 8, 15.5],
			"faces": {
				"east": {"uv": [0.5, 8, 1, 9], "texture": "#all", "cullface": "south"},
				"south": {"uv": [7, 8, 9, 9], "texture": "#all", "cullface": "south"},
				"west": {"uv": [15, 8, 15.5, 9], "texture": "#all", "cullface": "south"}
			}
		},
		{
			"from": [11, 7, 15],
			"to": [12, 8, 15.5],
			"faces": {
				"east": {"uv": [0.5, 8, 1, 9], "texture": "#all", "cullface": "south"},
				"south": {"uv": [11, 8, 12, 9], "texture": "#all", "cullface": "south"},
				"west": {"uv": [15, 8, 15.5, 9], "texture": "#all", "cullface": "south"}
			}
		},
		{
			"from": [4, 8, 15],
			"to": [12, 12, 15.5],
			"faces": {
				"east": {"uv": [0.5, 4, 1, 8], "texture": "#all", "cullface": "south"},
				"south": {"uv": [4, 4, 12, 8], "texture": "#all", "cullface": "south"},
				"west": {"uv": [15, 4, 15.5, 8], "texture": "#all", "cullface": "south"},
				"up": {"uv": [4, 15, 12, 15.5], "rotation": 180, "texture": "#all", "cullface": "south"},
				"down": {"uv": [4, 0.5, 12, 1], "rotation": 180, "texture": "#all", "cullface": "south"}
			}
		},
		{
			"from": [4, 15, 11],
			"to": [12, 15.5, 12],
			"faces": {
				"north": {"uv": [4, 0.5, 12, 1], "texture": "#all", "cullface": "up"},
				"east": {"uv": [4, 0.5, 5, 1], "rotation": 90, "texture": "#all", "cullface": "up"},
				"south": {"uv": [4, 0.5, 12, 1], "rotation": 180, "texture": "#all", "cullface": "up"},
				"west": {"uv": [11, 0.5, 12, 1], "rotation": 270, "texture": "#all", "cullface": "up"},
				"up": {"uv": [4, 11, 12, 12], "texture": "#all", "cullface": "up"}
			}
		},
		{
			"from": [10, 15, 10],
			"to": [12, 15.5, 11],
			"faces": {
				"east": {"uv": [5, 0.5, 6, 1], "rotation": 90, "texture": "#all", "cullface": "up"},
				"west": {"uv": [10, 0.5, 11, 1], "rotation": 270, "texture": "#all", "cullface": "up"},
				"up": {"uv": [10, 10, 12, 11], "texture": "#all", "cullface": "up"}
			}
		},
		{
			"from": [4, 15, 10],
			"to": [6, 15.5, 11],
			"faces": {
				"east": {"uv": [5, 0.5, 6, 1], "rotation": 90, "texture": "#all", "cullface": "up"},
				"west": {"uv": [10, 0.5, 11, 1], "rotation": 270, "texture": "#all", "cullface": "up"},
				"up": {"uv": [4, 10, 6, 11], "texture": "#all", "cullface": "up"}
			}
		},
		{
			"from": [4, 15, 9],
			"to": [12, 15.5, 10],
			"faces": {
				"north": {"uv": [4, 0.5, 12, 1], "texture": "#all", "cullface": "up"},
				"east": {"uv": [6, 0.5, 7, 1], "rotation": 90, "texture": "#all", "cullface": "up"},
				"south": {"uv": [4, 0.5, 12, 1], "rotation": 180, "texture": "#all", "cullface": "up"},
				"west": {"uv": [9, 0.5, 10, 1], "rotation": 270, "texture": "#all", "cullface": "up"},
				"up": {"uv": [4, 9, 12, 10], "texture": "#all", "cullface": "up"}
			}
		},
		{
			"from": [4, 15, 8],
			"to": [5, 15.5, 9],
			"faces": {
				"east": {"uv": [7, 0.5, 8, 1], "rotation": 90, "texture": "#all", "cullface": "up"},
				"west": {"uv": [8, 0.5, 9, 1], "rotation": 270, "texture": "#all", "cullface": "up"},
				"up": {"uv": [4, 8, 5, 9], "texture": "#all", "cullface": "up"}
			}
		},
		{
			"from": [7, 15, 8],
			"to": [9, 15.5, 9],
			"faces": {
				"east": {"uv": [7, 0.5, 8, 1], "rotation": 90, "texture": "#all", "cullface": "up"},
				"west": {"uv": [8, 0.5, 9, 1], "rotation": 270, "texture": "#all", "cullface": "up"},
				"up": {"uv": [7, 8, 9, 9], "texture": "#all", "cullface": "up"}
			}
		},
		{
			"from": [11, 15, 8],
			"to": [12, 15.5, 9],
			"faces": {
				"east": {"uv": [7, 0.5, 8, 1], "rotation": 90, "texture": "#all", "cullface": "up"},
				"west": {"uv": [8, 0.5, 9, 1], "rotation": 270, "texture": "#all", "cullface": "up"},
				"up": {"uv": [11, 8, 12, 9], "texture": "#all", "cullface": "up"}
			}
		},
		{
			"from": [4, 15, 4],
			"to": [12, 15.5, 8],
			"faces": {
				"north": {"uv": [4, 0.5, 12, 1], "texture": "#all", "cullface": "up"},
				"east": {"uv": [8, 0.5, 12, 1], "rotation": 90, "texture": "#all", "cullface": "up"},
				"south": {"uv": [4, 0.5, 12, 1], "rotation": 180, "texture": "#all", "cullface": "up"},
				"west": {"uv": [4, 0.5, 8, 1], "rotation": 270, "texture": "#all", "cullface": "up"},
				"up": {"uv": [4, 4, 12, 8], "texture": "#all", "cullface": "up"}
			}
		},
		{
			"from": [4, 0.5, 4],
			"to": [12, 1, 5],
			"faces": {
				"north": {"uv": [4, 15, 12, 15.5], "rotation": 180, "texture": "#all", "cullface": "down"},
				"east": {"uv": [11, 15, 12, 15.5], "rotation": 270, "texture": "#all", "cullface": "down"},
				"south": {"uv": [4, 15, 12, 15.5], "texture": "#all", "cullface": "down"},
				"west": {"uv": [4, 15, 5, 15.5], "rotation": 90, "texture": "#all", "cullface": "down"},
				"down": {"uv": [4, 11, 12, 12], "texture": "#all", "cullface": "down"}
			}
		},
		{
			"from": [4, 0.5, 5],
			"to": [6, 1, 6],
			"faces": {
				"east": {"uv": [10, 15, 11, 15.5], "rotation": 270, "texture": "#all", "cullface": "down"},
				"west": {"uv": [5, 15, 6, 15.5], "rotation": 90, "texture": "#all", "cullface": "down"},
				"down": {"uv": [4, 10, 6, 11], "texture": "#all", "cullface": "down"}
			}
		},
		{
			"from": [10, 0.5, 5],
			"to": [12, 1, 6],
			"faces": {
				"east": {"uv": [10, 15, 11, 15.5], "rotation": 270, "texture": "#all", "cullface": "down"},
				"west": {"uv": [5, 15, 6, 15.5], "rotation": 90, "texture": "#all", "cullface": "down"},
				"down": {"uv": [10, 10, 12, 11], "texture": "#all", "cullface": "down"}
			}
		},
		{
			"from": [4, 0.5, 6],
			"to": [12, 1, 7],
			"faces": {
				"north": {"uv": [4, 15, 12, 15.5], "rotation": 180, "texture": "#all", "cullface": "down"},
				"east": {"uv": [9, 15, 10, 15.5], "rotation": 270, "texture": "#all", "cullface": "down"},
				"south": {"uv": [4, 15, 12, 15.5], "texture": "#all", "cullface": "down"},
				"west": {"uv": [6, 15, 7, 15.5], "rotation": 90, "texture": "#all", "cullface": "down"},
				"down": {"uv": [4, 9, 12, 10], "texture": "#all", "cullface": "down"}
			}
		},
		{
			"from": [11, 0.5, 7],
			"to": [12, 1, 8],
			"faces": {
				"east": {"uv": [8, 15, 9, 15.5], "rotation": 270, "texture": "#all", "cullface": "down"},
				"west": {"uv": [7, 15, 8, 15.5], "rotation": 90, "texture": "#all", "cullface": "down"},
				"down": {"uv": [11, 8, 12, 9], "texture": "#all", "cullface": "down"}
			}
		},
		{
			"from": [7, 0.5, 7],
			"to": [9, 1, 8],
			"faces": {
				"east": {"uv": [8, 15, 9, 15.5], "rotation": 270, "texture": "#all", "cullface": "down"},
				"west": {"uv": [7, 15, 8, 15.5], "rotation": 90, "texture": "#all", "cullface": "down"},
				"down": {"uv": [7, 8, 9, 9], "texture": "#all", "cullface": "down"}
			}
		},
		{
			"from": [4, 0.5, 7],
			"to": [5, 1, 8],
			"faces": {
				"east": {"uv": [8, 15, 9, 15.5], "rotation": 270, "texture": "#all", "cullface": "down"},
				"west": {"uv": [7, 15, 8, 15.5], "rotation": 90, "texture": "#all", "cullface": "down"},
				"down": {"uv": [4, 8, 5, 9], "texture": "#all", "cullface": "down"}
			}
		},
		{
			"from": [4, 0.5, 8],
			"to": [12, 1, 12],
			"faces": {
				"north": {"uv": [4, 15, 12, 15.5], "rotation": 180, "texture": "#all", "cullface": "down"},
				"east": {"uv": [4, 15, 8, 15.5], "rotation": 270, "texture": "#all", "cullface": "down"},
				"south": {"uv": [4, 15, 12, 15.5], "texture": "#all", "cullface": "down"},
				"west": {"uv": [8, 15, 12, 15.5], "rotation": 90, "texture": "#all", "cullface": "down"},
				"down": {"uv": [4, 4, 12, 8], "texture": "#all", "cullface": "down"}
			}
		}
	],
	"display": {
		"thirdperson_righthand": {
			"rotation": [75, 45, 0],
			"translation": [0, 2.5, 0],
			"scale": [0.375, 0.375, 0.375]
		},
		"thirdperson_lefthand": {
			"rotation": [75, 45, 0],
			"translation": [0, 2.5, 0],
			"scale": [0.375, 0.375, 0.375]
		},
		"firstperson_righthand": {
			"rotation": [0, 45, 0],
			"scale": [0.4, 0.4, 0.4]
		},
		"firstperson_lefthand": {
			"rotation": [0, 225, 0],
			"scale": [0.4, 0.4, 0.4]
		},
		"ground": {
			"translation": [0, 3, 0],
			"scale": [0.25, 0.25, 0.25]
		},
		"gui": {
			"rotation": [30, 225, 0],
			"scale": [0.625, 0.625, 0.625]
		},
		"fixed": {
			"scale": [0.5, 0.5, 0.5]
		}
	},
	"groups": [
		{
			"name": "1",
			"origin": [0, 0, 0],
			"color": 0,
			"children": [0, 1, 2, 3, 4, 5, 6, 7, 8, 9, 10, 11, 12]
		},
		{
			"name": "caveira",
			"origin": [0, 0, 0],
			"color": 0,
			"children": [
				13,
				14,
				15,
				16,
				17,
				18,
				19,
				20,
				{
					"name": "caveira",
					"origin": [0, 0, 0],
					"color": 0,
					"children": [21, 22, 23, 24, 25, 26, 27, 28]
				},
				{
					"name": "caveira",
					"origin": [0, 0, 0],
					"color": 0,
					"children": [29, 30, 31, 32, 33, 34, 35, 36]
				},
				{
					"name": "caveira",
					"origin": [0, 0, 0],
					"color": 0,
					"children": [37, 38, 39, 40, 41, 42, 43, 44]
				},
				{
					"name": "caveira",
					"origin": [0, 0, 0],
					"color": 0,
					"children": [45, 46, 47, 48, 49, 50, 51, 52]
				},
				{
					"name": "caveira",
					"origin": [0, 0, 0],
					"color": 0,
					"children": [53, 54, 55, 56, 57, 58, 59, 60]
				}
			]
		}
	]
}