{
	"credit": "Made with Blockbench",
	"parent": "minecraft:block/cube_all",
	"textures": {
		"particle": "block/chiseled_polished_blackstone",
		"all": "block/chiseled_polished_blackstone"
	},
	"elements": [
		{
			"from": [1, 1, 1],
			"to": [15, 15, 15],
			"faces": {
				"north": {"uv": [1, 1, 15, 15], "texture": "#all", "cullface": "north"},
				"east": {"uv": [1, 1, 15, 15], "texture": "#all", "cullface": "east"},
				"south": {"uv": [1, 1, 15, 15], "texture": "#all", "cullface": "south"},
				"west": {"uv": [1, 1, 15, 15], "texture": "#all", "cullface": "west"},
				"up": {"uv": [1, 1, 15, 15], "texture": "#all", "cullface": "up"},
				"down": {"uv": [1, 1, 15, 15], "texture": "#all", "cullface": "down"}
			}
		},
		{
			"from": [0, 1, 0],
			"to": [1, 15, 1],
			"faces": {
				"north": {"uv": [15, 1, 16, 15], "texture": "#all", "cullface": "north"},
				"west": {"uv": [0, 1, 1, 15], "texture": "#all", "cullface": "west"}
			}
		},
		{
			"from": [15, 1, 0],
			"to": [16, 15, 1],
			"faces": {
				"north": {"uv": [0, 1, 1, 15], "texture": "#all", "cullface": "north"},
				"east": {"uv": [15, 1, 16, 15], "texture": "#all", "cullface": "east"}
			}
		},
		{
			"from": [0, 1, 15],
			"to": [1, 15, 16],
			"faces": {
				"south": {"uv": [0, 1, 1, 15], "texture": "#all", "cullface": "south"},
				"west": {"uv": [15, 1, 16, 15], "texture": "#all", "cullface": "west"}
			}
		},
		{
			"from": [15, 1, 15],
			"to": [16, 15, 16],
			"faces": {
				"east": {"uv": [0, 1, 1, 15], "texture": "#all", "cullface": "east"},
				"south": {"uv": [15, 1, 16, 15], "texture": "#all", "cullface": "south"}
			}
		},
		{
			"from": [0, 0, 0],
			"to": [1, 1, 16],
			"faces": {
				"north": {"uv": [15, 15, 16, 16], "texture": "#all", "cullface": "north"},
				"south": {"uv": [0, 15, 1, 16], "texture": "#all", "cullface": "south"},
				"west": {"uv": [0, 15, 16, 16], "texture": "#all", "cullface": "west"},
				"down": {"uv": [0, 0, 1, 16], "texture": "#all", "cullface": "down"}
			}
		},
		{
			"from": [1, 0, 0],
			"to": [15, 1, 1],
			"faces": {
				"north": {"uv": [1, 15, 15, 16], "texture": "#all", "cullface": "north"},
				"down": {"uv": [1, 15, 15, 16], "texture": "#all", "cullface": "down"}
			}
		},
		{
			"from": [1, 0, 15],
			"to": [15, 1, 16],
			"faces": {
				"south": {"uv": [1, 15, 15, 16], "texture": "#all", "cullface": "south"},
				"down": {"uv": [1, 0, 15, 1], "texture": "#all", "cullface": "down"}
			}
		},
		{
			"from": [1, 15, 15],
			"to": [15, 16, 16],
			"faces": {
				"south": {"uv": [1, 0, 15, 1], "texture": "#all", "cullface": "south"},
				"up": {"uv": [1, 15, 15, 16], "texture": "#all", "cullface": "up"}
			}
		},
		{
			"from": [1, 15, 0],
			"to": [15, 16, 1],
			"faces": {
				"north": {"uv": [1, 0, 15, 1], "texture": "#all", "cullface": "north"},
				"up": {"uv": [1, 0, 15, 1], "texture": "#all", "cullface": "up"}
			}
		},
		{
			"from": [15, 0, 0],
			"to": [16, 1, 16],
			"faces": {
				"north": {"uv": [0, 15, 1, 16], "texture": "#all", "cullface": "north"},
				"east": {"uv": [0, 15, 16, 16], "texture": "#all", "cullface": "east"},
				"south": {"uv": [15, 15, 16, 16], "texture": "#all", "cullface": "south"},
				"down": {"uv": [15, 0, 16, 16], "texture": "#all", "cullface": "down"}
			}
		},
		{
			"from": [0, 15, 0],
			"to": [1, 16, 16],
			"faces": {
				"north": {"uv": [15, 0, 16, 1], "texture": "#all", "cullface": "north"},
				"south": {"uv": [0, 0, 1, 1], "texture": "#all", "cullface": "south"},
				"west": {"uv": [0, 0, 16, 1], "texture": "#all", "cullface": "west"},
				"up": {"uv": [0, 0, 1, 16], "texture": "#all", "cullface": "up"}
			}
		},
		{
			"from": [15, 15, 0],
			"to": [16, 16, 16],
			"faces": {
				"north": {"uv": [0, 0, 1, 1], "texture": "#all", "cullface": "north"},
				"east": {"uv": [0, 0, 16, 1], "texture": "#all", "cullface": "east"},
				"south": {"uv": [15, 0, 16, 1], "texture": "#all", "cullface": "south"},
				"up": {"uv": [15, 0, 16, 16], "texture": "#all", "cullface": "up"}
			}
		},
		{
			"from": [1, 1, 0],
			"to": [15, 3, 1],
			"faces": {
				"north": {"uv": [1, 13, 15, 15], "texture": "#all", "cullface": "north"},
				"up": {"uv": [1, 0, 15, 1], "texture": "#all", "cullface": "north"}
			}
		},
		{
			"from": [1, 3, 0],
			"to": [3, 15, 1],
			"faces": {
				"north": {"uv": [13, 1, 15, 13], "texture": "#all", "cullface": "north"},
				"east": {"uv": [15, 1, 16, 13], "texture": "#all", "cullface": "north"}
			}
		},
		{
			"from": [14, 3, 0],
			"to": [15, 15, 1],
			"faces": {
				"north": {"uv": [1, 1, 2, 13], "texture": "#all", "cullface": "north"},
				"west": {"uv": [0, 1, 1, 13], "texture": "#all", "cullface": "north"}
			}
		},
		{
			"from": [3, 14, 0],
			"to": [14, 15, 1],
			"faces": {
				"north": {"uv": [2, 1, 13, 2], "texture": "#all", "cullface": "north"},
				"down": {"uv": [3, 15, 14, 16], "texture": "#all", "cullface": "north"}
			}
		},
		{
			"from": [4, 10, 0.5],
			"to": [13, 13, 1],
			"faces": {
				"north": {"uv": [3, 3, 12, 6], "texture": "#all", "cullface": "north"},
				"east": {"uv": [15, 3, 15.375, 6], "texture": "#all", "cullface": "north"},
				"west": {"uv": [0.625, 3, 1, 6], "texture": "#all", "cullface": "north"},
				"up": {"uv": [4, 0.625, 13, 1], "texture": "#all", "cullface": "north"}
			}
		},
		{
			"from": [4, 6, 0.5],
			"to": [5, 10, 1],
			"faces": {
				"north": {"uv": [11, 6, 12, 10], "texture": "#all", "cullface": "north"},
				"west": {"uv": [0.625, 6, 1, 10], "texture": "#all", "cullface": "north"}
			}
		},
		{
			"from": [12, 6, 0.5],
			"to": [13, 10, 1],
			"faces": {
				"north": {"uv": [3, 6, 4, 10], "texture": "#all", "cullface": "north"},
				"east": {"uv": [15, 6, 15.375, 10], "texture": "#all", "cullface": "north"}
			}
		},
		{
			"from": [4, 4, 0.5],
			"to": [13, 6, 1],
			"faces": {
				"north": {"uv": [3, 10, 12, 12], "texture": "#all", "cullface": "north"},
				"east": {"uv": [15, 10, 15.375, 12], "texture": "#all", "cullface": "north"},
				"west": {"uv": [0.625, 10, 1, 12], "texture": "#all", "cullface": "north"},
				"down": {"uv": [4, 15, 13, 15.375], "texture": "#all", "cullface": "north"}
			}
		},
		{
			"from": [5, 6, 0.25],
			"to": [12, 7, 1],
			"faces": {
				"north": {"uv": [4, 9, 11, 10], "texture": "#all", "cullface": "north"},
				"east": {"uv": [15, 9, 15.75, 10], "texture": "#all", "cullface": "north"},
				"west": {"uv": [0.25, 9, 1, 10], "texture": "#all", "cullface": "north"},
				"up": {"uv": [5, 0.25, 12, 1], "texture": "#all", "cullface": "north"},
				"down": {"uv": [5, 15, 12, 15.75], "texture": "#all", "cullface": "north"}
			}
		},
		{
			"from": [5, 9, 0.25],
			"to": [12, 10, 1],
			"faces": {
				"north": {"uv": [4, 6, 11, 7], "texture": "#all", "cullface": "north"},
				"east": {"uv": [15, 6, 15.75, 7], "texture": "#all", "cullface": "north"},
				"west": {"uv": [0.25, 6, 1, 7], "texture": "#all", "cullface": "north"},
				"up": {"uv": [5, 0.25, 12, 1], "texture": "#all", "cullface": "north"},
				"down": {"uv": [5, 15, 12, 15.75], "texture": "#all", "cullface": "north"}
			}
		},
		{
			"from": [7, 7, 0.25],
			"to": [10, 9, 1],
			"faces": {
				"north": {"uv": [6, 7, 9, 9], "texture": "#all", "cullface": "north"},
				"east": {"uv": [15, 7, 15.75, 9], "texture": "#all", "cullface": "north"},
				"west": {"uv": [0.25, 7, 1, 9], "texture": "#all", "cullface": "north"}
			}
		},
		{
			"from": [5, 7, 0.25],
			"to": [6, 9, 1],
			"faces": {
				"north": {"uv": [10, 7, 11, 9], "texture": "#all", "cullface": "north"},
				"east": {"uv": [15, 7, 15.75, 9], "texture": "#all", "cullface": "north"},
				"west": {"uv": [0.25, 7, 1, 9], "texture": "#all", "cullface": "north"}
			}
		},
		{
			"from": [11, 7, 0.25],
			"to": [12, 9, 1],
			"faces": {
				"north": {"uv": [4, 7, 5, 9], "texture": "#all", "cullface": "north"},
				"east": {"uv": [15, 7, 15.75, 9], "texture": "#all", "cullface": "north"},
				"west": {"uv": [0.25, 7, 1, 9], "texture": "#all", "cullface": "north"}
			}
		},
		{
			"from": [0, 1, 1],
			"to": [1, 3, 15],
			"rotation": {"angle": 0, "axis": "y", "origin": [8.25, 8.25, 0.625]},
			"faces": {
				"west": {"uv": [1, 13, 15, 15], "texture": "#all", "cullface": "west"},
				"up": {"uv": [1, 0, 15, 1], "rotation": 270, "texture": "#all", "cullface": "west"}
			}
		},
		{
			"from": [0, 3, 13],
			"to": [1, 15, 15],
			"rotation": {"angle": 0, "axis": "y", "origin": [8.25, 8.25, 0.625]},
			"faces": {
				"north": {"uv": [15, 1, 16, 13], "texture": "#all", "cullface": "west"},
				"west": {"uv": [13, 1, 15, 13], "texture": "#all", "cullface": "west"}
			}
		},
		{
			"from": [0, 3, 1],
			"to": [1, 15, 2],
			"rotation": {"angle": 0, "axis": "y", "origin": [8.25, 8.25, 0.625]},
			"faces": {
				"south": {"uv": [0, 1, 1, 13], "texture": "#all", "cullface": "west"},
				"west": {"uv": [1, 1, 2, 13], "texture": "#all", "cullface": "west"}
			}
		},
		{
			"from": [0, 14, 2],
			"to": [1, 15, 13],
			"rotation": {"angle": 0, "axis": "y", "origin": [8.25, 8.25, 0.625]},
			"faces": {
				"west": {"uv": [2, 1, 13, 2], "texture": "#all", "cullface": "west"},
				"down": {"uv": [3, 15, 14, 16], "rotation": 90, "texture": "#all", "cullface": "west"}
			}
		},
		{
			"from": [0.5, 10, 3],
			"to": [1, 13, 12],
			"rotation": {"angle": 0, "axis": "y", "origin": [8.25, 8.25, 0.625]},
			"faces": {
				"north": {"uv": [15, 3, 15.375, 6], "texture": "#all", "cullface": "west"},
				"south": {"uv": [0.625, 3, 1, 6], "texture": "#all", "cullface": "west"},
				"west": {"uv": [3, 3, 12, 6], "texture": "#all", "cullface": "west"},
				"up": {"uv": [4, 0.625, 13, 1], "rotation": 270, "texture": "#all", "cullface": "west"}
			}
		},
		{
			"from": [0.5, 6, 11],
			"to": [1, 10, 12],
			"rotation": {"angle": 0, "axis": "y", "origin": [8.25, 8.25, 0.625]},
			"faces": {
				"south": {"uv": [0.625, 6, 1, 10], "texture": "#all", "cullface": "west"},
				"west": {"uv": [11, 6, 12, 10], "texture": "#all", "cullface": "west"}
			}
		},
		{
			"from": [0.5, 6, 3],
			"to": [1, 10, 4],
			"rotation": {"angle": 0, "axis": "y", "origin": [8.25, 8.25, 0.625]},
			"faces": {
				"north": {"uv": [15, 6, 15.375, 10], "texture": "#all", "cullface": "west"},
				"west": {"uv": [3, 6, 4, 10], "texture": "#all", "cullface": "west"}
			}
		},
		{
			"from": [0.5, 4, 3],
			"to": [1, 6, 12],
			"rotation": {"angle": 0, "axis": "y", "origin": [8.25, 8.25, 0.625]},
			"faces": {
				"north": {"uv": [15, 10, 15.375, 12], "texture": "#all", "cullface": "west"},
				"south": {"uv": [0.625, 10, 1, 12], "texture": "#all", "cullface": "west"},
				"west": {"uv": [3, 10, 12, 12], "texture": "#all", "cullface": "west"},
				"down": {"uv": [4, 15, 13, 15.375], "rotation": 90, "texture": "#all", "cullface": "west"}
			}
		},
		{
			"from": [0.25, 6, 4],
			"to": [1, 7, 11],
			"rotation": {"angle": 0, "axis": "y", "origin": [8.25, 8.25, 0.625]},
			"faces": {
				"north": {"uv": [15, 9, 15.75, 10], "texture": "#all", "cullface": "west"},
				"south": {"uv": [0.25, 9, 1, 10], "texture": "#all", "cullface": "west"},
				"west": {"uv": [4, 9, 11, 10], "texture": "#all", "cullface": "west"},
				"up": {"uv": [5, 0.25, 12, 1], "rotation": 270, "texture": "#all", "cullface": "west"},
				"down": {"uv": [5, 15, 12, 15.75], "rotation": 90, "texture": "#all", "cullface": "west"}
			}
		},
		{
			"from": [0.25, 9, 4],
			"to": [1, 10, 11],
			"rotation": {"angle": 0, "axis": "y", "origin": [8.25, 8.25, 0.625]},
			"faces": {
				"north": {"uv": [15, 6, 15.75, 7], "texture": "#all", "cullface": "west"},
				"south": {"uv": [0.25, 6, 1, 7], "texture": "#all", "cullface": "west"},
				"west": {"uv": [4, 6, 11, 7], "texture": "#all", "cullface": "west"},
				"up": {"uv": [5, 0.25, 12, 1], "rotation": 270, "texture": "#all", "cullface": "west"},
				"down": {"uv": [5, 15, 12, 15.75], "rotation": 90, "texture": "#all", "cullface": "west"}
			}
		},
		{
			"from": [0.25, 7, 6],
			"to": [1, 9, 9],
			"rotation": {"angle": 0, "axis": "y", "origin": [8.25, 8.25, 0.625]},
			"faces": {
				"north": {"uv": [15, 7, 15.75, 9], "texture": "#all", "cullface": "west"},
				"south": {"uv": [0.25, 7, 1, 9], "texture": "#all", "cullface": "west"},
				"west": {"uv": [6, 7, 9, 9], "texture": "#all", "cullface": "west"}
			}
		},
		{
			"from": [0.25, 7, 10],
			"to": [1, 9, 11],
			"rotation": {"angle": 0, "axis": "y", "origin": [8.25, 8.25, 0.625]},
			"faces": {
				"north": {"uv": [15, 7, 15.75, 9], "texture": "#all", "cullface": "west"},
				"south": {"uv": [0.25, 7, 1, 9], "texture": "#all", "cullface": "west"},
				"west": {"uv": [10, 7, 11, 9], "texture": "#all", "cullface": "west"}
			}
		},
		{
			"from": [0.25, 7, 4],
			"to": [1, 9, 5],
			"rotation": {"angle": 0, "axis": "y", "origin": [8.25, 8.25, 0.625]},
			"faces": {
				"north": {"uv": [15, 7, 15.75, 9], "texture": "#all", "cullface": "west"},
				"south": {"uv": [0.25, 7, 1, 9], "texture": "#all", "cullface": "west"},
				"west": {"uv": [4, 7, 5, 9], "texture": "#all", "cullface": "west"}
			}
		},
		{
			"from": [1, 1, 15],
			"to": [15, 3, 16],
			"rotation": {"angle": 0, "axis": "y", "origin": [0.625, 8.25, 7.75]},
			"faces": {
				"south": {"uv": [1, 13, 15, 15], "texture": "#all", "cullface": "south"},
				"up": {"uv": [1, 0, 15, 1], "rotation": 180, "texture": "#all", "cullface": "south"}
			}
		},
		{
			"from": [13, 3, 15],
			"to": [15, 15, 16],
			"rotation": {"angle": 0, "axis": "y", "origin": [0.625, 8.25, 7.75]},
			"faces": {
				"south": {"uv": [13, 1, 15, 13], "texture": "#all", "cullface": "south"},
				"west": {"uv": [15, 1, 16, 13], "texture": "#all", "cullface": "south"}
			}
		},
		{
			"from": [1, 3, 15],
			"to": [2, 15, 16],
			"rotation": {"angle": 0, "axis": "y", "origin": [0.625, 8.25, 7.75]},
			"faces": {
				"east": {"uv": [0, 1, 1, 13], "texture": "#all", "cullface": "south"},
				"south": {"uv": [1, 1, 2, 13], "texture": "#all", "cullface": "south"}
			}
		},
		{
			"from": [2, 14, 15],
			"to": [13, 15, 16],
			"rotation": {"angle": 0, "axis": "y", "origin": [0.625, 8.25, 7.75]},
			"faces": {
				"south": {"uv": [2, 1, 13, 2], "texture": "#all", "cullface": "south"},
				"down": {"uv": [3, 15, 14, 16], "rotation": 180, "texture": "#all", "cullface": "south"}
			}
		},
		{
			"from": [3, 10, 15],
			"to": [12, 13, 15.5],
			"rotation": {"angle": 0, "axis": "y", "origin": [0.625, 8.25, 7.75]},
			"faces": {
				"east": {"uv": [0.625, 3, 1, 6], "texture": "#all", "cullface": "south"},
				"south": {"uv": [3, 3, 12, 6], "texture": "#all", "cullface": "south"},
				"west": {"uv": [15, 3, 15.375, 6], "texture": "#all", "cullface": "south"},
				"up": {"uv": [4, 0.625, 13, 1], "rotation": 180, "texture": "#all", "cullface": "south"}
			}
		},
		{
			"from": [11, 6, 15],
			"to": [12, 10, 15.5],
			"rotation": {"angle": 0, "axis": "y", "origin": [0.625, 8.25, 7.75]},
			"faces": {
				"east": {"uv": [0.625, 6, 1, 10], "texture": "#all", "cullface": "south"},
				"south": {"uv": [11, 6, 12, 10], "texture": "#all", "cullface": "south"}
			}
		},
		{
			"from": [3, 6, 15],
			"to": [4, 10, 15.5],
			"rotation": {"angle": 0, "axis": "y", "origin": [0.625, 8.25, 7.75]},
			"faces": {
				"south": {"uv": [3, 6, 4, 10], "texture": "#all", "cullface": "south"},
				"west": {"uv": [15, 6, 15.375, 10], "texture": "#all", "cullface": "south"}
			}
		},
		{
			"from": [3, 4, 15],
			"to": [12, 6, 15.5],
			"rotation": {"angle": 0, "axis": "y", "origin": [0.625, 8.25, 7.75]},
			"faces": {
				"east": {"uv": [0.625, 10, 1, 12], "texture": "#all", "cullface": "south"},
				"south": {"uv": [3, 10, 12, 12], "texture": "#all", "cullface": "south"},
				"west": {"uv": [15, 10, 15.375, 12], "texture": "#all", "cullface": "south"},
				"down": {"uv": [4, 15, 13, 15.375], "rotation": 180, "texture": "#all", "cullface": "south"}
			}
		},
		{
			"from": [4, 6, 15],
			"to": [11, 7, 15.75],
			"rotation": {"angle": 0, "axis": "y", "origin": [0.625, 8.25, 7.75]},
			"faces": {
				"east": {"uv": [0.25, 9, 1, 10], "texture": "#all", "cullface": "south"},
				"south": {"uv": [4, 9, 11, 10], "texture": "#all", "cullface": "south"},
				"west": {"uv": [15, 9, 15.75, 10], "texture": "#all", "cullface": "south"},
				"up": {"uv": [5, 0.25, 12, 1], "rotation": 180, "texture": "#all", "cullface": "south"},
				"down": {"uv": [5, 15, 12, 15.75], "rotation": 180, "texture": "#all", "cullface": "south"}
			}
		},
		{
			"from": [4, 9, 15],
			"to": [11, 10, 15.75],
			"rotation": {"angle": 0, "axis": "y", "origin": [0.625, 8.25, 7.75]},
			"faces": {
				"east": {"uv": [0.25, 6, 1, 7], "texture": "#all", "cullface": "south"},
				"south": {"uv": [4, 6, 11, 7], "texture": "#all", "cullface": "south"},
				"west": {"uv": [15, 6, 15.75, 7], "texture": "#all", "cullface": "south"},
				"up": {"uv": [5, 0.25, 12, 1], "rotation": 180, "texture": "#all", "cullface": "south"},
				"down": {"uv": [5, 15, 12, 15.75], "rotation": 180, "texture": "#all", "cullface": "south"}
			}
		},
		{
			"from": [6, 7, 15],
			"to": [9, 9, 15.75],
			"rotation": {"angle": 0, "axis": "y", "origin": [0.625, 8.25, 7.75]},
			"faces": {
				"east": {"uv": [0.25, 7, 1, 9], "texture": "#all", "cullface": "south"},
				"south": {"uv": [6, 7, 9, 9], "texture": "#all", "cullface": "south"},
				"west": {"uv": [15, 7, 15.75, 9], "texture": "#all", "cullface": "south"}
			}
		},
		{
			"from": [10, 7, 15],
			"to": [11, 9, 15.75],
			"rotation": {"angle": 0, "axis": "y", "origin": [0.625, 8.25, 7.75]},
			"faces": {
				"east": {"uv": [0.25, 7, 1, 9], "texture": "#all", "cullface": "south"},
				"south": {"uv": [10, 7, 11, 9], "texture": "#all", "cullface": "south"},
				"west": {"uv": [15, 7, 15.75, 9], "texture": "#all", "cullface": "south"}
			}
		},
		{
			"from": [4, 7, 15],
			"to": [5, 9, 15.75],
			"rotation": {"angle": 0, "axis": "y", "origin": [0.625, 8.25, 7.75]},
			"faces": {
				"east": {"uv": [0.25, 7, 1, 9], "texture": "#all", "cullface": "south"},
				"south": {"uv": [4, 7, 5, 9], "texture": "#all", "cullface": "south"},
				"west": {"uv": [15, 7, 15.75, 9], "texture": "#all", "cullface": "south"}
			}
		},
		{
			"from": [15, 1, 1],
			"to": [16, 3, 15],
			"rotation": {"angle": 0, "axis": "y", "origin": [7.75, 8.25, 15.375]},
			"faces": {
				"east": {"uv": [1, 13, 15, 15], "texture": "#all", "cullface": "east"},
				"up": {"uv": [1, 0, 15, 1], "rotation": 90, "texture": "#all", "cullface": "east"}
			}
		},
		{
			"from": [15, 3, 1],
			"to": [16, 15, 3],
			"rotation": {"angle": 0, "axis": "y", "origin": [7.75, 8.25, 15.375]},
			"faces": {
				"east": {"uv": [13, 1, 15, 13], "texture": "#all", "cullface": "east"},
				"south": {"uv": [15, 1, 16, 13], "texture": "#all", "cullface": "east"}
			}
		},
		{
			"from": [15, 3, 14],
			"to": [16, 15, 15],
			"rotation": {"angle": 0, "axis": "y", "origin": [7.75, 8.25, 15.375]},
			"faces": {
				"north": {"uv": [0, 1, 1, 13], "texture": "#all", "cullface": "east"},
				"east": {"uv": [1, 1, 2, 13], "texture": "#all", "cullface": "east"}
			}
		},
		{
			"from": [15, 14, 3],
			"to": [16, 15, 14],
			"rotation": {"angle": 0, "axis": "y", "origin": [7.75, 8.25, 15.375]},
			"faces": {
				"east": {"uv": [2, 1, 13, 2], "texture": "#all", "cullface": "east"},
				"down": {"uv": [3, 15, 14, 16], "rotation": 270, "texture": "#all", "cullface": "east"}
			}
		},
		{
			"from": [15, 10, 4],
			"to": [15.5, 13, 13],
			"rotation": {"angle": 0, "axis": "y", "origin": [7.75, 8.25, 15.375]},
			"faces": {
				"north": {"uv": [0.625, 3, 1, 6], "texture": "#all", "cullface": "east"},
				"east": {"uv": [3, 3, 12, 6], "texture": "#all", "cullface": "east"},
				"south": {"uv": [15, 3, 15.375, 6], "texture": "#all", "cullface": "east"},
				"up": {"uv": [4, 0.625, 13, 1], "rotation": 90, "texture": "#all", "cullface": "east"}
			}
		},
		{
			"from": [15, 6, 4],
			"to": [15.5, 10, 5],
			"rotation": {"angle": 0, "axis": "y", "origin": [7.75, 8.25, 15.375]},
			"faces": {
				"north": {"uv": [0.625, 6, 1, 10], "texture": "#all", "cullface": "east"},
				"east": {"uv": [11, 6, 12, 10], "texture": "#all", "cullface": "east"}
			}
		},
		{
			"from": [15, 6, 12],
			"to": [15.5, 10, 13],
			"rotation": {"angle": 0, "axis": "y", "origin": [7.75, 8.25, 15.375]},
			"faces": {
				"east": {"uv": [3, 6, 4, 10], "texture": "#all", "cullface": "east"},
				"south": {"uv": [15, 6, 15.375, 10], "texture": "#all", "cullface": "east"}
			}
		},
		{
			"from": [15, 4, 4],
			"to": [15.5, 6, 13],
			"rotation": {"angle": 0, "axis": "y", "origin": [7.75, 8.25, 15.375]},
			"faces": {
				"north": {"uv": [0.625, 10, 1, 12], "texture": "#all", "cullface": "east"},
				"east": {"uv": [3, 10, 12, 12], "texture": "#all", "cullface": "east"},
				"south": {"uv": [15, 10, 15.375, 12], "texture": "#all", "cullface": "east"},
				"down": {"uv": [4, 15, 13, 15.375], "rotation": 270, "texture": "#all", "cullface": "east"}
			}
		},
		{
			"from": [15, 6, 5],
			"to": [15.75, 7, 12],
			"rotation": {"angle": 0, "axis": "y", "origin": [7.75, 8.25, 15.375]},
			"faces": {
				"north": {"uv": [0.25, 9, 1, 10], "texture": "#all", "cullface": "east"},
				"east": {"uv": [4, 9, 11, 10], "texture": "#all", "cullface": "east"},
				"south": {"uv": [15, 9, 15.75, 10], "texture": "#all", "cullface": "east"},
				"up": {"uv": [5, 0.25, 12, 1], "rotation": 90, "texture": "#all", "cullface": "east"},
				"down": {"uv": [5, 15, 12, 15.75], "rotation": 270, "texture": "#all", "cullface": "east"}
			}
		},
		{
			"from": [15, 9, 5],
			"to": [15.75, 10, 12],
			"rotation": {"angle": 0, "axis": "y", "origin": [7.75, 8.25, 15.375]},
			"faces": {
				"north": {"uv": [0.25, 6, 1, 7], "texture": "#all", "cullface": "east"},
				"east": {"uv": [4, 6, 11, 7], "texture": "#all", "cullface": "east"},
				"south": {"uv": [15, 6, 15.75, 7], "texture": "#all", "cullface": "east"},
				"up": {"uv": [5, 0.25, 12, 1], "rotation": 90, "texture": "#all", "cullface": "east"},
				"down": {"uv": [5, 15, 12, 15.75], "rotation": 270, "texture": "#all", "cullface": "east"}
			}
		},
		{
			"from": [15, 7, 7],
			"to": [15.75, 9, 10],
			"rotation": {"angle": 0, "axis": "y", "origin": [7.75, 8.25, 15.375]},
			"faces": {
				"north": {"uv": [0.25, 7, 1, 9], "texture": "#all", "cullface": "east"},
				"east": {"uv": [6, 7, 9, 9], "texture": "#all", "cullface": "east"},
				"south": {"uv": [15, 7, 15.75, 9], "texture": "#all", "cullface": "east"}
			}
		},
		{
			"from": [15, 7, 5],
			"to": [15.75, 9, 6],
			"rotation": {"angle": 0, "axis": "y", "origin": [7.75, 8.25, 15.375]},
			"faces": {
				"north": {"uv": [0.25, 7, 1, 9], "texture": "#all", "cullface": "east"},
				"east": {"uv": [10, 7, 11, 9], "texture": "#all", "cullface": "east"},
				"south": {"uv": [15, 7, 15.75, 9], "texture": "#all", "cullface": "east"}
			}
		},
		{
			"from": [15, 7, 11],
			"to": [15.75, 9, 12],
			"rotation": {"angle": 0, "axis": "y", "origin": [7.75, 8.25, 15.375]},
			"faces": {
				"north": {"uv": [0.25, 7, 1, 9], "texture": "#all", "cullface": "east"},
				"east": {"uv": [4, 7, 5, 9], "texture": "#all", "cullface": "east"},
				"south": {"uv": [15, 7, 15.75, 9], "texture": "#all", "cullface": "east"}
			}
		},
		{
			"from": [1, 15, 13],
			"to": [15, 16, 15],
			"rotation": {"angle": 0, "axis": "y", "origin": [15.375, 8.25, 8.25]},
			"faces": {
				"north": {"uv": [1, 0, 15, 1], "texture": "#all", "cullface": "up"},
				"up": {"uv": [1, 13, 15, 15], "texture": "#all", "cullface": "up"}
			}
		},
		{
			"from": [13, 15, 1],
			"to": [15, 16, 13],
			"rotation": {"angle": 0, "axis": "y", "origin": [15.375, 8.25, 8.25]},
			"faces": {
				"west": {"uv": [15, 1, 16, 13], "rotation": 270, "texture": "#all", "cullface": "up"},
				"up": {"uv": [13, 1, 15, 13], "texture": "#all", "cullface": "up"}
			}
		},
		{
			"from": [1, 15, 1],
			"to": [2, 16, 13],
			"rotation": {"angle": 0, "axis": "y", "origin": [15.375, 8.25, 8.25]},
			"faces": {
				"east": {"uv": [0, 1, 1, 13], "rotation": 90, "texture": "#all", "cullface": "up"},
				"up": {"uv": [1, 1, 2, 13], "texture": "#all", "cullface": "up"}
			}
		},
		{
			"from": [2, 15, 1],
			"to": [13, 16, 2],
			"rotation": {"angle": 0, "axis": "y", "origin": [15.375, 8.25, 8.25]},
			"faces": {
				"south": {"uv": [3, 15, 14, 16], "rotation": 180, "texture": "#all", "cullface": "up"},
				"up": {"uv": [2, 1, 13, 2], "texture": "#all", "cullface": "up"}
			}
		},
		{
			"from": [3, 15, 3],
			"to": [12, 15.5, 6],
			"rotation": {"angle": 0, "axis": "y", "origin": [15.375, 8.25, 8.25]},
			"faces": {
				"north": {"uv": [4, 0.625, 13, 1], "texture": "#all", "cullface": "up"},
				"east": {"uv": [0.625, 3, 1, 6], "rotation": 90, "texture": "#all", "cullface": "up"},
				"west": {"uv": [15, 3, 15.375, 6], "rotation": 270, "texture": "#all", "cullface": "up"},
				"up": {"uv": [3, 3, 12, 6], "texture": "#all", "cullface": "up"}
			}
		},
		{
			"from": [11, 15, 6],
			"to": [12, 15.5, 10],
			"rotation": {"angle": 0, "axis": "y", "origin": [15.375, 8.25, 8.25]},
			"faces": {
				"east": {"uv": [0.625, 6, 1, 10], "rotation": 90, "texture": "#all", "cullface": "up"},
				"up": {"uv": [11, 6, 12, 10], "texture": "#all", "cullface": "up"}
			}
		},
		{
			"from": [3, 15, 6],
			"to": [4, 15.5, 10],
			"rotation": {"angle": 0, "axis": "y", "origin": [15.375, 8.25, 8.25]},
			"faces": {
				"west": {"uv": [15, 6, 15.375, 10], "rotation": 270, "texture": "#all", "cullface": "up"},
				"up": {"uv": [3, 6, 4, 10], "texture": "#all", "cullface": "up"}
			}
		},
		{
			"from": [3, 15, 10],
			"to": [12, 15.5, 12],
			"rotation": {"angle": 0, "axis": "y", "origin": [15.375, 8.25, 8.25]},
			"faces": {
				"east": {"uv": [0.625, 10, 1, 12], "rotation": 90, "texture": "#all", "cullface": "up"},
				"south": {"uv": [4, 15, 13, 15.375], "rotation": 180, "texture": "#all", "cullface": "up"},
				"west": {"uv": [15, 10, 15.375, 12], "rotation": 270, "texture": "#all", "cullface": "up"},
				"up": {"uv": [3, 10, 12, 12], "texture": "#all", "cullface": "up"}
			}
		},
		{
			"from": [4, 15, 9],
			"to": [11, 15.75, 10],
			"rotation": {"angle": 0, "axis": "y", "origin": [15.375, 8.25, 8.25]},
			"faces": {
				"north": {"uv": [5, 0.25, 12, 1], "texture": "#all", "cullface": "up"},
				"east": {"uv": [0.25, 9, 1, 10], "rotation": 90, "texture": "#all", "cullface": "up"},
				"south": {"uv": [5, 15, 12, 15.75], "rotation": 180, "texture": "#all", "cullface": "up"},
				"west": {"uv": [15, 9, 15.75, 10], "rotation": 270, "texture": "#all", "cullface": "up"},
				"up": {"uv": [4, 9, 11, 10], "texture": "#all", "cullface": "up"}
			}
		},
		{
			"from": [4, 15, 6],
			"to": [11, 15.75, 7],
			"rotation": {"angle": 0, "axis": "y", "origin": [15.375, 8.25, 8.25]},
			"faces": {
				"north": {"uv": [5, 0.25, 12, 1], "texture": "#all", "cullface": "up"},
				"east": {"uv": [0.25, 6, 1, 7], "rotation": 90, "texture": "#all", "cullface": "up"},
				"south": {"uv": [5, 15, 12, 15.75], "rotation": 180, "texture": "#all", "cullface": "up"},
				"west": {"uv": [15, 6, 15.75, 7], "rotation": 270, "texture": "#all", "cullface": "up"},
				"up": {"uv": [4, 6, 11, 7], "texture": "#all", "cullface": "up"}
			}
		},
		{
			"from": [6, 15, 7],
			"to": [9, 15.75, 9],
			"rotation": {"angle": 0, "axis": "y", "origin": [15.375, 8.25, 8.25]},
			"faces": {
				"east": {"uv": [0.25, 7, 1, 9], "rotation": 90, "texture": "#all", "cullface": "up"},
				"west": {"uv": [15, 7, 15.75, 9], "rotation": 270, "texture": "#all", "cullface": "up"},
				"up": {"uv": [6, 7, 9, 9], "texture": "#all", "cullface": "up"}
			}
		},
		{
			"from": [10, 15, 7],
			"to": [11, 15.75, 9],
			"rotation": {"angle": 0, "axis": "y", "origin": [15.375, 8.25, 8.25]},
			"faces": {
				"east": {"uv": [0.25, 7, 1, 9], "rotation": 90, "texture": "#all", "cullface": "up"},
				"west": {"uv": [15, 7, 15.75, 9], "rotation": 270, "texture": "#all", "cullface": "up"},
				"up": {"uv": [10, 7, 11, 9], "texture": "#all", "cullface": "up"}
			}
		},
		{
			"from": [4, 15, 7],
			"to": [5, 15.75, 9],
			"rotation": {"angle": 0, "axis": "y", "origin": [15.375, 8.25, 8.25]},
			"faces": {
				"east": {"uv": [0.25, 7, 1, 9], "rotation": 90, "texture": "#all", "cullface": "up"},
				"west": {"uv": [15, 7, 15.75, 9], "rotation": 270, "texture": "#all", "cullface": "up"},
				"up": {"uv": [4, 7, 5, 9], "texture": "#all", "cullface": "up"}
			}
		},
		{
			"from": [1, 0, 1],
			"to": [15, 1, 3],
			"rotation": {"angle": 0, "axis": "z", "origin": [21.25, 7.375, 8.2]},
			"faces": {
				"south": {"uv": [1, 0, 15, 1], "rotation": 180, "texture": "#all", "cullface": "down"},
				"down": {"uv": [1, 13, 15, 15], "texture": "#all", "cullface": "down"}
			}
		},
		{
			"from": [13, 0, 3],
			"to": [15, 1, 15],
			"rotation": {"angle": 0, "axis": "z", "origin": [21.25, 7.375, 8.2]},
			"faces": {
				"west": {"uv": [15, 1, 16, 13], "rotation": 90, "texture": "#all", "cullface": "down"},
				"down": {"uv": [13, 1, 15, 13], "texture": "#all", "cullface": "down"}
			}
		},
		{
			"from": [1, 0, 3],
			"to": [2, 1, 15],
			"rotation": {"angle": 0, "axis": "z", "origin": [21.25, 7.375, 8.2]},
			"faces": {
				"east": {"uv": [0, 1, 1, 13], "rotation": 270, "texture": "#all", "cullface": "down"},
				"down": {"uv": [1, 1, 2, 13], "texture": "#all", "cullface": "down"}
			}
		},
		{
			"from": [2, 0, 14],
			"to": [13, 1, 15],
			"rotation": {"angle": 0, "axis": "z", "origin": [21.25, 7.375, 8.2]},
			"faces": {
				"north": {"uv": [3, 15, 14, 16], "texture": "#all", "cullface": "down"},
				"down": {"uv": [2, 1, 13, 2], "texture": "#all", "cullface": "down"}
			}
		},
		{
			"from": [3, 0.5, 10],
			"to": [12, 1, 13],
			"rotation": {"angle": 0, "axis": "z", "origin": [21.25, 7.375, 8.2]},
			"faces": {
				"east": {"uv": [0.625, 3, 1, 6], "rotation": 270, "texture": "#all", "cullface": "down"},
				"south": {"uv": [4, 0.625, 13, 1], "rotation": 180, "texture": "#all", "cullface": "down"},
				"west": {"uv": [15, 3, 15.375, 6], "rotation": 90, "texture": "#all", "cullface": "down"},
				"down": {"uv": [3, 3, 12, 6], "texture": "#all", "cullface": "down"}
			}
		},
		{
			"from": [11, 0.5, 6],
			"to": [12, 1, 10],
			"rotation": {"angle": 0, "axis": "z", "origin": [21.25, 7.375, 8.2]},
			"faces": {
				"east": {"uv": [0.625, 6, 1, 10], "rotation": 270, "texture": "#all", "cullface": "down"},
				"down": {"uv": [11, 6, 12, 10], "texture": "#all", "cullface": "down"}
			}
		},
		{
			"from": [3, 0.5, 6],
			"to": [4, 1, 10],
			"rotation": {"angle": 0, "axis": "z", "origin": [21.25, 7.375, 8.2]},
			"faces": {
				"west": {"uv": [15, 6, 15.375, 10], "rotation": 90, "texture": "#all", "cullface": "down"},
				"down": {"uv": [3, 6, 4, 10], "texture": "#all", "cullface": "down"}
			}
		},
		{
			"from": [3, 0.5, 4],
			"to": [12, 1, 6],
			"rotation": {"angle": 0, "axis": "z", "origin": [21.25, 7.375, 8.2]},
			"faces": {
				"north": {"uv": [4, 15, 13, 15.375], "texture": "#all", "cullface": "down"},
				"east": {"uv": [0.625, 10, 1, 12], "rotation": 270, "texture": "#all", "cullface": "down"},
				"west": {"uv": [15, 10, 15.375, 12], "rotation": 90, "texture": "#all", "cullface": "down"},
				"down": {"uv": [3, 10, 12, 12], "texture": "#all", "cullface": "down"}
			}
		},
		{
			"from": [4, 0.25, 6],
			"to": [11, 1, 7],
			"rotation": {"angle": 0, "axis": "z", "origin": [21.25, 7.375, 8.2]},
			"faces": {
				"north": {"uv": [5, 15, 12, 15.75], "texture": "#all", "cullface": "down"},
				"east": {"uv": [0.25, 9, 1, 10], "rotation": 270, "texture": "#all", "cullface": "down"},
				"south": {"uv": [5, 0.25, 12, 1], "rotation": 180, "texture": "#all", "cullface": "down"},
				"west": {"uv": [15, 9, 15.75, 10], "rotation": 90, "texture": "#all", "cullface": "down"},
				"down": {"uv": [4, 9, 11, 10], "texture": "#all", "cullface": "down"}
			}
		},
		{
			"from": [4, 0.25, 9],
			"to": [11, 1, 10],
			"rotation": {"angle": 0, "axis": "z", "origin": [21.25, 7.375, 8.2]},
			"faces": {
				"north": {"uv": [5, 15, 12, 15.75], "texture": "#all", "cullface": "down"},
				"east": {"uv": [0.25, 6, 1, 7], "rotation": 270, "texture": "#all", "cullface": "down"},
				"south": {"uv": [5, 0.25, 12, 1], "rotation": 180, "texture": "#all", "cullface": "down"},
				"west": {"uv": [15, 6, 15.75, 7], "rotation": 90, "texture": "#all", "cullface": "down"},
				"down": {"uv": [4, 6, 11, 7], "texture": "#all", "cullface": "down"}
			}
		},
		{
			"from": [6, 0.25, 7],
			"to": [9, 1, 9],
			"rotation": {"angle": 0, "axis": "z", "origin": [21.25, 7.375, 8.2]},
			"faces": {
				"east": {"uv": [0.25, 7, 1, 9], "rotation": 270, "texture": "#all", "cullface": "down"},
				"west": {"uv": [15, 7, 15.75, 9], "rotation": 90, "texture": "#all", "cullface": "down"},
				"down": {"uv": [6, 7, 9, 9], "texture": "#all", "cullface": "down"}
			}
		},
		{
			"from": [10, 0.25, 7],
			"to": [11, 1, 9],
			"rotation": {"angle": 0, "axis": "z", "origin": [21.25, 7.375, 8.2]},
			"faces": {
				"east": {"uv": [0.25, 7, 1, 9], "rotation": 270, "texture": "#all", "cullface": "down"},
				"west": {"uv": [15, 7, 15.75, 9], "rotation": 90, "texture": "#all", "cullface": "down"},
				"down": {"uv": [10, 7, 11, 9], "texture": "#all", "cullface": "down"}
			}
		},
		{
			"from": [4, 0.25, 7],
			"to": [5, 1, 9],
			"rotation": {"angle": 0, "axis": "z", "origin": [21.25, 7.375, 8.2]},
			"faces": {
				"east": {"uv": [0.25, 7, 1, 9], "rotation": 270, "texture": "#all", "cullface": "down"},
				"west": {"uv": [15, 7, 15.75, 9], "rotation": 90, "texture": "#all", "cullface": "down"},
				"down": {"uv": [4, 7, 5, 9], "texture": "#all", "cullface": "down"}
			}
		}
	],
	"groups": [
		0,
		{
			"name": "group",
			"origin": [8, 8, 8],
			"color": 0,
			"children": [
				1,
				2,
				3,
				4,
				5,
				6,
				7,
				8,
				9,
				10,
				11,
				12,
				{
					"name": "group",
					"origin": [8, 8, 8],
					"color": 0,
					"children": [13, 14, 15, 16, 17, 18, 19, 20, 21, 22, 23, 24, 25]
				},
				{
					"name": "group",
					"origin": [8, 8, 8],
					"color": 0,
					"children": [26, 27, 28, 29, 30, 31, 32, 33, 34, 35, 36, 37, 38]
				},
				{
					"name": "group",
					"origin": [8, 8, 8],
					"color": 0,
					"children": [39, 40, 41, 42, 43, 44, 45, 46, 47, 48, 49, 50, 51]
				},
				{
					"name": "group",
					"origin": [8, 8, 8],
					"color": 0,
					"children": [52, 53, 54, 55, 56, 57, 58, 59, 60, 61, 62, 63, 64]
				},
				{
					"name": "group",
					"origin": [8, 8, 8],
					"color": 0,
					"children": [65, 66, 67, 68, 69, 70, 71, 72, 73, 74, 75, 76, 77]
				},
				{
					"name": "group",
					"origin": [8, 8, 8],
					"color": 0,
					"children": [78, 79, 80, 81, 82, 83, 84, 85, 86, 87, 88, 89, 90]
				}
			]
		}
	]
}