{
	"credit": "Made with Blockbench",
	"parent": "block/block",
	"textures": {
		"0": "block/cobblestone",
		"particle": "block/cobblestone"
	},
	"elements": [
		{
			"from": [0, 0, 0],
			"to": [16, 8, 16],
			"faces": {
				"north": {"uv": [0, 8, 16, 16], "texture": "#0", "cullface": "north"},
				"east": {"uv": [0, 8, 16, 16], "texture": "#0", "cullface": "east"},
				"south": {"uv": [0, 8, 16, 16], "texture": "#0", "cullface": "south"},
				"west": {"uv": [0, 8, 16, 16], "texture": "#0", "cullface": "west"},
				"up": {"uv": [0, 0, 16, 16], "texture": "#0"},
				"down": {"uv": [0, 0, 16, 16], "texture": "#0", "cullface": "down"}
			}
		},
		{
			"name": "cobblestone_isolado_0",
			"from": [2, 8, 0],
			"to": [4, 8.5, 4],
			"rotation": {"angle": 0, "axis": "y", "origin": [8, 16, 8]},
			"faces": {
				"north": {"uv": [4, 0, 2, 1], "texture": "#0"},
				"east": {"uv": [3, 0, 4, 4], "rotation": 90, "texture": "#0"},
				"south": {"uv": [2, 3, 4, 4], "texture": "#0"},
				"west": {"uv": [2, 0, 3, 4], "rotation": 270, "texture": "#0"},
				"up": {"uv": [2, 0, 4, 4], "texture": "#0"}
			}
		},
		{
			"name": "cobblestone_isolado_1",
			"from": [7, 8, 0],
			"to": [10, 8.5, 4],
			"rotation": {"angle": 0, "axis": "y", "origin": [8, 16, 8]},
			"faces": {
				"north": {"uv": [10, 0, 7, 1], "texture": "#0"},
				"east": {"uv": [9, 0, 10, 4], "rotation": 90, "texture": "#0"},
				"south": {"uv": [7, 3, 10, 4], "texture": "#0"},
				"west": {"uv": [7, 0, 8, 4], "rotation": 270, "texture": "#0"},
				"up": {"uv": [7, 0, 10, 4], "texture": "#0"}
			}
		},
		{
			"name": "cobblestone_isolado_2",
			"from": [10, 8, 0],
			"to": [11, 8.5, 2],
			"rotation": {"angle": 0, "axis": "y", "origin": [8, 16, 8]},
			"faces": {
				"north": {"uv": [11, 0, 10, 1], "texture": "#0"},
				"east": {"uv": [10, 0, 11, 2], "rotation": 90, "texture": "#0"},
				"south": {"uv": [10, 1, 11, 2], "texture": "#0"},
				"up": {"uv": [10, 0, 11, 2], "texture": "#0"}
			}
		},
		{
			"name": "cobblestone_isolado_3",
			"from": [13, 8, 0],
			"to": [16, 8.5, 2],
			"rotation": {"angle": 0, "axis": "y", "origin": [8, 16, 8]},
			"faces": {
				"north": {"uv": [16, 0, 13, 1], "texture": "#0"},
				"east": {"uv": [15, 0, 16, 2], "rotation": 90, "texture": "#0"},
				"south": {"uv": [13, 1, 16, 2], "texture": "#0"},
				"west": {"uv": [13, 0, 14, 2], "rotation": 270, "texture": "#0"},
				"up": {"uv": [13, 0, 16, 2], "texture": "#0"}
			}
		},
		{
			"name": "cobblestone_isolado_4",
			"from": [1, 8, 1],
			"to": [2, 8.5, 3],
			"rotation": {"angle": 0, "axis": "y", "origin": [8, 16, 8]},
			"faces": {
				"north": {"uv": [2, 1, 1, 2], "texture": "#0"},
				"south": {"uv": [1, 2, 2, 3], "texture": "#0"},
				"west": {"uv": [1, 1, 2, 3], "rotation": 270, "texture": "#0"},
				"up": {"uv": [1, 1, 2, 3], "texture": "#0"}
			}
		},
		{
			"name": "cobblestone_isolado_5",
			"from": [4, 8, 1],
			"to": [5, 8.5, 3],
			"rotation": {"angle": 0, "axis": "y", "origin": [8, 16, 8]},
			"faces": {
				"north": {"uv": [5, 1, 4, 2], "texture": "#0"},
				"east": {"uv": [4, 1, 5, 3], "rotation": 90, "texture": "#0"},
				"south": {"uv": [4, 2, 5, 3], "texture": "#0"},
				"up": {"uv": [4, 1, 5, 3], "texture": "#0"}
			}
		},
		{
			"name": "cobblestone_isolado_6",
			"from": [6, 8, 1],
			"to": [7, 8.5, 4],
			"rotation": {"angle": 0, "axis": "y", "origin": [8, 16, 8]},
			"faces": {
				"north": {"uv": [7, 1, 6, 2], "texture": "#0"},
				"south": {"uv": [6, 3, 7, 4], "texture": "#0"},
				"west": {"uv": [6, 1, 7, 4], "rotation": 270, "texture": "#0"},
				"up": {"uv": [6, 1, 7, 4], "texture": "#0"}
			}
		},
		{
			"name": "cobblestone_isolado_7",
			"from": [14, 8, 2],
			"to": [16, 8.5, 3],
			"rotation": {"angle": 0, "axis": "y", "origin": [8, 16, 8]},
			"faces": {
				"east": {"uv": [15, 2, 16, 3], "rotation": 90, "texture": "#0"},
				"south": {"uv": [14, 2, 16, 3], "texture": "#0"},
				"west": {"uv": [14, 2, 15, 3], "rotation": 270, "texture": "#0"},
				"up": {"uv": [14, 2, 16, 3], "texture": "#0"}
			}
		},
		{
			"name": "cobblestone_isolado_8",
			"from": [11, 8, 3],
			"to": [14, 8.5, 7],
			"rotation": {"angle": 0, "axis": "y", "origin": [8, 16, 8]},
			"faces": {
				"north": {"uv": [14, 3, 11, 4], "texture": "#0"},
				"east": {"uv": [13, 3, 14, 7], "rotation": 90, "texture": "#0"},
				"south": {"uv": [11, 6, 14, 7], "texture": "#0"},
				"west": {"uv": [11, 3, 12, 7], "rotation": 270, "texture": "#0"},
				"up": {"uv": [11, 3, 14, 7], "texture": "#0"}
			}
		},
		{
			"name": "cobblestone_isolado_9",
			"from": [4, 8, 4],
			"to": [6, 8.5, 8],
			"rotation": {"angle": 0, "axis": "y", "origin": [8, 16, 8]},
			"faces": {
				"north": {"uv": [6, 4, 4, 5], "texture": "#0"},
				"east": {"uv": [5, 4, 6, 8], "rotation": 90, "texture": "#0"},
				"south": {"uv": [4, 7, 6, 8], "texture": "#0"},
				"west": {"uv": [4, 4, 5, 8], "rotation": 270, "texture": "#0"},
				"up": {"uv": [4, 4, 6, 8], "texture": "#0"}
			}
		},
		{
			"name": "cobblestone_isolado_10",
			"from": [7, 8, 4],
			"to": [8, 8.5, 5],
			"rotation": {"angle": 0, "axis": "y", "origin": [8, 16, 8]},
			"faces": {
				"east": {"uv": [7, 4, 8, 5], "rotation": 90, "texture": "#0"},
				"south": {"uv": [7, 4, 8, 5], "texture": "#0"},
				"west": {"uv": [7, 4, 8, 5], "rotation": 270, "texture": "#0"},
				"up": {"uv": [7, 4, 8, 5], "texture": "#0"}
			}
		},
		{
			"name": "cobblestone_isolado_11",
			"from": [10, 8, 4],
			"to": [11, 8.5, 5],
			"rotation": {"angle": 0, "axis": "y", "origin": [8, 16, 8]},
			"faces": {
				"north": {"uv": [11, 4, 10, 5], "texture": "#0"},
				"south": {"uv": [10, 4, 11, 5], "texture": "#0"},
				"west": {"uv": [10, 4, 11, 5], "rotation": 270, "texture": "#0"},
				"up": {"uv": [10, 4, 11, 5], "texture": "#0"}
			}
		},
		{
			"name": "cobblestone_isolado_12",
			"from": [14, 8, 4],
			"to": [15, 8.5, 5],
			"rotation": {"angle": 0, "axis": "y", "origin": [8, 16, 8]},
			"faces": {
				"north": {"uv": [15, 4, 14, 5], "texture": "#0"},
				"east": {"uv": [14, 4, 15, 5], "rotation": 90, "texture": "#0"},
				"south": {"uv": [14, 4, 15, 5], "texture": "#0"},
				"up": {"uv": [14, 4, 15, 5], "texture": "#0"}
			}
		},
		{
			"name": "cobblestone_isolado_13",
			"from": [0, 8, 5],
			"to": [1, 8.5, 8],
			"rotation": {"angle": 0, "axis": "y", "origin": [8, 16, 8]},
			"faces": {
				"north": {"uv": [1, 5, 0, 6], "texture": "#0"},
				"east": {"uv": [0, 5, 1, 8], "rotation": 90, "texture": "#0"},
				"south": {"uv": [0, 7, 1, 8], "texture": "#0"},
				"west": {"uv": [0, 5, 1, 8], "rotation": 270, "texture": "#0"},
				"up": {"uv": [0, 5, 1, 8], "texture": "#0"}
			}
		},
		{
			"name": "cobblestone_isolado_14",
			"from": [2, 8, 5],
			"to": [4, 8.5, 6],
			"rotation": {"angle": 0, "axis": "y", "origin": [8, 16, 8]},
			"faces": {
				"north": {"uv": [4, 5, 2, 6], "texture": "#0"},
				"south": {"uv": [2, 5, 4, 6], "texture": "#0"},
				"west": {"uv": [2, 5, 3, 6], "rotation": 270, "texture": "#0"},
				"up": {"uv": [2, 5, 4, 6], "texture": "#0"}
			}
		},
		{
			"name": "cobblestone_isolado_15",
			"from": [15, 8, 5],
			"to": [16, 8.5, 9],
			"rotation": {"angle": 0, "axis": "y", "origin": [8, 16, 8]},
			"faces": {
				"north": {"uv": [16, 5, 15, 6], "texture": "#0"},
				"east": {"uv": [15, 5, 16, 9], "rotation": 90, "texture": "#0"},
				"south": {"uv": [15, 8, 16, 9], "texture": "#0"},
				"west": {"uv": [15, 5, 16, 9], "rotation": 270, "texture": "#0"},
				"up": {"uv": [15, 5, 16, 9], "texture": "#0"}
			}
		},
		{
			"name": "cobblestone_isolado_16",
			"from": [1, 8, 6],
			"to": [2, 8.5, 8],
			"rotation": {"angle": 0, "axis": "y", "origin": [8, 16, 8]},
			"faces": {
				"north": {"uv": [2, 6, 1, 7], "texture": "#0"},
				"east": {"uv": [1, 6, 2, 8], "rotation": 90, "texture": "#0"},
				"south": {"uv": [1, 7, 2, 8], "texture": "#0"},
				"up": {"uv": [1, 6, 2, 8], "texture": "#0"}
			}
		},
		{
			"name": "cobblestone_isolado_17",
			"from": [3, 8, 6],
			"to": [4, 8.5, 7],
			"rotation": {"angle": 0, "axis": "y", "origin": [8, 16, 8]},
			"faces": {
				"south": {"uv": [3, 6, 4, 7], "texture": "#0"},
				"west": {"uv": [3, 6, 4, 7], "rotation": 270, "texture": "#0"},
				"up": {"uv": [3, 6, 4, 7], "texture": "#0"}
			}
		},
		{
			"name": "cobblestone_isolado_18",
			"from": [8, 8, 7],
			"to": [11, 8.5, 9],
			"rotation": {"angle": 0, "axis": "y", "origin": [8, 16, 8]},
			"faces": {
				"north": {"uv": [11, 7, 8, 8], "texture": "#0"},
				"east": {"uv": [10, 7, 11, 9], "rotation": 90, "texture": "#0"},
				"south": {"uv": [8, 8, 11, 9], "texture": "#0"},
				"west": {"uv": [8, 7, 9, 9], "rotation": 270, "texture": "#0"},
				"up": {"uv": [8, 7, 11, 9], "texture": "#0"}
			}
		},
		{
			"name": "cobblestone_isolado_19",
			"from": [2, 8, 8],
			"to": [4, 8.5, 11],
			"rotation": {"angle": 0, "axis": "y", "origin": [8, 16, 8]},
			"faces": {
				"north": {"uv": [4, 8, 2, 9], "texture": "#0"},
				"east": {"uv": [3, 8, 4, 11], "rotation": 90, "texture": "#0"},
				"south": {"uv": [2, 10, 4, 11], "texture": "#0"},
				"west": {"uv": [2, 8, 3, 11], "rotation": 270, "texture": "#0"},
				"up": {"uv": [2, 8, 4, 11], "texture": "#0"}
			}
		},
		{
			"name": "cobblestone_isolado_20",
			"from": [7, 8, 8],
			"to": [8, 8.5, 9],
			"rotation": {"angle": 0, "axis": "y", "origin": [8, 16, 8]},
			"faces": {
				"north": {"uv": [8, 8, 7, 9], "texture": "#0"},
				"south": {"uv": [7, 8, 8, 9], "texture": "#0"},
				"west": {"uv": [7, 8, 8, 9], "rotation": 270, "texture": "#0"},
				"up": {"uv": [7, 8, 8, 9], "texture": "#0"}
			}
		},
		{
			"name": "cobblestone_isolado_21",
			"from": [11, 8, 8],
			"to": [12, 8.5, 9],
			"rotation": {"angle": 0, "axis": "y", "origin": [8, 16, 8]},
			"faces": {
				"north": {"uv": [12, 8, 11, 9], "texture": "#0"},
				"east": {"uv": [11, 8, 12, 9], "rotation": 90, "texture": "#0"},
				"south": {"uv": [11, 8, 12, 9], "texture": "#0"},
				"up": {"uv": [11, 8, 12, 9], "texture": "#0"}
			}
		},
		{
			"name": "cobblestone_isolado_22",
			"from": [1, 8, 9],
			"to": [2, 8.5, 10],
			"rotation": {"angle": 0, "axis": "y", "origin": [8, 16, 8]},
			"faces": {
				"north": {"uv": [2, 9, 1, 10], "texture": "#0"},
				"south": {"uv": [1, 9, 2, 10], "texture": "#0"},
				"west": {"uv": [1, 9, 2, 10], "rotation": 270, "texture": "#0"},
				"up": {"uv": [1, 9, 2, 10], "texture": "#0"}
			}
		},
		{
			"name": "cobblestone_isolado_23",
			"from": [8, 8, 9],
			"to": [10, 8.5, 10],
			"rotation": {"angle": 0, "axis": "y", "origin": [8, 16, 8]},
			"faces": {
				"east": {"uv": [9, 9, 10, 10], "rotation": 90, "texture": "#0"},
				"south": {"uv": [8, 9, 10, 10], "texture": "#0"},
				"west": {"uv": [8, 9, 9, 10], "rotation": 270, "texture": "#0"},
				"up": {"uv": [8, 9, 10, 10], "texture": "#0"}
			}
		},
		{
			"name": "cobblestone_isolado_24",
			"from": [13, 8, 9],
			"to": [15, 8.5, 12],
			"rotation": {"angle": 0, "axis": "y", "origin": [8, 16, 8]},
			"faces": {
				"north": {"uv": [15, 9, 13, 10], "texture": "#0"},
				"east": {"uv": [14, 9, 15, 12], "rotation": 90, "texture": "#0"},
				"south": {"uv": [13, 11, 15, 12], "texture": "#0"},
				"west": {"uv": [13, 9, 14, 12], "rotation": 270, "texture": "#0"},
				"up": {"uv": [13, 9, 15, 12], "texture": "#0"}
			}
		},
		{
			"name": "cobblestone_isolado_25",
			"from": [15, 8, 10],
			"to": [16, 8.5, 11],
			"rotation": {"angle": 0, "axis": "y", "origin": [8, 16, 8]},
			"faces": {
				"north": {"uv": [16, 10, 15, 11], "texture": "#0"},
				"east": {"uv": [15, 10, 16, 11], "rotation": 90, "texture": "#0"},
				"south": {"uv": [15, 10, 16, 11], "texture": "#0"},
				"up": {"uv": [15, 10, 16, 11], "texture": "#0"}
			}
		},
		{
			"name": "cobblestone_isolado_26",
			"from": [7, 8, 11],
			"to": [9, 8.5, 14],
			"rotation": {"angle": 0, "axis": "y", "origin": [8, 16, 8]},
			"faces": {
				"north": {"uv": [9, 11, 7, 12], "texture": "#0"},
				"east": {"uv": [8, 11, 9, 14], "rotation": 90, "texture": "#0"},
				"south": {"uv": [7, 13, 9, 14], "texture": "#0"},
				"west": {"uv": [7, 11, 8, 14], "rotation": 270, "texture": "#0"},
				"up": {"uv": [7, 11, 9, 14], "texture": "#0"}
			}
		},
		{
			"name": "cobblestone_isolado_27",
			"from": [12, 8, 11],
			"to": [13, 8.5, 13],
			"rotation": {"angle": 0, "axis": "y", "origin": [8, 16, 8]},
			"faces": {
				"north": {"uv": [13, 11, 12, 12], "texture": "#0"},
				"south": {"uv": [12, 12, 13, 13], "texture": "#0"},
				"west": {"uv": [12, 11, 13, 13], "rotation": 270, "texture": "#0"},
				"up": {"uv": [12, 11, 13, 13], "texture": "#0"}
			}
		},
		{
			"name": "cobblestone_isolado_28",
			"from": [1, 8, 12],
			"to": [4, 8.5, 14],
			"rotation": {"angle": 0, "axis": "y", "origin": [8, 16, 8]},
			"faces": {
				"north": {"uv": [4, 12, 1, 13], "texture": "#0"},
				"east": {"uv": [3, 12, 4, 14], "rotation": 90, "texture": "#0"},
				"south": {"uv": [1, 13, 4, 14], "texture": "#0"},
				"west": {"uv": [1, 12, 2, 14], "rotation": 270, "texture": "#0"},
				"up": {"uv": [1, 12, 4, 14], "texture": "#0"}
			}
		},
		{
			"name": "cobblestone_isolado_29",
			"from": [6, 8, 12],
			"to": [7, 8.5, 14],
			"rotation": {"angle": 0, "axis": "y", "origin": [8, 16, 8]},
			"faces": {
				"north": {"uv": [7, 12, 6, 13], "texture": "#0"},
				"south": {"uv": [6, 13, 7, 14], "texture": "#0"},
				"west": {"uv": [6, 12, 7, 14], "rotation": 270, "texture": "#0"},
				"up": {"uv": [6, 12, 7, 14], "texture": "#0"}
			}
		},
		{
			"name": "cobblestone_isolado_30",
			"from": [9, 8, 12],
			"to": [10, 8.5, 15],
			"rotation": {"angle": 0, "axis": "y", "origin": [8, 16, 8]},
			"faces": {
				"north": {"uv": [10, 12, 9, 13], "texture": "#0"},
				"east": {"uv": [9, 12, 10, 15], "rotation": 90, "texture": "#0"},
				"south": {"uv": [9, 14, 10, 15], "texture": "#0"},
				"up": {"uv": [9, 12, 10, 15], "texture": "#0"}
			}
		},
		{
			"name": "cobblestone_isolado_31",
			"from": [13, 8, 12],
			"to": [14, 8.5, 13],
			"rotation": {"angle": 0, "axis": "y", "origin": [8, 16, 8]},
			"faces": {
				"east": {"uv": [13, 12, 14, 13], "rotation": 90, "texture": "#0"},
				"south": {"uv": [13, 12, 14, 13], "texture": "#0"},
				"up": {"uv": [13, 12, 14, 13], "texture": "#0"}
			}
		},
		{
			"name": "cobblestone_isolado_32",
			"from": [10, 8, 13],
			"to": [11, 8.5, 14],
			"rotation": {"angle": 0, "axis": "y", "origin": [8, 16, 8]},
			"faces": {
				"north": {"uv": [11, 13, 10, 14], "texture": "#0"},
				"east": {"uv": [10, 13, 11, 14], "rotation": 90, "texture": "#0"},
				"south": {"uv": [10, 13, 11, 14], "texture": "#0"},
				"up": {"uv": [10, 13, 11, 14], "texture": "#0"}
			}
		},
		{
			"name": "cobblestone_isolado_33",
			"from": [0, 8, 14],
			"to": [3, 8.5, 15],
			"rotation": {"angle": 0, "axis": "y", "origin": [8, 16, 8]},
			"faces": {
				"north": {"uv": [3, 14, 0, 15], "texture": "#0"},
				"east": {"uv": [2, 14, 3, 15], "rotation": 90, "texture": "#0"},
				"south": {"uv": [0, 14, 3, 15], "texture": "#0"},
				"west": {"uv": [0, 14, 1, 15], "rotation": 270, "texture": "#0"},
				"up": {"uv": [0, 14, 3, 15], "texture": "#0"}
			}
		},
		{
			"name": "cobblestone_isolado_34",
			"from": [8, 8, 14],
			"to": [9, 8.5, 15],
			"rotation": {"angle": 0, "axis": "y", "origin": [8, 16, 8]},
			"faces": {
				"south": {"uv": [8, 14, 9, 15], "texture": "#0"},
				"west": {"uv": [8, 14, 9, 15], "rotation": 270, "texture": "#0"},
				"up": {"uv": [8, 14, 9, 15], "texture": "#0"}
			}
		},
		{
			"name": "cobblestone_isolado_35",
			"from": [12, 8, 14],
			"to": [14, 8.5, 16],
			"rotation": {"angle": 0, "axis": "y", "origin": [8, 16, 8]},
			"faces": {
				"north": {"uv": [14, 14, 12, 15], "texture": "#0"},
				"east": {"uv": [13, 14, 14, 16], "rotation": 90, "texture": "#0"},
				"south": {"uv": [12, 15, 14, 16], "texture": "#0"},
				"west": {"uv": [12, 14, 13, 16], "rotation": 270, "texture": "#0"},
				"up": {"uv": [12, 14, 14, 16], "texture": "#0"}
			}
		},
		{
			"name": "cobblestone_isolado_36",
			"from": [1, 8, 15],
			"to": [2, 8.5, 16],
			"rotation": {"angle": 0, "axis": "y", "origin": [8, 16, 8]},
			"faces": {
				"east": {"uv": [1, 15, 2, 16], "rotation": 90, "texture": "#0"},
				"south": {"uv": [1, 15, 2, 16], "texture": "#0"},
				"west": {"uv": [1, 15, 2, 16], "rotation": 270, "texture": "#0"},
				"up": {"uv": [1, 15, 2, 16], "texture": "#0"}
			}
		},
		{
			"name": "cobblestone_isolado_37",
			"from": [11, 8, 15],
			"to": [12, 8.5, 16],
			"rotation": {"angle": 0, "axis": "y", "origin": [8, 16, 8]},
			"faces": {
				"north": {"uv": [12, 15, 11, 16], "texture": "#0"},
				"south": {"uv": [11, 15, 12, 16], "texture": "#0"},
				"west": {"uv": [11, 15, 12, 16], "rotation": 270, "texture": "#0"},
				"up": {"uv": [11, 15, 12, 16], "texture": "#0"}
			}
		},
		{
			"name": "cobblestone_isolado_38",
			"from": [14, 8, 15],
			"to": [15, 8.5, 16],
			"rotation": {"angle": 0, "axis": "y", "origin": [8, 16, 8]},
			"faces": {
				"north": {"uv": [15, 15, 14, 16], "texture": "#0"},
				"east": {"uv": [14, 15, 15, 16], "rotation": 90, "texture": "#0"},
				"south": {"uv": [14, 15, 15, 16], "texture": "#0"},
				"up": {"uv": [14, 15, 15, 16], "texture": "#0"}
			}
		},
		{
			"name": "cobblestone_slab_0",
			"from": [12, 5, -0.5],
			"to": [14, 8, 0],
			"faces": {
				"north": {"uv": [2, 8, 4, 11], "texture": "#0", "cullface": "north"},
				"east": {"uv": [2, 8, 3, 11], "texture": "#0", "cullface": "north"},
				"west": {"uv": [3, 8, 4, 11], "texture": "#0", "cullface": "north"},
				"up": {"uv": [4, 8, 2, 9], "texture": "#0", "cullface": "north"},
				"down": {"uv": [2, 10, 4, 11], "rotation": 180, "texture": "#0", "cullface": "north"}
			}
		},
		{
			"name": "cobblestone_slab_1",
			"from": [4, 7, -0.5],
			"to": [9, 8, 0],
			"faces": {
				"north": {"uv": [7, 8, 12, 9], "texture": "#0", "cullface": "north"},
				"east": {"uv": [7, 8, 8, 9], "texture": "#0", "cullface": "north"},
				"west": {"uv": [11, 8, 12, 9], "texture": "#0", "cullface": "north"},
				"up": {"uv": [12, 8, 7, 9], "texture": "#0", "cullface": "north"},
				"down": {"uv": [7, 8, 12, 9], "rotation": 180, "texture": "#0", "cullface": "north"}
			}
		},
		{
			"name": "cobblestone_slab_2",
			"from": [0, 7, -0.5],
			"to": [1, 8, 0],
			"faces": {
				"north": {"uv": [15, 8, 16, 9], "texture": "#0", "cullface": "north"},
				"east": {"uv": [15, 8, 16, 9], "texture": "#0", "cullface": "north"},
				"west": {"uv": [15, 8, 16, 9], "texture": "#0", "cullface": "north"},
				"up": {"uv": [16, 8, 15, 9], "texture": "#0", "cullface": "north"},
				"down": {"uv": [15, 8, 16, 9], "rotation": 180, "texture": "#0", "cullface": "north"}
			}
		},
		{
			"name": "cobblestone_slab_3",
			"from": [14, 6, -0.5],
			"to": [15, 7, 0],
			"faces": {
				"north": {"uv": [1, 9, 2, 10], "texture": "#0", "cullface": "north"},
				"east": {"uv": [1, 9, 2, 10], "texture": "#0", "cullface": "north"},
				"up": {"uv": [2, 9, 1, 10], "texture": "#0", "cullface": "north"},
				"down": {"uv": [1, 9, 2, 10], "rotation": 180, "texture": "#0", "cullface": "north"}
			}
		},
		{
			"name": "cobblestone_slab_4",
			"from": [6, 6, -0.5],
			"to": [8, 7, 0],
			"faces": {
				"north": {"uv": [8, 9, 10, 10], "texture": "#0", "cullface": "north"},
				"east": {"uv": [8, 9, 9, 10], "texture": "#0", "cullface": "north"},
				"west": {"uv": [9, 9, 10, 10], "texture": "#0", "cullface": "north"},
				"down": {"uv": [8, 9, 10, 10], "rotation": 180, "texture": "#0", "cullface": "north"}
			}
		},
		{
			"name": "cobblestone_slab_5",
			"from": [1, 4, -0.5],
			"to": [3, 7, 0],
			"faces": {
				"north": {"uv": [13, 9, 15, 12], "texture": "#0", "cullface": "north"},
				"east": {"uv": [13, 9, 14, 12], "texture": "#0", "cullface": "north"},
				"west": {"uv": [14, 9, 15, 12], "texture": "#0", "cullface": "north"},
				"up": {"uv": [15, 9, 13, 10], "texture": "#0", "cullface": "north"},
				"down": {"uv": [13, 11, 15, 12], "rotation": 180, "texture": "#0", "cullface": "north"}
			}
		},
		{
			"name": "cobblestone_slab_6",
			"from": [0, 5, -0.5],
			"to": [1, 6, 0],
			"faces": {
				"north": {"uv": [15, 10, 16, 11], "texture": "#0", "cullface": "north"},
				"west": {"uv": [15, 10, 16, 11], "texture": "#0", "cullface": "north"},
				"up": {"uv": [16, 10, 15, 11], "texture": "#0", "cullface": "north"},
				"down": {"uv": [15, 10, 16, 11], "rotation": 180, "texture": "#0", "cullface": "north"}
			}
		},
		{
			"name": "cobblestone_slab_7",
			"from": [7, 2, -0.5],
			"to": [9, 5, 0],
			"faces": {
				"north": {"uv": [7, 11, 9, 14], "texture": "#0", "cullface": "north"},
				"east": {"uv": [7, 11, 8, 14], "texture": "#0", "cullface": "north"},
				"west": {"uv": [8, 11, 9, 14], "texture": "#0", "cullface": "north"},
				"up": {"uv": [9, 11, 7, 12], "texture": "#0", "cullface": "north"},
				"down": {"uv": [7, 13, 9, 14], "rotation": 180, "texture": "#0", "cullface": "north"}
			}
		},
		{
			"name": "cobblestone_slab_8",
			"from": [3, 3, -0.5],
			"to": [4, 5, 0],
			"faces": {
				"north": {"uv": [12, 11, 13, 13], "texture": "#0", "cullface": "north"},
				"east": {"uv": [12, 11, 13, 13], "texture": "#0", "cullface": "north"},
				"up": {"uv": [13, 11, 12, 12], "texture": "#0", "cullface": "north"},
				"down": {"uv": [12, 12, 13, 13], "rotation": 180, "texture": "#0", "cullface": "north"}
			}
		},
		{
			"name": "cobblestone_slab_9",
			"from": [12, 2, -0.5],
			"to": [15, 4, 0],
			"faces": {
				"north": {"uv": [1, 12, 4, 14], "texture": "#0", "cullface": "north"},
				"east": {"uv": [1, 12, 2, 14], "texture": "#0", "cullface": "north"},
				"west": {"uv": [3, 12, 4, 14], "texture": "#0", "cullface": "north"},
				"up": {"uv": [4, 12, 1, 13], "texture": "#0", "cullface": "north"},
				"down": {"uv": [1, 13, 4, 14], "rotation": 180, "texture": "#0", "cullface": "north"}
			}
		},
		{
			"name": "cobblestone_slab_10",
			"from": [9, 2, -0.5],
			"to": [10, 4, 0],
			"faces": {
				"north": {"uv": [6, 12, 7, 14], "texture": "#0", "cullface": "north"},
				"east": {"uv": [6, 12, 7, 14], "texture": "#0", "cullface": "north"},
				"up": {"uv": [7, 12, 6, 13], "texture": "#0", "cullface": "north"},
				"down": {"uv": [6, 13, 7, 14], "rotation": 180, "texture": "#0", "cullface": "north"}
			}
		},
		{
			"name": "cobblestone_slab_11",
			"from": [6, 1, -0.5],
			"to": [7, 4, 0],
			"faces": {
				"north": {"uv": [9, 12, 10, 15], "texture": "#0", "cullface": "north"},
				"west": {"uv": [9, 12, 10, 15], "texture": "#0", "cullface": "north"},
				"up": {"uv": [10, 12, 9, 13], "texture": "#0", "cullface": "north"},
				"down": {"uv": [9, 14, 10, 15], "rotation": 180, "texture": "#0", "cullface": "north"}
			}
		},
		{
			"name": "cobblestone_slab_12",
			"from": [2, 3, -0.5],
			"to": [3, 4, 0],
			"faces": {
				"north": {"uv": [13, 12, 14, 13], "texture": "#0", "cullface": "north"},
				"west": {"uv": [13, 12, 14, 13], "texture": "#0", "cullface": "north"},
				"down": {"uv": [13, 12, 14, 13], "rotation": 180, "texture": "#0", "cullface": "north"}
			}
		},
		{
			"name": "cobblestone_slab_13",
			"from": [5, 2, -0.5],
			"to": [6, 3, 0],
			"faces": {
				"north": {"uv": [10, 13, 11, 14], "texture": "#0", "cullface": "north"},
				"west": {"uv": [10, 13, 11, 14], "texture": "#0", "cullface": "north"},
				"up": {"uv": [11, 13, 10, 14], "texture": "#0", "cullface": "north"},
				"down": {"uv": [10, 13, 11, 14], "rotation": 180, "texture": "#0", "cullface": "north"}
			}
		},
		{
			"name": "cobblestone_slab_14",
			"from": [13, 1, -0.5],
			"to": [16, 2, 0],
			"faces": {
				"north": {"uv": [0, 14, 3, 15], "texture": "#0", "cullface": "north"},
				"east": {"uv": [0, 14, 1, 15], "texture": "#0", "cullface": "north"},
				"west": {"uv": [2, 14, 3, 15], "texture": "#0", "cullface": "north"},
				"up": {"uv": [3, 14, 0, 15], "texture": "#0", "cullface": "north"},
				"down": {"uv": [0, 14, 3, 15], "rotation": 180, "texture": "#0", "cullface": "north"}
			}
		},
		{
			"name": "cobblestone_slab_15",
			"from": [7, 1, -0.5],
			"to": [8, 2, 0],
			"faces": {
				"north": {"uv": [8, 14, 9, 15], "texture": "#0", "cullface": "north"},
				"east": {"uv": [8, 14, 9, 15], "texture": "#0", "cullface": "north"},
				"down": {"uv": [8, 14, 9, 15], "rotation": 180, "texture": "#0", "cullface": "north"}
			}
		},
		{
			"name": "cobblestone_slab_16",
			"from": [2, 0, -0.5],
			"to": [4, 2, 0],
			"faces": {
				"north": {"uv": [12, 14, 14, 16], "texture": "#0", "cullface": "north"},
				"east": {"uv": [12, 14, 13, 16], "texture": "#0", "cullface": "north"},
				"west": {"uv": [13, 14, 14, 16], "texture": "#0", "cullface": "north"},
				"up": {"uv": [14, 14, 12, 15], "texture": "#0", "cullface": "north"},
				"down": {"uv": [12, 15, 14, 16], "rotation": 180, "texture": "#0", "cullface": "north"}
			}
		},
		{
			"name": "cobblestone_slab_17",
			"from": [14, 0, -0.5],
			"to": [15, 1, 0],
			"faces": {
				"north": {"uv": [1, 15, 2, 16], "texture": "#0", "cullface": "north"},
				"east": {"uv": [1, 15, 2, 16], "texture": "#0", "cullface": "north"},
				"west": {"uv": [1, 15, 2, 16], "texture": "#0", "cullface": "north"},
				"down": {"uv": [1, 15, 2, 16], "rotation": 180, "texture": "#0", "cullface": "north"}
			}
		},
		{
			"name": "cobblestone_slab_18",
			"from": [4, 0, -0.5],
			"to": [5, 1, 0],
			"faces": {
				"north": {"uv": [11, 15, 12, 16], "texture": "#0", "cullface": "north"},
				"east": {"uv": [11, 15, 12, 16], "texture": "#0", "cullface": "north"},
				"up": {"uv": [12, 15, 11, 16], "texture": "#0", "cullface": "north"},
				"down": {"uv": [11, 15, 12, 16], "rotation": 180, "texture": "#0", "cullface": "north"}
			}
		},
		{
			"name": "cobblestone_slab_19",
			"from": [1, 0, -0.5],
			"to": [2, 1, 0],
			"faces": {
				"north": {"uv": [14, 15, 15, 16], "texture": "#0", "cullface": "north"},
				"west": {"uv": [14, 15, 15, 16], "texture": "#0", "cullface": "north"},
				"up": {"uv": [15, 15, 14, 16], "texture": "#0", "cullface": "north"},
				"down": {"uv": [14, 15, 15, 16], "rotation": 180, "texture": "#0", "cullface": "north"}
			}
		},
		{
			"name": "cobblestone_slab_0",
			"from": [2, 5, 16],
			"to": [4, 8, 16.5],
			"rotation": {"angle": 0, "axis": "y", "origin": [8, 8, 24]},
			"faces": {
				"east": {"uv": [3, 8, 4, 11], "texture": "#0", "cullface": "south"},
				"south": {"uv": [2, 8, 4, 11], "texture": "#0", "cullface": "south"},
				"west": {"uv": [2, 8, 3, 11], "texture": "#0", "cullface": "south"},
				"up": {"uv": [4, 8, 2, 9], "rotation": 180, "texture": "#0", "cullface": "south"},
				"down": {"uv": [2, 10, 4, 11], "texture": "#0", "cullface": "south"}
			}
		},
		{
			"name": "cobblestone_slab_1",
			"from": [7, 7, 16],
			"to": [12, 8, 16.5],
			"rotation": {"angle": 0, "axis": "y", "origin": [8, 8, 24]},
			"faces": {
				"east": {"uv": [11, 8, 12, 9], "texture": "#0", "cullface": "south"},
				"south": {"uv": [7, 8, 12, 9], "texture": "#0", "cullface": "south"},
				"west": {"uv": [7, 8, 8, 9], "texture": "#0", "cullface": "south"},
				"up": {"uv": [12, 8, 7, 9], "rotation": 180, "texture": "#0", "cullface": "south"},
				"down": {"uv": [7, 8, 12, 9], "texture": "#0", "cullface": "south"}
			}
		},
		{
			"name": "cobblestone_slab_2",
			"from": [15, 7, 16],
			"to": [16, 8, 16.5],
			"rotation": {"angle": 0, "axis": "y", "origin": [8, 8, 24]},
			"faces": {
				"east": {"uv": [15, 8, 16, 9], "texture": "#0", "cullface": "south"},
				"south": {"uv": [15, 8, 16, 9], "texture": "#0", "cullface": "south"},
				"west": {"uv": [15, 8, 16, 9], "texture": "#0", "cullface": "south"},
				"up": {"uv": [16, 8, 15, 9], "rotation": 180, "texture": "#0", "cullface": "south"},
				"down": {"uv": [15, 8, 16, 9], "texture": "#0", "cullface": "south"}
			}
		},
		{
			"name": "cobblestone_slab_3",
			"from": [1, 6, 16],
			"to": [2, 7, 16.5],
			"rotation": {"angle": 0, "axis": "y", "origin": [8, 8, 24]},
			"faces": {
				"south": {"uv": [1, 9, 2, 10], "texture": "#0", "cullface": "south"},
				"west": {"uv": [1, 9, 2, 10], "texture": "#0", "cullface": "south"},
				"up": {"uv": [2, 9, 1, 10], "rotation": 180, "texture": "#0", "cullface": "south"},
				"down": {"uv": [1, 9, 2, 10], "texture": "#0", "cullface": "south"}
			}
		},
		{
			"name": "cobblestone_slab_4",
			"from": [8, 6, 16],
			"to": [10, 7, 16.5],
			"rotation": {"angle": 0, "axis": "y", "origin": [8, 8, 24]},
			"faces": {
				"east": {"uv": [9, 9, 10, 10], "texture": "#0", "cullface": "south"},
				"south": {"uv": [8, 9, 10, 10], "texture": "#0", "cullface": "south"},
				"west": {"uv": [8, 9, 9, 10], "texture": "#0", "cullface": "south"},
				"down": {"uv": [8, 9, 10, 10], "texture": "#0", "cullface": "south"}
			}
		},
		{
			"name": "cobblestone_slab_5",
			"from": [13, 4, 16],
			"to": [15, 7, 16.5],
			"rotation": {"angle": 0, "axis": "y", "origin": [8, 8, 24]},
			"faces": {
				"east": {"uv": [14, 9, 15, 12], "texture": "#0", "cullface": "south"},
				"south": {"uv": [13, 9, 15, 12], "texture": "#0", "cullface": "south"},
				"west": {"uv": [13, 9, 14, 12], "texture": "#0", "cullface": "south"},
				"up": {"uv": [15, 9, 13, 10], "rotation": 180, "texture": "#0", "cullface": "south"},
				"down": {"uv": [13, 11, 15, 12], "texture": "#0", "cullface": "south"}
			}
		},
		{
			"name": "cobblestone_slab_6",
			"from": [15, 5, 16],
			"to": [16, 6, 16.5],
			"rotation": {"angle": 0, "axis": "y", "origin": [8, 8, 24]},
			"faces": {
				"east": {"uv": [15, 10, 16, 11], "texture": "#0", "cullface": "south"},
				"south": {"uv": [15, 10, 16, 11], "texture": "#0", "cullface": "south"},
				"up": {"uv": [16, 10, 15, 11], "rotation": 180, "texture": "#0", "cullface": "south"},
				"down": {"uv": [15, 10, 16, 11], "texture": "#0", "cullface": "south"}
			}
		},
		{
			"name": "cobblestone_slab_7",
			"from": [7, 2, 16],
			"to": [9, 5, 16.5],
			"rotation": {"angle": 0, "axis": "y", "origin": [8, 8, 24]},
			"faces": {
				"east": {"uv": [8, 11, 9, 14], "texture": "#0", "cullface": "south"},
				"south": {"uv": [7, 11, 9, 14], "texture": "#0", "cullface": "south"},
				"west": {"uv": [7, 11, 8, 14], "texture": "#0", "cullface": "south"},
				"up": {"uv": [9, 11, 7, 12], "rotation": 180, "texture": "#0", "cullface": "south"},
				"down": {"uv": [7, 13, 9, 14], "texture": "#0", "cullface": "south"}
			}
		},
		{
			"name": "cobblestone_slab_8",
			"from": [12, 3, 16],
			"to": [13, 5, 16.5],
			"rotation": {"angle": 0, "axis": "y", "origin": [8, 8, 24]},
			"faces": {
				"south": {"uv": [12, 11, 13, 13], "texture": "#0", "cullface": "south"},
				"west": {"uv": [12, 11, 13, 13], "texture": "#0", "cullface": "south"},
				"up": {"uv": [13, 11, 12, 12], "rotation": 180, "texture": "#0", "cullface": "south"},
				"down": {"uv": [12, 12, 13, 13], "texture": "#0", "cullface": "south"}
			}
		},
		{
			"name": "cobblestone_slab_9",
			"from": [1, 2, 16],
			"to": [4, 4, 16.5],
			"rotation": {"angle": 0, "axis": "y", "origin": [8, 8, 24]},
			"faces": {
				"east": {"uv": [3, 12, 4, 14], "texture": "#0", "cullface": "south"},
				"south": {"uv": [1, 12, 4, 14], "texture": "#0", "cullface": "south"},
				"west": {"uv": [1, 12, 2, 14], "texture": "#0", "cullface": "south"},
				"up": {"uv": [4, 12, 1, 13], "rotation": 180, "texture": "#0", "cullface": "south"},
				"down": {"uv": [1, 13, 4, 14], "texture": "#0", "cullface": "south"}
			}
		},
		{
			"name": "cobblestone_slab_10",
			"from": [6, 2, 16],
			"to": [7, 4, 16.5],
			"rotation": {"angle": 0, "axis": "y", "origin": [8, 8, 24]},
			"faces": {
				"south": {"uv": [6, 12, 7, 14], "texture": "#0", "cullface": "south"},
				"west": {"uv": [6, 12, 7, 14], "texture": "#0", "cullface": "south"},
				"up": {"uv": [7, 12, 6, 13], "rotation": 180, "texture": "#0", "cullface": "south"},
				"down": {"uv": [6, 13, 7, 14], "texture": "#0", "cullface": "south"}
			}
		},
		{
			"name": "cobblestone_slab_11",
			"from": [9, 1, 16],
			"to": [10, 4, 16.5],
			"rotation": {"angle": 0, "axis": "y", "origin": [8, 8, 24]},
			"faces": {
				"east": {"uv": [9, 12, 10, 15], "texture": "#0", "cullface": "south"},
				"south": {"uv": [9, 12, 10, 15], "texture": "#0", "cullface": "south"},
				"up": {"uv": [10, 12, 9, 13], "rotation": 180, "texture": "#0", "cullface": "south"},
				"down": {"uv": [9, 14, 10, 15], "texture": "#0", "cullface": "south"}
			}
		},
		{
			"name": "cobblestone_slab_12",
			"from": [13, 3, 16],
			"to": [14, 4, 16.5],
			"rotation": {"angle": 0, "axis": "y", "origin": [8, 8, 24]},
			"faces": {
				"east": {"uv": [13, 12, 14, 13], "texture": "#0", "cullface": "south"},
				"south": {"uv": [13, 12, 14, 13], "texture": "#0", "cullface": "south"},
				"down": {"uv": [13, 12, 14, 13], "texture": "#0", "cullface": "south"}
			}
		},
		{
			"name": "cobblestone_slab_13",
			"from": [10, 2, 16],
			"to": [11, 3, 16.5],
			"rotation": {"angle": 0, "axis": "y", "origin": [8, 8, 24]},
			"faces": {
				"east": {"uv": [10, 13, 11, 14], "texture": "#0", "cullface": "south"},
				"south": {"uv": [10, 13, 11, 14], "texture": "#0", "cullface": "south"},
				"up": {"uv": [11, 13, 10, 14], "rotation": 180, "texture": "#0", "cullface": "south"},
				"down": {"uv": [10, 13, 11, 14], "texture": "#0", "cullface": "south"}
			}
		},
		{
			"name": "cobblestone_slab_14",
			"from": [0, 1, 16],
			"to": [3, 2, 16.5],
			"rotation": {"angle": 0, "axis": "y", "origin": [8, 8, 24]},
			"faces": {
				"east": {"uv": [2, 14, 3, 15], "texture": "#0", "cullface": "south"},
				"south": {"uv": [0, 14, 3, 15], "texture": "#0", "cullface": "south"},
				"west": {"uv": [0, 14, 1, 15], "texture": "#0", "cullface": "south"},
				"up": {"uv": [3, 14, 0, 15], "rotation": 180, "texture": "#0", "cullface": "south"},
				"down": {"uv": [0, 14, 3, 15], "texture": "#0", "cullface": "south"}
			}
		},
		{
			"name": "cobblestone_slab_15",
			"from": [8, 1, 16],
			"to": [9, 2, 16.5],
			"rotation": {"angle": 0, "axis": "y", "origin": [8, 8, 24]},
			"faces": {
				"south": {"uv": [8, 14, 9, 15], "texture": "#0", "cullface": "south"},
				"west": {"uv": [8, 14, 9, 15], "texture": "#0", "cullface": "south"},
				"down": {"uv": [8, 14, 9, 15], "texture": "#0", "cullface": "south"}
			}
		},
		{
			"name": "cobblestone_slab_16",
			"from": [12, 0, 16],
			"to": [14, 2, 16.5],
			"rotation": {"angle": 0, "axis": "y", "origin": [8, 8, 24]},
			"faces": {
				"east": {"uv": [13, 14, 14, 16], "texture": "#0", "cullface": "south"},
				"south": {"uv": [12, 14, 14, 16], "texture": "#0", "cullface": "south"},
				"west": {"uv": [12, 14, 13, 16], "texture": "#0", "cullface": "south"},
				"up": {"uv": [14, 14, 12, 15], "rotation": 180, "texture": "#0", "cullface": "south"},
				"down": {"uv": [12, 15, 14, 16], "texture": "#0", "cullface": "south"}
			}
		},
		{
			"name": "cobblestone_slab_17",
			"from": [1, 0, 16],
			"to": [2, 1, 16.5],
			"rotation": {"angle": 0, "axis": "y", "origin": [8, 8, 24]},
			"faces": {
				"east": {"uv": [1, 15, 2, 16], "texture": "#0", "cullface": "south"},
				"south": {"uv": [1, 15, 2, 16], "texture": "#0", "cullface": "south"},
				"west": {"uv": [1, 15, 2, 16], "texture": "#0", "cullface": "south"},
				"down": {"uv": [1, 15, 2, 16], "texture": "#0", "cullface": "south"}
			}
		},
		{
			"name": "cobblestone_slab_18",
			"from": [11, 0, 16],
			"to": [12, 1, 16.5],
			"rotation": {"angle": 0, "axis": "y", "origin": [8, 8, 24]},
			"faces": {
				"south": {"uv": [11, 15, 12, 16], "texture": "#0", "cullface": "south"},
				"west": {"uv": [11, 15, 12, 16], "texture": "#0", "cullface": "south"},
				"up": {"uv": [12, 15, 11, 16], "rotation": 180, "texture": "#0", "cullface": "south"},
				"down": {"uv": [11, 15, 12, 16], "texture": "#0", "cullface": "south"}
			}
		},
		{
			"name": "cobblestone_slab_19",
			"from": [14, 0, 16],
			"to": [15, 1, 16.5],
			"rotation": {"angle": 0, "axis": "y", "origin": [8, 8, 24]},
			"faces": {
				"east": {"uv": [14, 15, 15, 16], "texture": "#0", "cullface": "south"},
				"south": {"uv": [14, 15, 15, 16], "texture": "#0", "cullface": "south"},
				"up": {"uv": [15, 15, 14, 16], "rotation": 180, "texture": "#0", "cullface": "south"},
				"down": {"uv": [14, 15, 15, 16], "texture": "#0", "cullface": "south"}
			}
		},
		{
			"name": "cobblestone_slab_1",
			"from": [16, 5, 12],
			"to": [16.5, 8, 14],
			"rotation": {"angle": 0, "axis": "y", "origin": [24, 8, 8]},
			"faces": {
				"north": {"uv": [3, 8, 4, 11], "texture": "#0", "cullface": "east"},
				"east": {"uv": [2, 8, 4, 11], "texture": "#0", "cullface": "east"},
				"south": {"uv": [2, 8, 3, 11], "texture": "#0", "cullface": "east"},
				"up": {"uv": [4, 8, 2, 9], "rotation": 90, "texture": "#0", "cullface": "east"},
				"down": {"uv": [2, 10, 4, 11], "rotation": 90, "texture": "#0", "cullface": "east"}
			}
		},
		{
			"name": "cobblestone_slab_2",
			"from": [16, 7, 4],
			"to": [16.5, 8, 9],
			"rotation": {"angle": 0, "axis": "y", "origin": [24, 8, 8]},
			"faces": {
				"north": {"uv": [11, 8, 12, 9], "texture": "#0", "cullface": "east"},
				"east": {"uv": [7, 8, 12, 9], "texture": "#0", "cullface": "east"},
				"south": {"uv": [7, 8, 8, 9], "texture": "#0", "cullface": "east"},
				"up": {"uv": [12, 8, 7, 9], "rotation": 90, "texture": "#0", "cullface": "east"},
				"down": {"uv": [7, 8, 12, 9], "rotation": 90, "texture": "#0", "cullface": "east"}
			}
		},
		{
			"name": "cobblestone_slab_3",
			"from": [16, 7, 0],
			"to": [16.5, 8, 1],
			"rotation": {"angle": 0, "axis": "y", "origin": [24, 8, 8]},
			"faces": {
				"north": {"uv": [15, 8, 16, 9], "texture": "#0", "cullface": "east"},
				"east": {"uv": [15, 8, 16, 9], "texture": "#0", "cullface": "east"},
				"south": {"uv": [15, 8, 16, 9], "texture": "#0", "cullface": "east"},
				"up": {"uv": [16, 8, 15, 9], "rotation": 90, "texture": "#0", "cullface": "east"},
				"down": {"uv": [15, 8, 16, 9], "rotation": 90, "texture": "#0", "cullface": "east"}
			}
		},
		{
			"name": "cobblestone_slab_4",
			"from": [16, 6, 14],
			"to": [16.5, 7, 15],
			"rotation": {"angle": 0, "axis": "y", "origin": [24, 8, 8]},
			"faces": {
				"east": {"uv": [1, 9, 2, 10], "texture": "#0", "cullface": "east"},
				"south": {"uv": [1, 9, 2, 10], "texture": "#0", "cullface": "east"},
				"up": {"uv": [2, 9, 1, 10], "rotation": 90, "texture": "#0", "cullface": "east"},
				"down": {"uv": [1, 9, 2, 10], "rotation": 90, "texture": "#0", "cullface": "east"}
			}
		},
		{
			"name": "cobblestone_slab_5",
			"from": [16, 6, 6],
			"to": [16.5, 7, 8],
			"rotation": {"angle": 0, "axis": "y", "origin": [24, 8, 8]},
			"faces": {
				"north": {"uv": [9, 9, 10, 10], "texture": "#0", "cullface": "east"},
				"east": {"uv": [8, 9, 10, 10], "texture": "#0", "cullface": "east"},
				"south": {"uv": [8, 9, 9, 10], "texture": "#0", "cullface": "east"},
				"down": {"uv": [8, 9, 10, 10], "rotation": 90, "texture": "#0", "cullface": "east"}
			}
		},
		{
			"name": "cobblestone_slab_6",
			"from": [16, 4, 1],
			"to": [16.5, 7, 3],
			"rotation": {"angle": 0, "axis": "y", "origin": [24, 8, 8]},
			"faces": {
				"north": {"uv": [14, 9, 15, 12], "texture": "#0", "cullface": "east"},
				"east": {"uv": [13, 9, 15, 12], "texture": "#0", "cullface": "east"},
				"south": {"uv": [13, 9, 14, 12], "texture": "#0", "cullface": "east"},
				"up": {"uv": [15, 9, 13, 10], "rotation": 90, "texture": "#0", "cullface": "east"},
				"down": {"uv": [13, 11, 15, 12], "rotation": 90, "texture": "#0", "cullface": "east"}
			}
		},
		{
			"name": "cobblestone_slab_7",
			"from": [16, 5, 0],
			"to": [16.5, 6, 1],
			"rotation": {"angle": 0, "axis": "y", "origin": [24, 8, 8]},
			"faces": {
				"north": {"uv": [15, 10, 16, 11], "texture": "#0", "cullface": "east"},
				"east": {"uv": [15, 10, 16, 11], "texture": "#0", "cullface": "east"},
				"up": {"uv": [16, 10, 15, 11], "rotation": 90, "texture": "#0", "cullface": "east"},
				"down": {"uv": [15, 10, 16, 11], "rotation": 90, "texture": "#0", "cullface": "east"}
			}
		},
		{
			"name": "cobblestone_slab_8",
			"from": [16, 2, 7],
			"to": [16.5, 5, 9],
			"rotation": {"angle": 0, "axis": "y", "origin": [24, 8, 8]},
			"faces": {
				"north": {"uv": [8, 11, 9, 14], "texture": "#0", "cullface": "east"},
				"east": {"uv": [7, 11, 9, 14], "texture": "#0", "cullface": "east"},
				"south": {"uv": [7, 11, 8, 14], "texture": "#0", "cullface": "east"},
				"up": {"uv": [9, 11, 7, 12], "rotation": 90, "texture": "#0", "cullface": "east"},
				"down": {"uv": [7, 13, 9, 14], "rotation": 90, "texture": "#0", "cullface": "east"}
			}
		},
		{
			"name": "cobblestone_slab_9",
			"from": [16, 3, 3],
			"to": [16.5, 5, 4],
			"rotation": {"angle": 0, "axis": "y", "origin": [24, 8, 8]},
			"faces": {
				"east": {"uv": [12, 11, 13, 13], "texture": "#0", "cullface": "east"},
				"south": {"uv": [12, 11, 13, 13], "texture": "#0", "cullface": "east"},
				"up": {"uv": [13, 11, 12, 12], "rotation": 90, "texture": "#0", "cullface": "east"},
				"down": {"uv": [12, 12, 13, 13], "rotation": 90, "texture": "#0", "cullface": "east"}
			}
		},
		{
			"name": "cobblestone_slab_10",
			"from": [16, 2, 12],
			"to": [16.5, 4, 15],
			"rotation": {"angle": 0, "axis": "y", "origin": [24, 8, 8]},
			"faces": {
				"north": {"uv": [3, 12, 4, 14], "texture": "#0", "cullface": "east"},
				"east": {"uv": [1, 12, 4, 14], "texture": "#0", "cullface": "east"},
				"south": {"uv": [1, 12, 2, 14], "texture": "#0", "cullface": "east"},
				"up": {"uv": [4, 12, 1, 13], "rotation": 90, "texture": "#0", "cullface": "east"},
				"down": {"uv": [1, 13, 4, 14], "rotation": 90, "texture": "#0", "cullface": "east"}
			}
		},
		{
			"name": "cobblestone_slab_11",
			"from": [16, 2, 9],
			"to": [16.5, 4, 10],
			"rotation": {"angle": 0, "axis": "y", "origin": [24, 8, 8]},
			"faces": {
				"east": {"uv": [6, 12, 7, 14], "texture": "#0", "cullface": "east"},
				"south": {"uv": [6, 12, 7, 14], "texture": "#0", "cullface": "east"},
				"up": {"uv": [7, 12, 6, 13], "rotation": 90, "texture": "#0", "cullface": "east"},
				"down": {"uv": [6, 13, 7, 14], "rotation": 90, "texture": "#0", "cullface": "east"}
			}
		},
		{
			"name": "cobblestone_slab_12",
			"from": [16, 1, 6],
			"to": [16.5, 4, 7],
			"rotation": {"angle": 0, "axis": "y", "origin": [24, 8, 8]},
			"faces": {
				"north": {"uv": [9, 12, 10, 15], "texture": "#0", "cullface": "east"},
				"east": {"uv": [9, 12, 10, 15], "texture": "#0", "cullface": "east"},
				"up": {"uv": [10, 12, 9, 13], "rotation": 90, "texture": "#0", "cullface": "east"},
				"down": {"uv": [9, 14, 10, 15], "rotation": 90, "texture": "#0", "cullface": "east"}
			}
		},
		{
			"name": "cobblestone_slab_13",
			"from": [16, 3, 2],
			"to": [16.5, 4, 3],
			"rotation": {"angle": 0, "axis": "y", "origin": [24, 8, 8]},
			"faces": {
				"north": {"uv": [13, 12, 14, 13], "texture": "#0", "cullface": "east"},
				"east": {"uv": [13, 12, 14, 13], "texture": "#0", "cullface": "east"},
				"down": {"uv": [13, 12, 14, 13], "rotation": 90, "texture": "#0", "cullface": "east"}
			}
		},
		{
			"name": "cobblestone_slab_14",
			"from": [16, 2, 5],
			"to": [16.5, 3, 6],
			"rotation": {"angle": 0, "axis": "y", "origin": [24, 8, 8]},
			"faces": {
				"north": {"uv": [10, 13, 11, 14], "texture": "#0", "cullface": "east"},
				"east": {"uv": [10, 13, 11, 14], "texture": "#0", "cullface": "east"},
				"up": {"uv": [11, 13, 10, 14], "rotation": 90, "texture": "#0", "cullface": "east"},
				"down": {"uv": [10, 13, 11, 14], "rotation": 90, "texture": "#0", "cullface": "east"}
			}
		},
		{
			"name": "cobblestone_slab_15",
			"from": [16, 1, 13],
			"to": [16.5, 2, 16],
			"rotation": {"angle": 0, "axis": "y", "origin": [24, 8, 8]},
			"faces": {
				"north": {"uv": [2, 14, 3, 15], "texture": "#0", "cullface": "east"},
				"east": {"uv": [0, 14, 3, 15], "texture": "#0", "cullface": "east"},
				"south": {"uv": [0, 14, 1, 15], "texture": "#0", "cullface": "east"},
				"up": {"uv": [3, 14, 0, 15], "rotation": 90, "texture": "#0", "cullface": "east"},
				"down": {"uv": [0, 14, 3, 15], "rotation": 90, "texture": "#0", "cullface": "east"}
			}
		},
		{
			"name": "cobblestone_slab_16",
			"from": [16, 1, 7],
			"to": [16.5, 2, 8],
			"rotation": {"angle": 0, "axis": "y", "origin": [24, 8, 8]},
			"faces": {
				"east": {"uv": [8, 14, 9, 15], "texture": "#0", "cullface": "east"},
				"south": {"uv": [8, 14, 9, 15], "texture": "#0", "cullface": "east"},
				"down": {"uv": [8, 14, 9, 15], "rotation": 90, "texture": "#0", "cullface": "east"}
			}
		},
		{
			"name": "cobblestone_slab_17",
			"from": [16, 0, 2],
			"to": [16.5, 2, 4],
			"rotation": {"angle": 0, "axis": "y", "origin": [24, 8, 8]},
			"faces": {
				"north": {"uv": [13, 14, 14, 16], "texture": "#0", "cullface": "east"},
				"east": {"uv": [12, 14, 14, 16], "texture": "#0", "cullface": "east"},
				"south": {"uv": [12, 14, 13, 16], "texture": "#0", "cullface": "east"},
				"up": {"uv": [14, 14, 12, 15], "rotation": 90, "texture": "#0", "cullface": "east"},
				"down": {"uv": [12, 15, 14, 16], "rotation": 90, "texture": "#0", "cullface": "east"}
			}
		},
		{
			"name": "cobblestone_slab_18",
			"from": [16, 0, 14],
			"to": [16.5, 1, 15],
			"rotation": {"angle": 0, "axis": "y", "origin": [24, 8, 8]},
			"faces": {
				"north": {"uv": [1, 15, 2, 16], "texture": "#0", "cullface": "east"},
				"east": {"uv": [1, 15, 2, 16], "texture": "#0", "cullface": "east"},
				"south": {"uv": [1, 15, 2, 16], "texture": "#0", "cullface": "east"},
				"down": {"uv": [1, 15, 2, 16], "rotation": 90, "texture": "#0", "cullface": "east"}
			}
		},
		{
			"name": "cobblestone_slab_19",
			"from": [16, 0, 4],
			"to": [16.5, 1, 5],
			"rotation": {"angle": 0, "axis": "y", "origin": [24, 8, 8]},
			"faces": {
				"east": {"uv": [11, 15, 12, 16], "texture": "#0", "cullface": "east"},
				"south": {"uv": [11, 15, 12, 16], "texture": "#0", "cullface": "east"},
				"up": {"uv": [12, 15, 11, 16], "rotation": 90, "texture": "#0", "cullface": "east"},
				"down": {"uv": [11, 15, 12, 16], "rotation": 90, "texture": "#0", "cullface": "east"}
			}
		},
		{
			"name": "cobblestone_slab_20",
			"from": [16, 0, 1],
			"to": [16.5, 1, 2],
			"rotation": {"angle": 0, "axis": "y", "origin": [24, 8, 8]},
			"faces": {
				"north": {"uv": [14, 15, 15, 16], "texture": "#0", "cullface": "east"},
				"east": {"uv": [14, 15, 15, 16], "texture": "#0", "cullface": "east"},
				"up": {"uv": [15, 15, 14, 16], "rotation": 90, "texture": "#0", "cullface": "east"},
				"down": {"uv": [14, 15, 15, 16], "rotation": 90, "texture": "#0", "cullface": "east"}
			}
		},
		{
			"name": "cobblestone_slab_2",
			"from": [-0.5, 5, 2],
			"to": [0, 8, 4],
			"rotation": {"angle": 0, "axis": "y", "origin": [-8, 8, 8]},
			"faces": {
				"north": {"uv": [2, 8, 3, 11], "texture": "#0", "cullface": "west"},
				"south": {"uv": [3, 8, 4, 11], "texture": "#0", "cullface": "west"},
				"west": {"uv": [2, 8, 4, 11], "texture": "#0", "cullface": "west"},
				"up": {"uv": [4, 8, 2, 9], "rotation": 270, "texture": "#0", "cullface": "west"},
				"down": {"uv": [2, 10, 4, 11], "rotation": 270, "texture": "#0", "cullface": "west"}
			}
		},
		{
			"name": "cobblestone_slab_3",
			"from": [-0.5, 7, 7],
			"to": [0, 8, 12],
			"rotation": {"angle": 0, "axis": "y", "origin": [-8, 8, 8]},
			"faces": {
				"north": {"uv": [7, 8, 8, 9], "texture": "#0", "cullface": "west"},
				"south": {"uv": [11, 8, 12, 9], "texture": "#0", "cullface": "west"},
				"west": {"uv": [7, 8, 12, 9], "texture": "#0", "cullface": "west"},
				"up": {"uv": [12, 8, 7, 9], "rotation": 270, "texture": "#0", "cullface": "west"},
				"down": {"uv": [7, 8, 12, 9], "rotation": 270, "texture": "#0", "cullface": "west"}
			}
		},
		{
			"name": "cobblestone_slab_4",
			"from": [-0.5, 7, 15],
			"to": [0, 8, 16],
			"rotation": {"angle": 0, "axis": "y", "origin": [-8, 8, 8]},
			"faces": {
				"north": {"uv": [15, 8, 16, 9], "texture": "#0", "cullface": "west"},
				"south": {"uv": [15, 8, 16, 9], "texture": "#0", "cullface": "west"},
				"west": {"uv": [15, 8, 16, 9], "texture": "#0", "cullface": "west"},
				"up": {"uv": [16, 8, 15, 9], "rotation": 270, "texture": "#0", "cullface": "west"},
				"down": {"uv": [15, 8, 16, 9], "rotation": 270, "texture": "#0", "cullface": "west"}
			}
		},
		{
			"name": "cobblestone_slab_5",
			"from": [-0.5, 6, 1],
			"to": [0, 7, 2],
			"rotation": {"angle": 0, "axis": "y", "origin": [-8, 8, 8]},
			"faces": {
				"north": {"uv": [1, 9, 2, 10], "texture": "#0", "cullface": "west"},
				"west": {"uv": [1, 9, 2, 10], "texture": "#0", "cullface": "west"},
				"up": {"uv": [2, 9, 1, 10], "rotation": 270, "texture": "#0", "cullface": "west"},
				"down": {"uv": [1, 9, 2, 10], "rotation": 270, "texture": "#0", "cullface": "west"}
			}
		},
		{
			"name": "cobblestone_slab_6",
			"from": [-0.5, 6, 8],
			"to": [0, 7, 10],
			"rotation": {"angle": 0, "axis": "y", "origin": [-8, 8, 8]},
			"faces": {
				"north": {"uv": [8, 9, 9, 10], "texture": "#0", "cullface": "west"},
				"south": {"uv": [9, 9, 10, 10], "texture": "#0", "cullface": "west"},
				"west": {"uv": [8, 9, 10, 10], "texture": "#0", "cullface": "west"},
				"down": {"uv": [8, 9, 10, 10], "rotation": 270, "texture": "#0", "cullface": "west"}
			}
		},
		{
			"name": "cobblestone_slab_7",
			"from": [-0.5, 4, 13],
			"to": [0, 7, 15],
			"rotation": {"angle": 0, "axis": "y", "origin": [-8, 8, 8]},
			"faces": {
				"north": {"uv": [13, 9, 14, 12], "texture": "#0", "cullface": "west"},
				"south": {"uv": [14, 9, 15, 12], "texture": "#0", "cullface": "west"},
				"west": {"uv": [13, 9, 15, 12], "texture": "#0", "cullface": "west"},
				"up": {"uv": [15, 9, 13, 10], "rotation": 270, "texture": "#0", "cullface": "west"},
				"down": {"uv": [13, 11, 15, 12], "rotation": 270, "texture": "#0", "cullface": "west"}
			}
		},
		{
			"name": "cobblestone_slab_8",
			"from": [-0.5, 5, 15],
			"to": [0, 6, 16],
			"rotation": {"angle": 0, "axis": "y", "origin": [-8, 8, 8]},
			"faces": {
				"south": {"uv": [15, 10, 16, 11], "texture": "#0", "cullface": "west"},
				"west": {"uv": [15, 10, 16, 11], "texture": "#0", "cullface": "west"},
				"up": {"uv": [16, 10, 15, 11], "rotation": 270, "texture": "#0", "cullface": "west"},
				"down": {"uv": [15, 10, 16, 11], "rotation": 270, "texture": "#0", "cullface": "west"}
			}
		},
		{
			"name": "cobblestone_slab_9",
			"from": [-0.5, 2, 7],
			"to": [0, 5, 9],
			"rotation": {"angle": 0, "axis": "y", "origin": [-8, 8, 8]},
			"faces": {
				"north": {"uv": [7, 11, 8, 14], "texture": "#0", "cullface": "west"},
				"south": {"uv": [8, 11, 9, 14], "texture": "#0", "cullface": "west"},
				"west": {"uv": [7, 11, 9, 14], "texture": "#0", "cullface": "west"},
				"up": {"uv": [9, 11, 7, 12], "rotation": 270, "texture": "#0", "cullface": "west"},
				"down": {"uv": [7, 13, 9, 14], "rotation": 270, "texture": "#0", "cullface": "west"}
			}
		},
		{
			"name": "cobblestone_slab_10",
			"from": [-0.5, 3, 12],
			"to": [0, 5, 13],
			"rotation": {"angle": 0, "axis": "y", "origin": [-8, 8, 8]},
			"faces": {
				"north": {"uv": [12, 11, 13, 13], "texture": "#0", "cullface": "west"},
				"west": {"uv": [12, 11, 13, 13], "texture": "#0", "cullface": "west"},
				"up": {"uv": [13, 11, 12, 12], "rotation": 270, "texture": "#0", "cullface": "west"},
				"down": {"uv": [12, 12, 13, 13], "rotation": 270, "texture": "#0", "cullface": "west"}
			}
		},
		{
			"name": "cobblestone_slab_11",
			"from": [-0.5, 2, 1],
			"to": [0, 4, 4],
			"rotation": {"angle": 0, "axis": "y", "origin": [-8, 8, 8]},
			"faces": {
				"north": {"uv": [1, 12, 2, 14], "texture": "#0", "cullface": "west"},
				"south": {"uv": [3, 12, 4, 14], "texture": "#0", "cullface": "west"},
				"west": {"uv": [1, 12, 4, 14], "texture": "#0", "cullface": "west"},
				"up": {"uv": [4, 12, 1, 13], "rotation": 270, "texture": "#0", "cullface": "west"},
				"down": {"uv": [1, 13, 4, 14], "rotation": 270, "texture": "#0", "cullface": "west"}
			}
		},
		{
			"name": "cobblestone_slab_12",
			"from": [-0.5, 2, 6],
			"to": [0, 4, 7],
			"rotation": {"angle": 0, "axis": "y", "origin": [-8, 8, 8]},
			"faces": {
				"north": {"uv": [6, 12, 7, 14], "texture": "#0", "cullface": "west"},
				"west": {"uv": [6, 12, 7, 14], "texture": "#0", "cullface": "west"},
				"up": {"uv": [7, 12, 6, 13], "rotation": 270, "texture": "#0", "cullface": "west"},
				"down": {"uv": [6, 13, 7, 14], "rotation": 270, "texture": "#0", "cullface": "west"}
			}
		},
		{
			"name": "cobblestone_slab_13",
			"from": [-0.5, 1, 9],
			"to": [0, 4, 10],
			"rotation": {"angle": 0, "axis": "y", "origin": [-8, 8, 8]},
			"faces": {
				"south": {"uv": [9, 12, 10, 15], "texture": "#0", "cullface": "west"},
				"west": {"uv": [9, 12, 10, 15], "texture": "#0", "cullface": "west"},
				"up": {"uv": [10, 12, 9, 13], "rotation": 270, "texture": "#0", "cullface": "west"},
				"down": {"uv": [9, 14, 10, 15], "rotation": 270, "texture": "#0", "cullface": "west"}
			}
		},
		{
			"name": "cobblestone_slab_14",
			"from": [-0.5, 3, 13],
			"to": [0, 4, 14],
			"rotation": {"angle": 0, "axis": "y", "origin": [-8, 8, 8]},
			"faces": {
				"south": {"uv": [13, 12, 14, 13], "texture": "#0", "cullface": "west"},
				"west": {"uv": [13, 12, 14, 13], "texture": "#0", "cullface": "west"},
				"down": {"uv": [13, 12, 14, 13], "rotation": 270, "texture": "#0", "cullface": "west"}
			}
		},
		{
			"name": "cobblestone_slab_15",
			"from": [-0.5, 2, 10],
			"to": [0, 3, 11],
			"rotation": {"angle": 0, "axis": "y", "origin": [-8, 8, 8]},
			"faces": {
				"south": {"uv": [10, 13, 11, 14], "texture": "#0", "cullface": "west"},
				"west": {"uv": [10, 13, 11, 14], "texture": "#0", "cullface": "west"},
				"up": {"uv": [11, 13, 10, 14], "rotation": 270, "texture": "#0", "cullface": "west"},
				"down": {"uv": [10, 13, 11, 14], "rotation": 270, "texture": "#0", "cullface": "west"}
			}
		},
		{
			"name": "cobblestone_slab_16",
			"from": [-0.5, 1, 0],
			"to": [0, 2, 3],
			"rotation": {"angle": 0, "axis": "y", "origin": [-8, 8, 8]},
			"faces": {
				"north": {"uv": [0, 14, 1, 15], "texture": "#0", "cullface": "west"},
				"south": {"uv": [2, 14, 3, 15], "texture": "#0", "cullface": "west"},
				"west": {"uv": [0, 14, 3, 15], "texture": "#0", "cullface": "west"},
				"up": {"uv": [3, 14, 0, 15], "rotation": 270, "texture": "#0", "cullface": "west"},
				"down": {"uv": [0, 14, 3, 15], "rotation": 270, "texture": "#0", "cullface": "west"}
			}
		},
		{
			"name": "cobblestone_slab_17",
			"from": [-0.5, 1, 8],
			"to": [0, 2, 9],
			"rotation": {"angle": 0, "axis": "y", "origin": [-8, 8, 8]},
			"faces": {
				"north": {"uv": [8, 14, 9, 15], "texture": "#0", "cullface": "west"},
				"west": {"uv": [8, 14, 9, 15], "texture": "#0", "cullface": "west"},
				"down": {"uv": [8, 14, 9, 15], "rotation": 270, "texture": "#0", "cullface": "west"}
			}
		},
		{
			"name": "cobblestone_slab_18",
			"from": [-0.5, 0, 12],
			"to": [0, 2, 14],
			"rotation": {"angle": 0, "axis": "y", "origin": [-8, 8, 8]},
			"faces": {
				"north": {"uv": [12, 14, 13, 16], "texture": "#0", "cullface": "west"},
				"south": {"uv": [13, 14, 14, 16], "texture": "#0", "cullface": "west"},
				"west": {"uv": [12, 14, 14, 16], "texture": "#0", "cullface": "west"},
				"up": {"uv": [14, 14, 12, 15], "rotation": 270, "texture": "#0", "cullface": "west"},
				"down": {"uv": [12, 15, 14, 16], "rotation": 270, "texture": "#0", "cullface": "west"}
			}
		},
		{
			"name": "cobblestone_slab_19",
			"from": [-0.5, 0, 1],
			"to": [0, 1, 2],
			"rotation": {"angle": 0, "axis": "y", "origin": [-8, 8, 8]},
			"faces": {
				"north": {"uv": [1, 15, 2, 16], "texture": "#0", "cullface": "west"},
				"south": {"uv": [1, 15, 2, 16], "texture": "#0", "cullface": "west"},
				"west": {"uv": [1, 15, 2, 16], "texture": "#0", "cullface": "west"},
				"down": {"uv": [1, 15, 2, 16], "rotation": 270, "texture": "#0", "cullface": "west"}
			}
		},
		{
			"name": "cobblestone_slab_20",
			"from": [-0.5, 0, 11],
			"to": [0, 1, 12],
			"rotation": {"angle": 0, "axis": "y", "origin": [-8, 8, 8]},
			"faces": {
				"north": {"uv": [11, 15, 12, 16], "texture": "#0", "cullface": "west"},
				"west": {"uv": [11, 15, 12, 16], "texture": "#0", "cullface": "west"},
				"up": {"uv": [12, 15, 11, 16], "rotation": 270, "texture": "#0", "cullface": "west"},
				"down": {"uv": [11, 15, 12, 16], "rotation": 270, "texture": "#0", "cullface": "west"}
			}
		},
		{
			"name": "cobblestone_slab_21",
			"from": [-0.5, 0, 14],
			"to": [0, 1, 15],
			"rotation": {"angle": 0, "axis": "y", "origin": [-8, 8, 8]},
			"faces": {
				"south": {"uv": [14, 15, 15, 16], "texture": "#0", "cullface": "west"},
				"west": {"uv": [14, 15, 15, 16], "texture": "#0", "cullface": "west"},
				"up": {"uv": [15, 15, 14, 16], "rotation": 270, "texture": "#0", "cullface": "west"},
				"down": {"uv": [14, 15, 15, 16], "rotation": 270, "texture": "#0", "cullface": "west"}
			}
		},
		{
			"name": "cobblestone_isolado_5",
			"from": [2, -0.5, 12],
			"to": [4, 0, 16],
			"rotation": {"angle": 0, "axis": "z", "origin": [8, -8, 8]},
			"faces": {
				"north": {"uv": [2, 3, 4, 4], "rotation": 180, "texture": "#0", "cullface": "down"},
				"east": {"uv": [3, 0, 4, 4], "rotation": 270, "texture": "#0", "cullface": "down"},
				"south": {"uv": [4, 0, 2, 1], "rotation": 180, "texture": "#0", "cullface": "down"},
				"west": {"uv": [2, 0, 3, 4], "rotation": 90, "texture": "#0", "cullface": "down"},
				"down": {"uv": [2, 0, 4, 4], "texture": "#0", "cullface": "down"}
			}
		},
		{
			"name": "cobblestone_isolado_6",
			"from": [7, -0.5, 12],
			"to": [10, 0, 16],
			"rotation": {"angle": 0, "axis": "z", "origin": [8, -8, 8]},
			"faces": {
				"north": {"uv": [7, 3, 10, 4], "rotation": 180, "texture": "#0", "cullface": "down"},
				"east": {"uv": [9, 0, 10, 4], "rotation": 270, "texture": "#0", "cullface": "down"},
				"south": {"uv": [10, 0, 7, 1], "rotation": 180, "texture": "#0", "cullface": "down"},
				"west": {"uv": [7, 0, 8, 4], "rotation": 90, "texture": "#0", "cullface": "down"},
				"down": {"uv": [7, 0, 10, 4], "texture": "#0", "cullface": "down"}
			}
		},
		{
			"name": "cobblestone_isolado_7",
			"from": [10, -0.5, 14],
			"to": [11, 0, 16],
			"rotation": {"angle": 0, "axis": "z", "origin": [8, -8, 8]},
			"faces": {
				"north": {"uv": [10, 1, 11, 2], "rotation": 180, "texture": "#0", "cullface": "down"},
				"east": {"uv": [10, 0, 11, 2], "rotation": 270, "texture": "#0", "cullface": "down"},
				"south": {"uv": [11, 0, 10, 1], "rotation": 180, "texture": "#0", "cullface": "down"},
				"down": {"uv": [10, 0, 11, 2], "texture": "#0", "cullface": "down"}
			}
		},
		{
			"name": "cobblestone_isolado_8",
			"from": [13, -0.5, 14],
			"to": [16, 0, 16],
			"rotation": {"angle": 0, "axis": "z", "origin": [8, -8, 8]},
			"faces": {
				"north": {"uv": [13, 1, 16, 2], "rotation": 180, "texture": "#0", "cullface": "down"},
				"east": {"uv": [15, 0, 16, 2], "rotation": 270, "texture": "#0", "cullface": "down"},
				"south": {"uv": [16, 0, 13, 1], "rotation": 180, "texture": "#0", "cullface": "down"},
				"west": {"uv": [13, 0, 14, 2], "rotation": 90, "texture": "#0", "cullface": "down"},
				"down": {"uv": [13, 0, 16, 2], "texture": "#0", "cullface": "down"}
			}
		},
		{
			"name": "cobblestone_isolado_9",
			"from": [1, -0.5, 13],
			"to": [2, 0, 15],
			"rotation": {"angle": 0, "axis": "z", "origin": [8, -8, 8]},
			"faces": {
				"north": {"uv": [1, 2, 2, 3], "rotation": 180, "texture": "#0", "cullface": "down"},
				"south": {"uv": [2, 1, 1, 2], "rotation": 180, "texture": "#0", "cullface": "down"},
				"west": {"uv": [1, 1, 2, 3], "rotation": 90, "texture": "#0", "cullface": "down"},
				"down": {"uv": [1, 1, 2, 3], "texture": "#0", "cullface": "down"}
			}
		},
		{
			"name": "cobblestone_isolado_10",
			"from": [4, -0.5, 13],
			"to": [5, 0, 15],
			"rotation": {"angle": 0, "axis": "z", "origin": [8, -8, 8]},
			"faces": {
				"north": {"uv": [4, 2, 5, 3], "rotation": 180, "texture": "#0", "cullface": "down"},
				"east": {"uv": [4, 1, 5, 3], "rotation": 270, "texture": "#0", "cullface": "down"},
				"south": {"uv": [5, 1, 4, 2], "rotation": 180, "texture": "#0", "cullface": "down"},
				"down": {"uv": [4, 1, 5, 3], "texture": "#0", "cullface": "down"}
			}
		},
		{
			"name": "cobblestone_isolado_11",
			"from": [6, -0.5, 12],
			"to": [7, 0, 15],
			"rotation": {"angle": 0, "axis": "z", "origin": [8, -8, 8]},
			"faces": {
				"north": {"uv": [6, 3, 7, 4], "rotation": 180, "texture": "#0", "cullface": "down"},
				"south": {"uv": [7, 1, 6, 2], "rotation": 180, "texture": "#0", "cullface": "down"},
				"west": {"uv": [6, 1, 7, 4], "rotation": 90, "texture": "#0", "cullface": "down"},
				"down": {"uv": [6, 1, 7, 4], "texture": "#0", "cullface": "down"}
			}
		},
		{
			"name": "cobblestone_isolado_12",
			"from": [14, -0.5, 13],
			"to": [16, 0, 14],
			"rotation": {"angle": 0, "axis": "z", "origin": [8, -8, 8]},
			"faces": {
				"north": {"uv": [14, 2, 16, 3], "rotation": 180, "texture": "#0", "cullface": "down"},
				"east": {"uv": [15, 2, 16, 3], "rotation": 270, "texture": "#0", "cullface": "down"},
				"west": {"uv": [14, 2, 15, 3], "rotation": 90, "texture": "#0", "cullface": "down"},
				"down": {"uv": [14, 2, 16, 3], "texture": "#0", "cullface": "down"}
			}
		},
		{
			"name": "cobblestone_isolado_13",
			"from": [11, -0.5, 9],
			"to": [14, 0, 13],
			"rotation": {"angle": 0, "axis": "z", "origin": [8, -8, 8]},
			"faces": {
				"north": {"uv": [11, 6, 14, 7], "rotation": 180, "texture": "#0", "cullface": "down"},
				"east": {"uv": [13, 3, 14, 7], "rotation": 270, "texture": "#0", "cullface": "down"},
				"south": {"uv": [14, 3, 11, 4], "rotation": 180, "texture": "#0", "cullface": "down"},
				"west": {"uv": [11, 3, 12, 7], "rotation": 90, "texture": "#0", "cullface": "down"},
				"down": {"uv": [11, 3, 14, 7], "texture": "#0", "cullface": "down"}
			}
		},
		{
			"name": "cobblestone_isolado_14",
			"from": [4, -0.5, 8],
			"to": [6, 0, 12],
			"rotation": {"angle": 0, "axis": "z", "origin": [8, -8, 8]},
			"faces": {
				"north": {"uv": [4, 7, 6, 8], "rotation": 180, "texture": "#0", "cullface": "down"},
				"east": {"uv": [5, 4, 6, 8], "rotation": 270, "texture": "#0", "cullface": "down"},
				"south": {"uv": [6, 4, 4, 5], "rotation": 180, "texture": "#0", "cullface": "down"},
				"west": {"uv": [4, 4, 5, 8], "rotation": 90, "texture": "#0", "cullface": "down"},
				"down": {"uv": [4, 4, 6, 8], "texture": "#0", "cullface": "down"}
			}
		},
		{
			"name": "cobblestone_isolado_15",
			"from": [7, -0.5, 11],
			"to": [8, 0, 12],
			"rotation": {"angle": 0, "axis": "z", "origin": [8, -8, 8]},
			"faces": {
				"north": {"uv": [7, 4, 8, 5], "rotation": 180, "texture": "#0", "cullface": "down"},
				"east": {"uv": [7, 4, 8, 5], "rotation": 270, "texture": "#0", "cullface": "down"},
				"west": {"uv": [7, 4, 8, 5], "rotation": 90, "texture": "#0", "cullface": "down"},
				"down": {"uv": [7, 4, 8, 5], "texture": "#0", "cullface": "down"}
			}
		},
		{
			"name": "cobblestone_isolado_16",
			"from": [10, -0.5, 11],
			"to": [11, 0, 12],
			"rotation": {"angle": 0, "axis": "z", "origin": [8, -8, 8]},
			"faces": {
				"north": {"uv": [10, 4, 11, 5], "rotation": 180, "texture": "#0", "cullface": "down"},
				"south": {"uv": [11, 4, 10, 5], "rotation": 180, "texture": "#0", "cullface": "down"},
				"west": {"uv": [10, 4, 11, 5], "rotation": 90, "texture": "#0", "cullface": "down"},
				"down": {"uv": [10, 4, 11, 5], "texture": "#0", "cullface": "down"}
			}
		},
		{
			"name": "cobblestone_isolado_17",
			"from": [14, -0.5, 11],
			"to": [15, 0, 12],
			"rotation": {"angle": 0, "axis": "z", "origin": [8, -8, 8]},
			"faces": {
				"north": {"uv": [14, 4, 15, 5], "rotation": 180, "texture": "#0", "cullface": "down"},
				"east": {"uv": [14, 4, 15, 5], "rotation": 270, "texture": "#0", "cullface": "down"},
				"south": {"uv": [15, 4, 14, 5], "rotation": 180, "texture": "#0", "cullface": "down"},
				"down": {"uv": [14, 4, 15, 5], "texture": "#0", "cullface": "down"}
			}
		},
		{
			"name": "cobblestone_isolado_18",
			"from": [0, -0.5, 8],
			"to": [1, 0, 11],
			"rotation": {"angle": 0, "axis": "z", "origin": [8, -8, 8]},
			"faces": {
				"north": {"uv": [0, 7, 1, 8], "rotation": 180, "texture": "#0", "cullface": "down"},
				"east": {"uv": [0, 5, 1, 8], "rotation": 270, "texture": "#0", "cullface": "down"},
				"south": {"uv": [1, 5, 0, 6], "rotation": 180, "texture": "#0", "cullface": "down"},
				"west": {"uv": [0, 5, 1, 8], "rotation": 90, "texture": "#0", "cullface": "down"},
				"down": {"uv": [0, 5, 1, 8], "texture": "#0", "cullface": "down"}
			}
		},
		{
			"name": "cobblestone_isolado_19",
			"from": [2, -0.5, 10],
			"to": [4, 0, 11],
			"rotation": {"angle": 0, "axis": "z", "origin": [8, -8, 8]},
			"faces": {
				"north": {"uv": [2, 5, 4, 6], "rotation": 180, "texture": "#0", "cullface": "down"},
				"south": {"uv": [4, 5, 2, 6], "rotation": 180, "texture": "#0", "cullface": "down"},
				"west": {"uv": [2, 5, 3, 6], "rotation": 90, "texture": "#0", "cullface": "down"},
				"down": {"uv": [2, 5, 4, 6], "texture": "#0", "cullface": "down"}
			}
		},
		{
			"name": "cobblestone_isolado_20",
			"from": [15, -0.5, 7],
			"to": [16, 0, 11],
			"rotation": {"angle": 0, "axis": "z", "origin": [8, -8, 8]},
			"faces": {
				"north": {"uv": [15, 8, 16, 9], "rotation": 180, "texture": "#0", "cullface": "down"},
				"east": {"uv": [15, 5, 16, 9], "rotation": 270, "texture": "#0", "cullface": "down"},
				"south": {"uv": [16, 5, 15, 6], "rotation": 180, "texture": "#0", "cullface": "down"},
				"west": {"uv": [15, 5, 16, 9], "rotation": 90, "texture": "#0", "cullface": "down"},
				"down": {"uv": [15, 5, 16, 9], "texture": "#0", "cullface": "down"}
			}
		},
		{
			"name": "cobblestone_isolado_21",
			"from": [1, -0.5, 8],
			"to": [2, 0, 10],
			"rotation": {"angle": 0, "axis": "z", "origin": [8, -8, 8]},
			"faces": {
				"north": {"uv": [1, 7, 2, 8], "rotation": 180, "texture": "#0", "cullface": "down"},
				"east": {"uv": [1, 6, 2, 8], "rotation": 270, "texture": "#0", "cullface": "down"},
				"south": {"uv": [2, 6, 1, 7], "rotation": 180, "texture": "#0", "cullface": "down"},
				"down": {"uv": [1, 6, 2, 8], "texture": "#0", "cullface": "down"}
			}
		},
		{
			"name": "cobblestone_isolado_22",
			"from": [3, -0.5, 9],
			"to": [4, 0, 10],
			"rotation": {"angle": 0, "axis": "z", "origin": [8, -8, 8]},
			"faces": {
				"north": {"uv": [3, 6, 4, 7], "rotation": 180, "texture": "#0", "cullface": "down"},
				"west": {"uv": [3, 6, 4, 7], "rotation": 90, "texture": "#0", "cullface": "down"},
				"down": {"uv": [3, 6, 4, 7], "texture": "#0", "cullface": "down"}
			}
		},
		{
			"name": "cobblestone_isolado_23",
			"from": [8, -0.5, 7],
			"to": [11, 0, 9],
			"rotation": {"angle": 0, "axis": "z", "origin": [8, -8, 8]},
			"faces": {
				"north": {"uv": [8, 8, 11, 9], "rotation": 180, "texture": "#0", "cullface": "down"},
				"east": {"uv": [10, 7, 11, 9], "rotation": 270, "texture": "#0", "cullface": "down"},
				"south": {"uv": [11, 7, 8, 8], "rotation": 180, "texture": "#0", "cullface": "down"},
				"west": {"uv": [8, 7, 9, 9], "rotation": 90, "texture": "#0", "cullface": "down"},
				"down": {"uv": [8, 7, 11, 9], "texture": "#0", "cullface": "down"}
			}
		},
		{
			"name": "cobblestone_isolado_24",
			"from": [2, -0.5, 5],
			"to": [4, 0, 8],
			"rotation": {"angle": 0, "axis": "z", "origin": [8, -8, 8]},
			"faces": {
				"north": {"uv": [2, 10, 4, 11], "rotation": 180, "texture": "#0", "cullface": "down"},
				"east": {"uv": [3, 8, 4, 11], "rotation": 270, "texture": "#0", "cullface": "down"},
				"south": {"uv": [4, 8, 2, 9], "rotation": 180, "texture": "#0", "cullface": "down"},
				"west": {"uv": [2, 8, 3, 11], "rotation": 90, "texture": "#0", "cullface": "down"},
				"down": {"uv": [2, 8, 4, 11], "texture": "#0", "cullface": "down"}
			}
		},
		{
			"name": "cobblestone_isolado_25",
			"from": [7, -0.5, 7],
			"to": [8, 0, 8],
			"rotation": {"angle": 0, "axis": "z", "origin": [8, -8, 8]},
			"faces": {
				"north": {"uv": [7, 8, 8, 9], "rotation": 180, "texture": "#0", "cullface": "down"},
				"south": {"uv": [8, 8, 7, 9], "rotation": 180, "texture": "#0", "cullface": "down"},
				"west": {"uv": [7, 8, 8, 9], "rotation": 90, "texture": "#0", "cullface": "down"},
				"down": {"uv": [7, 8, 8, 9], "texture": "#0", "cullface": "down"}
			}
		},
		{
			"name": "cobblestone_isolado_26",
			"from": [11, -0.5, 7],
			"to": [12, 0, 8],
			"rotation": {"angle": 0, "axis": "z", "origin": [8, -8, 8]},
			"faces": {
				"north": {"uv": [11, 8, 12, 9], "rotation": 180, "texture": "#0", "cullface": "down"},
				"east": {"uv": [11, 8, 12, 9], "rotation": 270, "texture": "#0", "cullface": "down"},
				"south": {"uv": [12, 8, 11, 9], "rotation": 180, "texture": "#0", "cullface": "down"},
				"down": {"uv": [11, 8, 12, 9], "texture": "#0", "cullface": "down"}
			}
		},
		{
			"name": "cobblestone_isolado_27",
			"from": [1, -0.5, 6],
			"to": [2, 0, 7],
			"rotation": {"angle": 0, "axis": "z", "origin": [8, -8, 8]},
			"faces": {
				"north": {"uv": [1, 9, 2, 10], "rotation": 180, "texture": "#0", "cullface": "down"},
				"south": {"uv": [2, 9, 1, 10], "rotation": 180, "texture": "#0", "cullface": "down"},
				"west": {"uv": [1, 9, 2, 10], "rotation": 90, "texture": "#0", "cullface": "down"},
				"down": {"uv": [1, 9, 2, 10], "texture": "#0", "cullface": "down"}
			}
		},
		{
			"name": "cobblestone_isolado_28",
			"from": [8, -0.5, 6],
			"to": [10, 0, 7],
			"rotation": {"angle": 0, "axis": "z", "origin": [8, -8, 8]},
			"faces": {
				"north": {"uv": [8, 9, 10, 10], "rotation": 180, "texture": "#0", "cullface": "down"},
				"east": {"uv": [9, 9, 10, 10], "rotation": 270, "texture": "#0", "cullface": "down"},
				"west": {"uv": [8, 9, 9, 10], "rotation": 90, "texture": "#0", "cullface": "down"},
				"down": {"uv": [8, 9, 10, 10], "texture": "#0", "cullface": "down"}
			}
		},
		{
			"name": "cobblestone_isolado_29",
			"from": [13, -0.5, 4],
			"to": [15, 0, 7],
			"rotation": {"angle": 0, "axis": "z", "origin": [8, -8, 8]},
			"faces": {
				"north": {"uv": [13, 11, 15, 12], "rotation": 180, "texture": "#0", "cullface": "down"},
				"east": {"uv": [14, 9, 15, 12], "rotation": 270, "texture": "#0", "cullface": "down"},
				"south": {"uv": [15, 9, 13, 10], "rotation": 180, "texture": "#0", "cullface": "down"},
				"west": {"uv": [13, 9, 14, 12], "rotation": 90, "texture": "#0", "cullface": "down"},
				"down": {"uv": [13, 9, 15, 12], "texture": "#0", "cullface": "down"}
			}
		},
		{
			"name": "cobblestone_isolado_30",
			"from": [15, -0.5, 5],
			"to": [16, 0, 6],
			"rotation": {"angle": 0, "axis": "z", "origin": [8, -8, 8]},
			"faces": {
				"north": {"uv": [15, 10, 16, 11], "rotation": 180, "texture": "#0", "cullface": "down"},
				"east": {"uv": [15, 10, 16, 11], "rotation": 270, "texture": "#0", "cullface": "down"},
				"south": {"uv": [16, 10, 15, 11], "rotation": 180, "texture": "#0", "cullface": "down"},
				"down": {"uv": [15, 10, 16, 11], "texture": "#0", "cullface": "down"}
			}
		},
		{
			"name": "cobblestone_isolado_31",
			"from": [7, -0.5, 2],
			"to": [9, 0, 5],
			"rotation": {"angle": 0, "axis": "z", "origin": [8, -8, 8]},
			"faces": {
				"north": {"uv": [7, 13, 9, 14], "rotation": 180, "texture": "#0", "cullface": "down"},
				"east": {"uv": [8, 11, 9, 14], "rotation": 270, "texture": "#0", "cullface": "down"},
				"south": {"uv": [9, 11, 7, 12], "rotation": 180, "texture": "#0", "cullface": "down"},
				"west": {"uv": [7, 11, 8, 14], "rotation": 90, "texture": "#0", "cullface": "down"},
				"down": {"uv": [7, 11, 9, 14], "texture": "#0", "cullface": "down"}
			}
		},
		{
			"name": "cobblestone_isolado_32",
			"from": [12, -0.5, 3],
			"to": [13, 0, 5],
			"rotation": {"angle": 0, "axis": "z", "origin": [8, -8, 8]},
			"faces": {
				"north": {"uv": [12, 12, 13, 13], "rotation": 180, "texture": "#0", "cullface": "down"},
				"south": {"uv": [13, 11, 12, 12], "rotation": 180, "texture": "#0", "cullface": "down"},
				"west": {"uv": [12, 11, 13, 13], "rotation": 90, "texture": "#0", "cullface": "down"},
				"down": {"uv": [12, 11, 13, 13], "texture": "#0", "cullface": "down"}
			}
		},
		{
			"name": "cobblestone_isolado_33",
			"from": [1, -0.5, 2],
			"to": [4, 0, 4],
			"rotation": {"angle": 0, "axis": "z", "origin": [8, -8, 8]},
			"faces": {
				"north": {"uv": [1, 13, 4, 14], "rotation": 180, "texture": "#0", "cullface": "down"},
				"east": {"uv": [3, 12, 4, 14], "rotation": 270, "texture": "#0", "cullface": "down"},
				"south": {"uv": [4, 12, 1, 13], "rotation": 180, "texture": "#0", "cullface": "down"},
				"west": {"uv": [1, 12, 2, 14], "rotation": 90, "texture": "#0", "cullface": "down"},
				"down": {"uv": [1, 12, 4, 14], "texture": "#0", "cullface": "down"}
			}
		},
		{
			"name": "cobblestone_isolado_34",
			"from": [6, -0.5, 2],
			"to": [7, 0, 4],
			"rotation": {"angle": 0, "axis": "z", "origin": [8, -8, 8]},
			"faces": {
				"north": {"uv": [6, 13, 7, 14], "rotation": 180, "texture": "#0", "cullface": "down"},
				"south": {"uv": [7, 12, 6, 13], "rotation": 180, "texture": "#0", "cullface": "down"},
				"west": {"uv": [6, 12, 7, 14], "rotation": 90, "texture": "#0", "cullface": "down"},
				"down": {"uv": [6, 12, 7, 14], "texture": "#0", "cullface": "down"}
			}
		},
		{
			"name": "cobblestone_isolado_35",
			"from": [9, -0.5, 1],
			"to": [10, 0, 4],
			"rotation": {"angle": 0, "axis": "z", "origin": [8, -8, 8]},
			"faces": {
				"north": {"uv": [9, 14, 10, 15], "rotation": 180, "texture": "#0", "cullface": "down"},
				"east": {"uv": [9, 12, 10, 15], "rotation": 270, "texture": "#0", "cullface": "down"},
				"south": {"uv": [10, 12, 9, 13], "rotation": 180, "texture": "#0", "cullface": "down"},
				"down": {"uv": [9, 12, 10, 15], "texture": "#0", "cullface": "down"}
			}
		},
		{
			"name": "cobblestone_isolado_36",
			"from": [13, -0.5, 3],
			"to": [14, 0, 4],
			"rotation": {"angle": 0, "axis": "z", "origin": [8, -8, 8]},
			"faces": {
				"north": {"uv": [13, 12, 14, 13], "rotation": 180, "texture": "#0", "cullface": "down"},
				"east": {"uv": [13, 12, 14, 13], "rotation": 270, "texture": "#0", "cullface": "down"},
				"down": {"uv": [13, 12, 14, 13], "texture": "#0", "cullface": "down"}
			}
		},
		{
			"name": "cobblestone_isolado_37",
			"from": [10, -0.5, 2],
			"to": [11, 0, 3],
			"rotation": {"angle": 0, "axis": "z", "origin": [8, -8, 8]},
			"faces": {
				"north": {"uv": [10, 13, 11, 14], "rotation": 180, "texture": "#0", "cullface": "down"},
				"east": {"uv": [10, 13, 11, 14], "rotation": 270, "texture": "#0", "cullface": "down"},
				"south": {"uv": [11, 13, 10, 14], "rotation": 180, "texture": "#0", "cullface": "down"},
				"down": {"uv": [10, 13, 11, 14], "texture": "#0", "cullface": "down"}
			}
		},
		{
			"name": "cobblestone_isolado_38",
			"from": [0, -0.5, 1],
			"to": [3, 0, 2],
			"rotation": {"angle": 0, "axis": "z", "origin": [8, -8, 8]},
			"faces": {
				"north": {"uv": [0, 14, 3, 15], "rotation": 180, "texture": "#0", "cullface": "down"},
				"east": {"uv": [2, 14, 3, 15], "rotation": 270, "texture": "#0", "cullface": "down"},
				"south": {"uv": [3, 14, 0, 15], "rotation": 180, "texture": "#0", "cullface": "down"},
				"west": {"uv": [0, 14, 1, 15], "rotation": 90, "texture": "#0", "cullface": "down"},
				"down": {"uv": [0, 14, 3, 15], "texture": "#0", "cullface": "down"}
			}
		},
		{
			"name": "cobblestone_isolado_39",
			"from": [8, -0.5, 1],
			"to": [9, 0, 2],
			"rotation": {"angle": 0, "axis": "z", "origin": [8, -8, 8]},
			"faces": {
				"north": {"uv": [8, 14, 9, 15], "rotation": 180, "texture": "#0", "cullface": "down"},
				"west": {"uv": [8, 14, 9, 15], "rotation": 90, "texture": "#0", "cullface": "down"},
				"down": {"uv": [8, 14, 9, 15], "texture": "#0", "cullface": "down"}
			}
		},
		{
			"name": "cobblestone_isolado_40",
			"from": [12, -0.5, 0],
			"to": [14, 0, 2],
			"rotation": {"angle": 0, "axis": "z", "origin": [8, -8, 8]},
			"faces": {
				"north": {"uv": [12, 15, 14, 16], "rotation": 180, "texture": "#0", "cullface": "down"},
				"east": {"uv": [13, 14, 14, 16], "rotation": 270, "texture": "#0", "cullface": "down"},
				"south": {"uv": [14, 14, 12, 15], "rotation": 180, "texture": "#0", "cullface": "down"},
				"west": {"uv": [12, 14, 13, 16], "rotation": 90, "texture": "#0", "cullface": "down"},
				"down": {"uv": [12, 14, 14, 16], "texture": "#0", "cullface": "down"}
			}
		},
		{
			"name": "cobblestone_isolado_41",
			"from": [1, -0.5, 0],
			"to": [2, 0, 1],
			"rotation": {"angle": 0, "axis": "z", "origin": [8, -8, 8]},
			"faces": {
				"north": {"uv": [1, 15, 2, 16], "rotation": 180, "texture": "#0", "cullface": "down"},
				"east": {"uv": [1, 15, 2, 16], "rotation": 270, "texture": "#0", "cullface": "down"},
				"west": {"uv": [1, 15, 2, 16], "rotation": 90, "texture": "#0", "cullface": "down"},
				"down": {"uv": [1, 15, 2, 16], "texture": "#0", "cullface": "down"}
			}
		},
		{
			"name": "cobblestone_isolado_42",
			"from": [11, -0.5, 0],
			"to": [12, 0, 1],
			"rotation": {"angle": 0, "axis": "z", "origin": [8, -8, 8]},
			"faces": {
				"north": {"uv": [11, 15, 12, 16], "rotation": 180, "texture": "#0", "cullface": "down"},
				"south": {"uv": [12, 15, 11, 16], "rotation": 180, "texture": "#0", "cullface": "down"},
				"west": {"uv": [11, 15, 12, 16], "rotation": 90, "texture": "#0", "cullface": "down"},
				"down": {"uv": [11, 15, 12, 16], "texture": "#0", "cullface": "down"}
			}
		},
		{
			"name": "cobblestone_isolado_43",
			"from": [14, -0.5, 0],
			"to": [15, 0, 1],
			"rotation": {"angle": 0, "axis": "z", "origin": [8, -8, 8]},
			"faces": {
				"north": {"uv": [14, 15, 15, 16], "rotation": 180, "texture": "#0", "cullface": "down"},
				"east": {"uv": [14, 15, 15, 16], "rotation": 270, "texture": "#0", "cullface": "down"},
				"south": {"uv": [15, 15, 14, 16], "rotation": 180, "texture": "#0", "cullface": "down"},
				"down": {"uv": [14, 15, 15, 16], "texture": "#0", "cullface": "down"}
			}
		}
	],
	"display": {
		"thirdperson_righthand": {
			"rotation": [75, 45, 0],
			"translation": [0, 2.5, 0],
			"scale": [0.375, 0.375, 0.375]
		},
		"thirdperson_lefthand": {
			"rotation": [75, 45, 0],
			"translation": [0, 2.5, 0],
			"scale": [0.375, 0.375, 0.375]
		},
		"firstperson_righthand": {
			"rotation": [0, 45, 0],
			"scale": [0.4, 0.4, 0.4]
		},
		"firstperson_lefthand": {
			"rotation": [0, 225, 0],
			"scale": [0.4, 0.4, 0.4]
		},
		"ground": {
			"translation": [0, 3, 0],
			"scale": [0.25, 0.25, 0.25]
		},
		"gui": {
			"rotation": [30, 225, 0],
			"scale": [0.625, 0.625, 0.625]
		},
		"fixed": {
			"scale": [0.5, 0.5, 0.5]
		}
	},
	"groups": [
		0,
		{
			"name": "cobblestone",
			"origin": [8, 8, 8],
			"color": 0,
			"children": [
				{
					"name": "1",
					"origin": [8, 8, 8],
					"color": 0,
					"children": [1, 2, 3, 4, 5, 6, 7, 8, 9, 10, 11, 12, 13, 14, 15, 16, 17, 18, 19, 20, 21, 22, 23, 24, 25, 26, 27, 28, 29, 30, 31, 32, 33, 34, 35, 36, 37, 38, 39]
				},
				{
					"name": "2",
					"origin": [8, 8, 8],
					"color": 0,
					"children": [40, 41, 42, 43, 44, 45, 46, 47, 48, 49, 50, 51, 52, 53, 54, 55, 56, 57, 58, 59]
				},
				{
					"name": "3",
					"origin": [8, 8, 8],
					"color": 0,
					"children": [60, 61, 62, 63, 64, 65, 66, 67, 68, 69, 70, 71, 72, 73, 74, 75, 76, 77, 78, 79]
				},
				{
					"name": "4",
					"origin": [8, 8, 8],
					"color": 0,
					"children": [80, 81, 82, 83, 84, 85, 86, 87, 88, 89, 90, 91, 92, 93, 94, 95, 96, 97, 98, 99]
				},
				{
					"name": "5",
					"origin": [8, 8, 8],
					"color": 0,
					"children": [100, 101, 102, 103, 104, 105, 106, 107, 108, 109, 110, 111, 112, 113, 114, 115, 116, 117, 118, 119]
				},
				{
					"name": "6",
					"origin": [8, 8, 8],
					"color": 0,
					"children": [120, 121, 122, 123, 124, 125, 126, 127, 128, 129, 130, 131, 132, 133, 134, 135, 136, 137, 138, 139, 140, 141, 142, 143, 144, 145, 146, 147, 148, 149, 150, 151, 152, 153, 154, 155, 156, 157, 158]
				}
			]
		}
	]
}