{
	"credit": "Made with Blockbench",
	"textures": {
		"particle": "block/cobblestone",
		"bottom": "block/cobblestone"
	},
	"elements": [
		{
			"from": [0, 0, 0],
			"to": [16, 8, 16],
			"faces": {
				"north": {"uv": [0, 8, 16, 16], "texture": "#bottom", "cullface": "north"},
				"east": {"uv": [0, 8, 16, 16], "texture": "#bottom", "cullface": "east"},
				"south": {"uv": [0, 8, 16, 16], "texture": "#bottom", "cullface": "south"},
				"west": {"uv": [0, 8, 16, 16], "texture": "#bottom", "cullface": "west"},
				"up": {"uv": [0, 0, 16, 16], "texture": "#bottom"},
				"down": {"uv": [0, 0, 16, 16], "texture": "#bottom", "cullface": "down"}
			}
		},
		{
			"from": [8, 8, 8],
			"to": [16, 16, 16],
			"faces": {
				"north": {"uv": [0, 0, 8, 8], "texture": "#bottom"},
				"east": {"uv": [0, 0, 8, 8], "texture": "#bottom", "cullface": "east"},
				"south": {"uv": [8, 0, 16, 8], "texture": "#bottom", "cullface": "south"},
				"west": {"uv": [8, 0, 16, 8], "texture": "#bottom"},
				"up": {"uv": [8, 8, 16, 16], "texture": "#bottom", "cullface": "up"}
			}
		},
		{
			"name": "a2_0",
			"from": [12, 5, -0.5],
			"to": [14, 8, 0],
			"rotation": {"angle": 0, "axis": "y", "origin": [8, 8, -8]},
			"faces": {
				"north": {"uv": [2, 8, 4, 11], "texture": "#bottom", "cullface": "north"},
				"east": {"uv": [2, 8, 3, 11], "texture": "#bottom", "cullface": "north"},
				"west": {"uv": [3, 8, 4, 11], "texture": "#bottom", "cullface": "north"},
				"up": {"uv": [4, 8, 2, 9], "texture": "#bottom", "cullface": "north"},
				"down": {"uv": [2, 10, 4, 11], "rotation": 180, "texture": "#bottom", "cullface": "north"}
			}
		},
		{
			"name": "a2_1",
			"from": [4, 7, -0.5],
			"to": [9, 8, 0],
			"rotation": {"angle": 0, "axis": "y", "origin": [8, 8, -8]},
			"faces": {
				"north": {"uv": [7, 8, 12, 9], "texture": "#bottom", "cullface": "north"},
				"east": {"uv": [7, 8, 8, 9], "texture": "#bottom", "cullface": "north"},
				"west": {"uv": [11, 8, 12, 9], "texture": "#bottom", "cullface": "north"},
				"up": {"uv": [12, 8, 7, 9], "texture": "#bottom", "cullface": "north"},
				"down": {"uv": [7, 8, 12, 9], "rotation": 180, "texture": "#bottom", "cullface": "north"}
			}
		},
		{
			"name": "a2_2",
			"from": [0, 7, -0.5],
			"to": [1, 8, 0],
			"rotation": {"angle": 0, "axis": "y", "origin": [8, 8, -8]},
			"faces": {
				"north": {"uv": [15, 8, 16, 9], "texture": "#bottom", "cullface": "north"},
				"east": {"uv": [15, 8, 16, 9], "texture": "#bottom", "cullface": "north"},
				"west": {"uv": [15, 8, 16, 9], "texture": "#bottom", "cullface": "north"},
				"up": {"uv": [16, 8, 15, 9], "texture": "#bottom", "cullface": "north"},
				"down": {"uv": [15, 8, 16, 9], "rotation": 180, "texture": "#bottom", "cullface": "north"}
			}
		},
		{
			"name": "a2_3",
			"from": [14, 6, -0.5],
			"to": [15, 7, 0],
			"rotation": {"angle": 0, "axis": "y", "origin": [8, 8, -8]},
			"faces": {
				"north": {"uv": [1, 9, 2, 10], "texture": "#bottom", "cullface": "north"},
				"east": {"uv": [1, 9, 2, 10], "texture": "#bottom", "cullface": "north"},
				"up": {"uv": [2, 9, 1, 10], "texture": "#bottom", "cullface": "north"},
				"down": {"uv": [1, 9, 2, 10], "rotation": 180, "texture": "#bottom", "cullface": "north"}
			}
		},
		{
			"name": "a2_4",
			"from": [6, 6, -0.5],
			"to": [8, 7, 0],
			"rotation": {"angle": 0, "axis": "y", "origin": [8, 8, -8]},
			"faces": {
				"north": {"uv": [8, 9, 10, 10], "texture": "#bottom", "cullface": "north"},
				"east": {"uv": [8, 9, 9, 10], "texture": "#bottom", "cullface": "north"},
				"west": {"uv": [9, 9, 10, 10], "texture": "#bottom", "cullface": "north"},
				"down": {"uv": [8, 9, 10, 10], "rotation": 180, "texture": "#bottom", "cullface": "north"}
			}
		},
		{
			"name": "a2_5",
			"from": [1, 4, -0.5],
			"to": [3, 7, 0],
			"rotation": {"angle": 0, "axis": "y", "origin": [8, 8, -8]},
			"faces": {
				"north": {"uv": [13, 9, 15, 12], "texture": "#bottom", "cullface": "north"},
				"east": {"uv": [13, 9, 14, 12], "texture": "#bottom", "cullface": "north"},
				"west": {"uv": [14, 9, 15, 12], "texture": "#bottom", "cullface": "north"},
				"up": {"uv": [15, 9, 13, 10], "texture": "#bottom", "cullface": "north"},
				"down": {"uv": [13, 11, 15, 12], "rotation": 180, "texture": "#bottom", "cullface": "north"}
			}
		},
		{
			"name": "a2_6",
			"from": [0, 5, -0.5],
			"to": [1, 6, 0],
			"rotation": {"angle": 0, "axis": "y", "origin": [8, 8, -8]},
			"faces": {
				"north": {"uv": [15, 10, 16, 11], "texture": "#bottom", "cullface": "north"},
				"west": {"uv": [15, 10, 16, 11], "texture": "#bottom", "cullface": "north"},
				"up": {"uv": [16, 10, 15, 11], "texture": "#bottom", "cullface": "north"},
				"down": {"uv": [15, 10, 16, 11], "rotation": 180, "texture": "#bottom", "cullface": "north"}
			}
		},
		{
			"name": "a2_7",
			"from": [7, 2, -0.5],
			"to": [9, 5, 0],
			"rotation": {"angle": 0, "axis": "y", "origin": [8, 8, -8]},
			"faces": {
				"north": {"uv": [7, 11, 9, 14], "texture": "#bottom", "cullface": "north"},
				"east": {"uv": [7, 11, 8, 14], "texture": "#bottom", "cullface": "north"},
				"west": {"uv": [8, 11, 9, 14], "texture": "#bottom", "cullface": "north"},
				"up": {"uv": [9, 11, 7, 12], "texture": "#bottom", "cullface": "north"},
				"down": {"uv": [7, 13, 9, 14], "rotation": 180, "texture": "#bottom", "cullface": "north"}
			}
		},
		{
			"name": "a2_8",
			"from": [3, 3, -0.5],
			"to": [4, 5, 0],
			"rotation": {"angle": 0, "axis": "y", "origin": [8, 8, -8]},
			"faces": {
				"north": {"uv": [12, 11, 13, 13], "texture": "#bottom", "cullface": "north"},
				"east": {"uv": [12, 11, 13, 13], "texture": "#bottom", "cullface": "north"},
				"up": {"uv": [13, 11, 12, 12], "texture": "#bottom", "cullface": "north"},
				"down": {"uv": [12, 12, 13, 13], "rotation": 180, "texture": "#bottom", "cullface": "north"}
			}
		},
		{
			"name": "a2_9",
			"from": [12, 2, -0.5],
			"to": [15, 4, 0],
			"rotation": {"angle": 0, "axis": "y", "origin": [8, 8, -8]},
			"faces": {
				"north": {"uv": [1, 12, 4, 14], "texture": "#bottom", "cullface": "north"},
				"east": {"uv": [1, 12, 2, 14], "texture": "#bottom", "cullface": "north"},
				"west": {"uv": [3, 12, 4, 14], "texture": "#bottom", "cullface": "north"},
				"up": {"uv": [4, 12, 1, 13], "texture": "#bottom", "cullface": "north"},
				"down": {"uv": [1, 13, 4, 14], "rotation": 180, "texture": "#bottom", "cullface": "north"}
			}
		},
		{
			"name": "a2_10",
			"from": [9, 2, -0.5],
			"to": [10, 4, 0],
			"rotation": {"angle": 0, "axis": "y", "origin": [8, 8, -8]},
			"faces": {
				"north": {"uv": [6, 12, 7, 14], "texture": "#bottom", "cullface": "north"},
				"east": {"uv": [6, 12, 7, 14], "texture": "#bottom", "cullface": "north"},
				"up": {"uv": [7, 12, 6, 13], "texture": "#bottom", "cullface": "north"},
				"down": {"uv": [6, 13, 7, 14], "rotation": 180, "texture": "#bottom", "cullface": "north"}
			}
		},
		{
			"name": "a2_11",
			"from": [6, 1, -0.5],
			"to": [7, 4, 0],
			"rotation": {"angle": 0, "axis": "y", "origin": [8, 8, -8]},
			"faces": {
				"north": {"uv": [9, 12, 10, 15], "texture": "#bottom", "cullface": "north"},
				"west": {"uv": [9, 12, 10, 15], "texture": "#bottom", "cullface": "north"},
				"up": {"uv": [10, 12, 9, 13], "texture": "#bottom", "cullface": "north"},
				"down": {"uv": [9, 14, 10, 15], "rotation": 180, "texture": "#bottom", "cullface": "north"}
			}
		},
		{
			"name": "a2_12",
			"from": [2, 3, -0.5],
			"to": [3, 4, 0],
			"rotation": {"angle": 0, "axis": "y", "origin": [8, 8, -8]},
			"faces": {
				"north": {"uv": [13, 12, 14, 13], "texture": "#bottom", "cullface": "north"},
				"west": {"uv": [13, 12, 14, 13], "texture": "#bottom", "cullface": "north"},
				"down": {"uv": [13, 12, 14, 13], "rotation": 180, "texture": "#bottom", "cullface": "north"}
			}
		},
		{
			"name": "a2_13",
			"from": [5, 2, -0.5],
			"to": [6, 3, 0],
			"rotation": {"angle": 0, "axis": "y", "origin": [8, 8, -8]},
			"faces": {
				"north": {"uv": [10, 13, 11, 14], "texture": "#bottom", "cullface": "north"},
				"west": {"uv": [10, 13, 11, 14], "texture": "#bottom", "cullface": "north"},
				"up": {"uv": [11, 13, 10, 14], "texture": "#bottom", "cullface": "north"},
				"down": {"uv": [10, 13, 11, 14], "rotation": 180, "texture": "#bottom", "cullface": "north"}
			}
		},
		{
			"name": "a2_14",
			"from": [13, 1, -0.5],
			"to": [16, 2, 0],
			"rotation": {"angle": 0, "axis": "y", "origin": [8, 8, -8]},
			"faces": {
				"north": {"uv": [0, 14, 3, 15], "texture": "#bottom", "cullface": "north"},
				"east": {"uv": [0, 14, 1, 15], "texture": "#bottom", "cullface": "north"},
				"west": {"uv": [2, 14, 3, 15], "texture": "#bottom", "cullface": "north"},
				"up": {"uv": [3, 14, 0, 15], "texture": "#bottom", "cullface": "north"},
				"down": {"uv": [0, 14, 3, 15], "rotation": 180, "texture": "#bottom", "cullface": "north"}
			}
		},
		{
			"name": "a2_15",
			"from": [7, 1, -0.5],
			"to": [8, 2, 0],
			"rotation": {"angle": 0, "axis": "y", "origin": [8, 8, -8]},
			"faces": {
				"north": {"uv": [8, 14, 9, 15], "texture": "#bottom", "cullface": "north"},
				"east": {"uv": [8, 14, 9, 15], "texture": "#bottom", "cullface": "north"},
				"down": {"uv": [8, 14, 9, 15], "rotation": 180, "texture": "#bottom", "cullface": "north"}
			}
		},
		{
			"name": "a2_16",
			"from": [2, 0, -0.5],
			"to": [4, 2, 0],
			"rotation": {"angle": 0, "axis": "y", "origin": [8, 8, -8]},
			"faces": {
				"north": {"uv": [12, 14, 14, 16], "texture": "#bottom", "cullface": "north"},
				"east": {"uv": [12, 14, 13, 16], "texture": "#bottom", "cullface": "north"},
				"west": {"uv": [13, 14, 14, 16], "texture": "#bottom", "cullface": "north"},
				"up": {"uv": [14, 14, 12, 15], "texture": "#bottom", "cullface": "north"},
				"down": {"uv": [12, 15, 14, 16], "rotation": 180, "texture": "#bottom", "cullface": "north"}
			}
		},
		{
			"name": "a2_17",
			"from": [14, 0, -0.5],
			"to": [15, 1, 0],
			"rotation": {"angle": 0, "axis": "y", "origin": [8, 8, -8]},
			"faces": {
				"north": {"uv": [1, 15, 2, 16], "texture": "#bottom", "cullface": "north"},
				"east": {"uv": [1, 15, 2, 16], "texture": "#bottom", "cullface": "north"},
				"west": {"uv": [1, 15, 2, 16], "texture": "#bottom", "cullface": "north"},
				"down": {"uv": [1, 15, 2, 16], "rotation": 180, "texture": "#bottom", "cullface": "north"}
			}
		},
		{
			"name": "a2_18",
			"from": [4, 0, -0.5],
			"to": [5, 1, 0],
			"rotation": {"angle": 0, "axis": "y", "origin": [8, 8, -8]},
			"faces": {
				"north": {"uv": [11, 15, 12, 16], "texture": "#bottom", "cullface": "north"},
				"east": {"uv": [11, 15, 12, 16], "texture": "#bottom", "cullface": "north"},
				"up": {"uv": [12, 15, 11, 16], "texture": "#bottom", "cullface": "north"},
				"down": {"uv": [11, 15, 12, 16], "rotation": 180, "texture": "#bottom", "cullface": "north"}
			}
		},
		{
			"name": "a2_19",
			"from": [1, 0, -0.5],
			"to": [2, 1, 0],
			"rotation": {"angle": 0, "axis": "y", "origin": [8, 8, -8]},
			"faces": {
				"north": {"uv": [14, 15, 15, 16], "texture": "#bottom", "cullface": "north"},
				"west": {"uv": [14, 15, 15, 16], "texture": "#bottom", "cullface": "north"},
				"up": {"uv": [15, 15, 14, 16], "texture": "#bottom", "cullface": "north"},
				"down": {"uv": [14, 15, 15, 16], "rotation": 180, "texture": "#bottom", "cullface": "north"}
			}
		},
		{
			"name": "a2_0",
			"from": [2, 5, 16],
			"to": [4, 8, 16.5],
			"faces": {
				"east": {"uv": [3, 8, 4, 11], "texture": "#bottom", "cullface": "south"},
				"south": {"uv": [2, 8, 4, 11], "texture": "#bottom", "cullface": "south"},
				"west": {"uv": [2, 8, 3, 11], "texture": "#bottom", "cullface": "south"},
				"up": {"uv": [4, 8, 2, 9], "rotation": 180, "texture": "#bottom", "cullface": "south"},
				"down": {"uv": [2, 10, 4, 11], "texture": "#bottom", "cullface": "south"}
			}
		},
		{
			"name": "a2_1",
			"from": [7, 7, 16],
			"to": [12, 8, 16.5],
			"faces": {
				"east": {"uv": [11, 8, 12, 9], "texture": "#bottom", "cullface": "south"},
				"south": {"uv": [7, 8, 12, 9], "texture": "#bottom", "cullface": "south"},
				"west": {"uv": [7, 8, 8, 9], "texture": "#bottom", "cullface": "south"},
				"up": {"uv": [12, 8, 7, 9], "rotation": 180, "texture": "#bottom", "cullface": "south"},
				"down": {"uv": [7, 8, 12, 9], "texture": "#bottom", "cullface": "south"}
			}
		},
		{
			"name": "a2_2",
			"from": [15, 7, 16],
			"to": [16, 8, 16.5],
			"faces": {
				"east": {"uv": [15, 8, 16, 9], "texture": "#bottom", "cullface": "south"},
				"south": {"uv": [15, 8, 16, 9], "texture": "#bottom", "cullface": "south"},
				"west": {"uv": [15, 8, 16, 9], "texture": "#bottom", "cullface": "south"},
				"down": {"uv": [15, 8, 16, 9], "texture": "#bottom", "cullface": "south"}
			}
		},
		{
			"name": "a2_3",
			"from": [1, 6, 16],
			"to": [2, 7, 16.5],
			"faces": {
				"south": {"uv": [1, 9, 2, 10], "texture": "#bottom", "cullface": "south"},
				"west": {"uv": [1, 9, 2, 10], "texture": "#bottom", "cullface": "south"},
				"up": {"uv": [2, 9, 1, 10], "rotation": 180, "texture": "#bottom", "cullface": "south"},
				"down": {"uv": [1, 9, 2, 10], "texture": "#bottom", "cullface": "south"}
			}
		},
		{
			"name": "a2_4",
			"from": [8, 6, 16],
			"to": [10, 7, 16.5],
			"faces": {
				"east": {"uv": [9, 9, 10, 10], "texture": "#bottom", "cullface": "south"},
				"south": {"uv": [8, 9, 10, 10], "texture": "#bottom", "cullface": "south"},
				"west": {"uv": [8, 9, 9, 10], "texture": "#bottom", "cullface": "south"},
				"down": {"uv": [8, 9, 10, 10], "texture": "#bottom", "cullface": "south"}
			}
		},
		{
			"name": "a2_5",
			"from": [13, 4, 16],
			"to": [15, 7, 16.5],
			"faces": {
				"east": {"uv": [14, 9, 15, 12], "texture": "#bottom", "cullface": "south"},
				"south": {"uv": [13, 9, 15, 12], "texture": "#bottom", "cullface": "south"},
				"west": {"uv": [13, 9, 14, 12], "texture": "#bottom", "cullface": "south"},
				"up": {"uv": [15, 9, 13, 10], "rotation": 180, "texture": "#bottom", "cullface": "south"},
				"down": {"uv": [13, 11, 15, 12], "texture": "#bottom", "cullface": "south"}
			}
		},
		{
			"name": "a2_6",
			"from": [15, 5, 16],
			"to": [16, 6, 16.5],
			"faces": {
				"east": {"uv": [15, 10, 16, 11], "texture": "#bottom", "cullface": "south"},
				"south": {"uv": [15, 10, 16, 11], "texture": "#bottom", "cullface": "south"},
				"up": {"uv": [16, 10, 15, 11], "rotation": 180, "texture": "#bottom", "cullface": "south"},
				"down": {"uv": [15, 10, 16, 11], "texture": "#bottom", "cullface": "south"}
			}
		},
		{
			"name": "a2_7",
			"from": [7, 2, 16],
			"to": [9, 5, 16.5],
			"faces": {
				"east": {"uv": [8, 11, 9, 14], "texture": "#bottom", "cullface": "south"},
				"south": {"uv": [7, 11, 9, 14], "texture": "#bottom", "cullface": "south"},
				"west": {"uv": [7, 11, 8, 14], "texture": "#bottom", "cullface": "south"},
				"up": {"uv": [9, 11, 7, 12], "rotation": 180, "texture": "#bottom", "cullface": "south"},
				"down": {"uv": [7, 13, 9, 14], "texture": "#bottom", "cullface": "south"}
			}
		},
		{
			"name": "a2_8",
			"from": [12, 3, 16],
			"to": [13, 5, 16.5],
			"faces": {
				"south": {"uv": [12, 11, 13, 13], "texture": "#bottom", "cullface": "south"},
				"west": {"uv": [12, 11, 13, 13], "texture": "#bottom", "cullface": "south"},
				"up": {"uv": [13, 11, 12, 12], "rotation": 180, "texture": "#bottom", "cullface": "south"},
				"down": {"uv": [12, 12, 13, 13], "texture": "#bottom", "cullface": "south"}
			}
		},
		{
			"name": "a2_9",
			"from": [1, 2, 16],
			"to": [4, 4, 16.5],
			"faces": {
				"east": {"uv": [3, 12, 4, 14], "texture": "#bottom", "cullface": "south"},
				"south": {"uv": [1, 12, 4, 14], "texture": "#bottom", "cullface": "south"},
				"west": {"uv": [1, 12, 2, 14], "texture": "#bottom", "cullface": "south"},
				"up": {"uv": [4, 12, 1, 13], "rotation": 180, "texture": "#bottom", "cullface": "south"},
				"down": {"uv": [1, 13, 4, 14], "texture": "#bottom", "cullface": "south"}
			}
		},
		{
			"name": "a2_10",
			"from": [6, 2, 16],
			"to": [7, 4, 16.5],
			"faces": {
				"south": {"uv": [6, 12, 7, 14], "texture": "#bottom", "cullface": "south"},
				"west": {"uv": [6, 12, 7, 14], "texture": "#bottom", "cullface": "south"},
				"up": {"uv": [7, 12, 6, 13], "rotation": 180, "texture": "#bottom", "cullface": "south"},
				"down": {"uv": [6, 13, 7, 14], "texture": "#bottom", "cullface": "south"}
			}
		},
		{
			"name": "a2_11",
			"from": [9, 1, 16],
			"to": [10, 4, 16.5],
			"faces": {
				"east": {"uv": [9, 12, 10, 15], "texture": "#bottom", "cullface": "south"},
				"south": {"uv": [9, 12, 10, 15], "texture": "#bottom", "cullface": "south"},
				"up": {"uv": [10, 12, 9, 13], "rotation": 180, "texture": "#bottom", "cullface": "south"},
				"down": {"uv": [9, 14, 10, 15], "texture": "#bottom", "cullface": "south"}
			}
		},
		{
			"name": "a2_12",
			"from": [13, 3, 16],
			"to": [14, 4, 16.5],
			"faces": {
				"east": {"uv": [13, 12, 14, 13], "texture": "#bottom", "cullface": "south"},
				"south": {"uv": [13, 12, 14, 13], "texture": "#bottom", "cullface": "south"},
				"down": {"uv": [13, 12, 14, 13], "texture": "#bottom", "cullface": "south"}
			}
		},
		{
			"name": "a2_13",
			"from": [10, 2, 16],
			"to": [11, 3, 16.5],
			"faces": {
				"east": {"uv": [10, 13, 11, 14], "texture": "#bottom", "cullface": "south"},
				"south": {"uv": [10, 13, 11, 14], "texture": "#bottom", "cullface": "south"},
				"up": {"uv": [11, 13, 10, 14], "rotation": 180, "texture": "#bottom", "cullface": "south"},
				"down": {"uv": [10, 13, 11, 14], "texture": "#bottom", "cullface": "south"}
			}
		},
		{
			"name": "a2_14",
			"from": [0, 1, 16],
			"to": [3, 2, 16.5],
			"faces": {
				"east": {"uv": [2, 14, 3, 15], "texture": "#bottom", "cullface": "south"},
				"south": {"uv": [0, 14, 3, 15], "texture": "#bottom", "cullface": "south"},
				"west": {"uv": [0, 14, 1, 15], "texture": "#bottom", "cullface": "south"},
				"up": {"uv": [3, 14, 0, 15], "rotation": 180, "texture": "#bottom", "cullface": "south"},
				"down": {"uv": [0, 14, 3, 15], "texture": "#bottom", "cullface": "south"}
			}
		},
		{
			"name": "a2_15",
			"from": [8, 1, 16],
			"to": [9, 2, 16.5],
			"faces": {
				"south": {"uv": [8, 14, 9, 15], "texture": "#bottom", "cullface": "south"},
				"west": {"uv": [8, 14, 9, 15], "texture": "#bottom", "cullface": "south"},
				"down": {"uv": [8, 14, 9, 15], "texture": "#bottom", "cullface": "south"}
			}
		},
		{
			"name": "a2_16",
			"from": [12, 0, 16],
			"to": [14, 2, 16.5],
			"faces": {
				"east": {"uv": [13, 14, 14, 16], "texture": "#bottom", "cullface": "south"},
				"south": {"uv": [12, 14, 14, 16], "texture": "#bottom", "cullface": "south"},
				"west": {"uv": [12, 14, 13, 16], "texture": "#bottom", "cullface": "south"},
				"up": {"uv": [14, 14, 12, 15], "rotation": 180, "texture": "#bottom", "cullface": "south"},
				"down": {"uv": [12, 15, 14, 16], "texture": "#bottom", "cullface": "south"}
			}
		},
		{
			"name": "a2_17",
			"from": [1, 0, 16],
			"to": [2, 1, 16.5],
			"faces": {
				"east": {"uv": [1, 15, 2, 16], "texture": "#bottom", "cullface": "south"},
				"south": {"uv": [1, 15, 2, 16], "texture": "#bottom", "cullface": "south"},
				"west": {"uv": [1, 15, 2, 16], "texture": "#bottom", "cullface": "south"},
				"down": {"uv": [1, 15, 2, 16], "texture": "#bottom", "cullface": "south"}
			}
		},
		{
			"name": "a2_18",
			"from": [11, 0, 16],
			"to": [12, 1, 16.5],
			"faces": {
				"south": {"uv": [11, 15, 12, 16], "texture": "#bottom", "cullface": "south"},
				"west": {"uv": [11, 15, 12, 16], "texture": "#bottom", "cullface": "south"},
				"up": {"uv": [12, 15, 11, 16], "rotation": 180, "texture": "#bottom", "cullface": "south"},
				"down": {"uv": [11, 15, 12, 16], "texture": "#bottom", "cullface": "south"}
			}
		},
		{
			"name": "a2_19",
			"from": [14, 0, 16],
			"to": [15, 1, 16.5],
			"faces": {
				"east": {"uv": [14, 15, 15, 16], "texture": "#bottom", "cullface": "south"},
				"south": {"uv": [14, 15, 15, 16], "texture": "#bottom", "cullface": "south"},
				"up": {"uv": [15, 15, 14, 16], "rotation": 180, "texture": "#bottom", "cullface": "south"},
				"down": {"uv": [14, 15, 15, 16], "texture": "#bottom", "cullface": "south"}
			}
		},
		{
			"name": "a2_0",
			"from": [16, 5, 12],
			"to": [16.5, 8, 14],
			"rotation": {"angle": 0, "axis": "y", "origin": [24, 8, 8]},
			"faces": {
				"north": {"uv": [3, 8, 4, 11], "texture": "#bottom", "cullface": "east"},
				"east": {"uv": [2, 8, 4, 11], "texture": "#bottom", "cullface": "east"},
				"south": {"uv": [2, 8, 3, 11], "texture": "#bottom", "cullface": "east"},
				"up": {"uv": [4, 8, 2, 9], "rotation": 90, "texture": "#bottom", "cullface": "east"},
				"down": {"uv": [2, 10, 4, 11], "rotation": 90, "texture": "#bottom", "cullface": "east"}
			}
		},
		{
			"name": "a2_1",
			"from": [16, 7, 4],
			"to": [16.5, 8, 9],
			"rotation": {"angle": 0, "axis": "y", "origin": [24, 8, 8]},
			"faces": {
				"north": {"uv": [11, 8, 12, 9], "texture": "#bottom", "cullface": "east"},
				"east": {"uv": [7, 8, 12, 9], "texture": "#bottom", "cullface": "east"},
				"south": {"uv": [7, 8, 8, 9], "texture": "#bottom", "cullface": "east"},
				"up": {"uv": [12, 8, 7, 9], "rotation": 90, "texture": "#bottom", "cullface": "east"},
				"down": {"uv": [7, 8, 12, 9], "rotation": 90, "texture": "#bottom", "cullface": "east"}
			}
		},
		{
			"name": "a2_2",
			"from": [16, 7, 0],
			"to": [16.5, 8, 1],
			"rotation": {"angle": 0, "axis": "y", "origin": [24, 8, 8]},
			"faces": {
				"north": {"uv": [15, 8, 16, 9], "texture": "#bottom", "cullface": "east"},
				"east": {"uv": [15, 8, 16, 9], "texture": "#bottom", "cullface": "east"},
				"south": {"uv": [15, 8, 16, 9], "texture": "#bottom", "cullface": "east"},
				"up": {"uv": [16, 8, 15, 9], "rotation": 90, "texture": "#bottom", "cullface": "east"},
				"down": {"uv": [15, 8, 16, 9], "rotation": 90, "texture": "#bottom", "cullface": "east"}
			}
		},
		{
			"name": "a2_3",
			"from": [16, 6, 14],
			"to": [16.5, 7, 15],
			"rotation": {"angle": 0, "axis": "y", "origin": [24, 8, 8]},
			"faces": {
				"east": {"uv": [1, 9, 2, 10], "texture": "#bottom", "cullface": "east"},
				"south": {"uv": [1, 9, 2, 10], "texture": "#bottom", "cullface": "east"},
				"up": {"uv": [2, 9, 1, 10], "rotation": 90, "texture": "#bottom", "cullface": "east"},
				"down": {"uv": [1, 9, 2, 10], "rotation": 90, "texture": "#bottom", "cullface": "east"}
			}
		},
		{
			"name": "a2_4",
			"from": [16, 6, 6],
			"to": [16.5, 7, 8],
			"rotation": {"angle": 0, "axis": "y", "origin": [24, 8, 8]},
			"faces": {
				"north": {"uv": [9, 9, 10, 10], "texture": "#bottom", "cullface": "east"},
				"east": {"uv": [8, 9, 10, 10], "texture": "#bottom", "cullface": "east"},
				"south": {"uv": [8, 9, 9, 10], "texture": "#bottom", "cullface": "east"},
				"down": {"uv": [8, 9, 10, 10], "rotation": 90, "texture": "#bottom", "cullface": "east"}
			}
		},
		{
			"name": "a2_5",
			"from": [16, 4, 1],
			"to": [16.5, 7, 3],
			"rotation": {"angle": 0, "axis": "y", "origin": [24, 8, 8]},
			"faces": {
				"north": {"uv": [14, 9, 15, 12], "texture": "#bottom", "cullface": "east"},
				"east": {"uv": [13, 9, 15, 12], "texture": "#bottom", "cullface": "east"},
				"south": {"uv": [13, 9, 14, 12], "texture": "#bottom", "cullface": "east"},
				"up": {"uv": [15, 9, 13, 10], "rotation": 90, "texture": "#bottom", "cullface": "east"},
				"down": {"uv": [13, 11, 15, 12], "rotation": 90, "texture": "#bottom", "cullface": "east"}
			}
		},
		{
			"name": "a2_6",
			"from": [16, 5, 0],
			"to": [16.5, 6, 1],
			"rotation": {"angle": 0, "axis": "y", "origin": [24, 8, 8]},
			"faces": {
				"north": {"uv": [15, 10, 16, 11], "texture": "#bottom", "cullface": "east"},
				"east": {"uv": [15, 10, 16, 11], "texture": "#bottom", "cullface": "east"},
				"up": {"uv": [16, 10, 15, 11], "rotation": 90, "texture": "#bottom", "cullface": "east"},
				"down": {"uv": [15, 10, 16, 11], "rotation": 90, "texture": "#bottom", "cullface": "east"}
			}
		},
		{
			"name": "a2_7",
			"from": [16, 2, 7],
			"to": [16.5, 5, 9],
			"rotation": {"angle": 0, "axis": "y", "origin": [24, 8, 8]},
			"faces": {
				"north": {"uv": [8, 11, 9, 14], "texture": "#bottom", "cullface": "east"},
				"east": {"uv": [7, 11, 9, 14], "texture": "#bottom", "cullface": "east"},
				"south": {"uv": [7, 11, 8, 14], "texture": "#bottom", "cullface": "east"},
				"up": {"uv": [9, 11, 7, 12], "rotation": 90, "texture": "#bottom", "cullface": "east"},
				"down": {"uv": [7, 13, 9, 14], "rotation": 90, "texture": "#bottom", "cullface": "east"}
			}
		},
		{
			"name": "a2_8",
			"from": [16, 3, 3],
			"to": [16.5, 5, 4],
			"rotation": {"angle": 0, "axis": "y", "origin": [24, 8, 8]},
			"faces": {
				"east": {"uv": [12, 11, 13, 13], "texture": "#bottom", "cullface": "east"},
				"south": {"uv": [12, 11, 13, 13], "texture": "#bottom", "cullface": "east"},
				"up": {"uv": [13, 11, 12, 12], "rotation": 90, "texture": "#bottom", "cullface": "east"},
				"down": {"uv": [12, 12, 13, 13], "rotation": 90, "texture": "#bottom", "cullface": "east"}
			}
		},
		{
			"name": "a2_9",
			"from": [16, 2, 12],
			"to": [16.5, 4, 15],
			"rotation": {"angle": 0, "axis": "y", "origin": [24, 8, 8]},
			"faces": {
				"north": {"uv": [3, 12, 4, 14], "texture": "#bottom", "cullface": "east"},
				"east": {"uv": [1, 12, 4, 14], "texture": "#bottom", "cullface": "east"},
				"south": {"uv": [1, 12, 2, 14], "texture": "#bottom", "cullface": "east"},
				"up": {"uv": [4, 12, 1, 13], "rotation": 90, "texture": "#bottom", "cullface": "east"},
				"down": {"uv": [1, 13, 4, 14], "rotation": 90, "texture": "#bottom", "cullface": "east"}
			}
		},
		{
			"name": "a2_10",
			"from": [16, 2, 9],
			"to": [16.5, 4, 10],
			"rotation": {"angle": 0, "axis": "y", "origin": [24, 8, 8]},
			"faces": {
				"east": {"uv": [6, 12, 7, 14], "texture": "#bottom", "cullface": "east"},
				"south": {"uv": [6, 12, 7, 14], "texture": "#bottom", "cullface": "east"},
				"up": {"uv": [7, 12, 6, 13], "rotation": 90, "texture": "#bottom", "cullface": "east"},
				"down": {"uv": [6, 13, 7, 14], "rotation": 90, "texture": "#bottom", "cullface": "east"}
			}
		},
		{
			"name": "a2_11",
			"from": [16, 1, 6],
			"to": [16.5, 4, 7],
			"rotation": {"angle": 0, "axis": "y", "origin": [24, 8, 8]},
			"faces": {
				"north": {"uv": [9, 12, 10, 15], "texture": "#bottom", "cullface": "east"},
				"east": {"uv": [9, 12, 10, 15], "texture": "#bottom", "cullface": "east"},
				"up": {"uv": [10, 12, 9, 13], "rotation": 90, "texture": "#bottom", "cullface": "east"},
				"down": {"uv": [9, 14, 10, 15], "rotation": 90, "texture": "#bottom", "cullface": "east"}
			}
		},
		{
			"name": "a2_12",
			"from": [16, 3, 2],
			"to": [16.5, 4, 3],
			"rotation": {"angle": 0, "axis": "y", "origin": [24, 8, 8]},
			"faces": {
				"north": {"uv": [13, 12, 14, 13], "texture": "#bottom", "cullface": "east"},
				"east": {"uv": [13, 12, 14, 13], "texture": "#bottom", "cullface": "east"},
				"down": {"uv": [13, 12, 14, 13], "rotation": 90, "texture": "#bottom", "cullface": "east"}
			}
		},
		{
			"name": "a2_13",
			"from": [16, 2, 5],
			"to": [16.5, 3, 6],
			"rotation": {"angle": 0, "axis": "y", "origin": [24, 8, 8]},
			"faces": {
				"north": {"uv": [10, 13, 11, 14], "texture": "#bottom", "cullface": "east"},
				"east": {"uv": [10, 13, 11, 14], "texture": "#bottom", "cullface": "east"},
				"up": {"uv": [11, 13, 10, 14], "rotation": 90, "texture": "#bottom", "cullface": "east"},
				"down": {"uv": [10, 13, 11, 14], "rotation": 90, "texture": "#bottom", "cullface": "east"}
			}
		},
		{
			"name": "a2_14",
			"from": [16, 1, 13],
			"to": [16.5, 2, 16],
			"rotation": {"angle": 0, "axis": "y", "origin": [24, 8, 8]},
			"faces": {
				"north": {"uv": [2, 14, 3, 15], "texture": "#bottom", "cullface": "east"},
				"east": {"uv": [0, 14, 3, 15], "texture": "#bottom", "cullface": "east"},
				"south": {"uv": [0, 14, 1, 15], "texture": "#bottom", "cullface": "east"},
				"up": {"uv": [3, 14, 0, 15], "rotation": 90, "texture": "#bottom", "cullface": "east"},
				"down": {"uv": [0, 14, 3, 15], "rotation": 90, "texture": "#bottom", "cullface": "east"}
			}
		},
		{
			"name": "a2_15",
			"from": [16, 1, 7],
			"to": [16.5, 2, 8],
			"rotation": {"angle": 0, "axis": "y", "origin": [24, 8, 8]},
			"faces": {
				"east": {"uv": [8, 14, 9, 15], "texture": "#bottom", "cullface": "east"},
				"south": {"uv": [8, 14, 9, 15], "texture": "#bottom", "cullface": "east"},
				"down": {"uv": [8, 14, 9, 15], "rotation": 90, "texture": "#bottom", "cullface": "east"}
			}
		},
		{
			"name": "a2_16",
			"from": [16, 0, 2],
			"to": [16.5, 2, 4],
			"rotation": {"angle": 0, "axis": "y", "origin": [24, 8, 8]},
			"faces": {
				"north": {"uv": [13, 14, 14, 16], "texture": "#bottom", "cullface": "east"},
				"east": {"uv": [12, 14, 14, 16], "texture": "#bottom", "cullface": "east"},
				"south": {"uv": [12, 14, 13, 16], "texture": "#bottom", "cullface": "east"},
				"up": {"uv": [14, 14, 12, 15], "rotation": 90, "texture": "#bottom", "cullface": "east"},
				"down": {"uv": [12, 15, 14, 16], "rotation": 90, "texture": "#bottom", "cullface": "east"}
			}
		},
		{
			"name": "a2_17",
			"from": [16, 0, 14],
			"to": [16.5, 1, 15],
			"rotation": {"angle": 0, "axis": "y", "origin": [24, 8, 8]},
			"faces": {
				"north": {"uv": [1, 15, 2, 16], "texture": "#bottom", "cullface": "east"},
				"east": {"uv": [1, 15, 2, 16], "texture": "#bottom", "cullface": "east"},
				"south": {"uv": [1, 15, 2, 16], "texture": "#bottom", "cullface": "east"},
				"down": {"uv": [1, 15, 2, 16], "rotation": 90, "texture": "#bottom", "cullface": "east"}
			}
		},
		{
			"name": "a2_18",
			"from": [16, 0, 4],
			"to": [16.5, 1, 5],
			"rotation": {"angle": 0, "axis": "y", "origin": [24, 8, 8]},
			"faces": {
				"east": {"uv": [11, 15, 12, 16], "texture": "#bottom", "cullface": "east"},
				"south": {"uv": [11, 15, 12, 16], "texture": "#bottom", "cullface": "east"},
				"up": {"uv": [12, 15, 11, 16], "rotation": 90, "texture": "#bottom", "cullface": "east"},
				"down": {"uv": [11, 15, 12, 16], "rotation": 90, "texture": "#bottom", "cullface": "east"}
			}
		},
		{
			"name": "a2_19",
			"from": [16, 0, 1],
			"to": [16.5, 1, 2],
			"rotation": {"angle": 0, "axis": "y", "origin": [24, 8, 8]},
			"faces": {
				"north": {"uv": [14, 15, 15, 16], "texture": "#bottom", "cullface": "east"},
				"east": {"uv": [14, 15, 15, 16], "texture": "#bottom", "cullface": "east"},
				"up": {"uv": [15, 15, 14, 16], "rotation": 90, "texture": "#bottom", "cullface": "east"},
				"down": {"uv": [14, 15, 15, 16], "rotation": 90, "texture": "#bottom", "cullface": "east"}
			}
		},
		{
			"name": "a2_0",
			"from": [-0.5, 5, 2],
			"to": [0, 8, 4],
			"rotation": {"angle": 0, "axis": "y", "origin": [-8, 8, 8]},
			"faces": {
				"north": {"uv": [2, 8, 3, 11], "texture": "#bottom", "cullface": "west"},
				"south": {"uv": [3, 8, 4, 11], "texture": "#bottom", "cullface": "west"},
				"west": {"uv": [2, 8, 4, 11], "texture": "#bottom", "cullface": "west"},
				"up": {"uv": [4, 8, 2, 9], "rotation": 270, "texture": "#bottom", "cullface": "west"},
				"down": {"uv": [2, 10, 4, 11], "rotation": 270, "texture": "#bottom", "cullface": "west"}
			}
		},
		{
			"name": "a2_1",
			"from": [-0.5, 7, 7],
			"to": [0, 8, 12],
			"rotation": {"angle": 0, "axis": "y", "origin": [-8, 8, 8]},
			"faces": {
				"north": {"uv": [7, 8, 8, 9], "texture": "#bottom", "cullface": "west"},
				"south": {"uv": [11, 8, 12, 9], "texture": "#bottom", "cullface": "west"},
				"west": {"uv": [7, 8, 12, 9], "texture": "#bottom", "cullface": "west"},
				"up": {"uv": [12, 8, 7, 9], "rotation": 270, "texture": "#bottom", "cullface": "west"},
				"down": {"uv": [7, 8, 12, 9], "rotation": 270, "texture": "#bottom", "cullface": "west"}
			}
		},
		{
			"name": "a2_2",
			"from": [-0.5, 7, 15],
			"to": [0, 8, 16],
			"rotation": {"angle": 0, "axis": "y", "origin": [-8, 8, 8]},
			"faces": {
				"north": {"uv": [15, 8, 16, 9], "texture": "#bottom", "cullface": "west"},
				"south": {"uv": [15, 8, 16, 9], "texture": "#bottom", "cullface": "west"},
				"west": {"uv": [15, 8, 16, 9], "texture": "#bottom", "cullface": "west"},
				"up": {"uv": [16, 8, 15, 9], "rotation": 270, "texture": "#bottom", "cullface": "west"},
				"down": {"uv": [15, 8, 16, 9], "rotation": 270, "texture": "#bottom", "cullface": "west"}
			}
		},
		{
			"name": "a2_3",
			"from": [-0.5, 6, 1],
			"to": [0, 7, 2],
			"rotation": {"angle": 0, "axis": "y", "origin": [-8, 8, 8]},
			"faces": {
				"north": {"uv": [1, 9, 2, 10], "texture": "#bottom", "cullface": "west"},
				"west": {"uv": [1, 9, 2, 10], "texture": "#bottom", "cullface": "west"},
				"up": {"uv": [2, 9, 1, 10], "rotation": 270, "texture": "#bottom", "cullface": "west"},
				"down": {"uv": [1, 9, 2, 10], "rotation": 270, "texture": "#bottom", "cullface": "west"}
			}
		},
		{
			"name": "a2_4",
			"from": [-0.5, 6, 8],
			"to": [0, 7, 10],
			"rotation": {"angle": 0, "axis": "y", "origin": [-8, 8, 8]},
			"faces": {
				"north": {"uv": [8, 9, 9, 10], "texture": "#bottom", "cullface": "west"},
				"south": {"uv": [9, 9, 10, 10], "texture": "#bottom", "cullface": "west"},
				"west": {"uv": [8, 9, 10, 10], "texture": "#bottom", "cullface": "west"},
				"down": {"uv": [8, 9, 10, 10], "rotation": 270, "texture": "#bottom", "cullface": "west"}
			}
		},
		{
			"name": "a2_5",
			"from": [-0.5, 4, 13],
			"to": [0, 7, 15],
			"rotation": {"angle": 0, "axis": "y", "origin": [-8, 8, 8]},
			"faces": {
				"north": {"uv": [13, 9, 14, 12], "texture": "#bottom", "cullface": "west"},
				"south": {"uv": [14, 9, 15, 12], "texture": "#bottom", "cullface": "west"},
				"west": {"uv": [13, 9, 15, 12], "texture": "#bottom", "cullface": "west"},
				"up": {"uv": [15, 9, 13, 10], "rotation": 270, "texture": "#bottom", "cullface": "west"},
				"down": {"uv": [13, 11, 15, 12], "rotation": 270, "texture": "#bottom", "cullface": "west"}
			}
		},
		{
			"name": "a2_6",
			"from": [-0.5, 5, 15],
			"to": [0, 6, 16],
			"rotation": {"angle": 0, "axis": "y", "origin": [-8, 8, 8]},
			"faces": {
				"south": {"uv": [15, 10, 16, 11], "texture": "#bottom", "cullface": "west"},
				"west": {"uv": [15, 10, 16, 11], "texture": "#bottom", "cullface": "west"},
				"up": {"uv": [16, 10, 15, 11], "rotation": 270, "texture": "#bottom", "cullface": "west"},
				"down": {"uv": [15, 10, 16, 11], "rotation": 270, "texture": "#bottom", "cullface": "west"}
			}
		},
		{
			"name": "a2_7",
			"from": [-0.5, 2, 7],
			"to": [0, 5, 9],
			"rotation": {"angle": 0, "axis": "y", "origin": [-8, 8, 8]},
			"faces": {
				"north": {"uv": [7, 11, 8, 14], "texture": "#bottom", "cullface": "west"},
				"south": {"uv": [8, 11, 9, 14], "texture": "#bottom", "cullface": "west"},
				"west": {"uv": [7, 11, 9, 14], "texture": "#bottom", "cullface": "west"},
				"up": {"uv": [9, 11, 7, 12], "rotation": 270, "texture": "#bottom", "cullface": "west"},
				"down": {"uv": [7, 13, 9, 14], "rotation": 270, "texture": "#bottom", "cullface": "west"}
			}
		},
		{
			"name": "a2_8",
			"from": [-0.5, 3, 12],
			"to": [0, 5, 13],
			"rotation": {"angle": 0, "axis": "y", "origin": [-8, 8, 8]},
			"faces": {
				"north": {"uv": [12, 11, 13, 13], "texture": "#bottom", "cullface": "west"},
				"west": {"uv": [12, 11, 13, 13], "texture": "#bottom", "cullface": "west"},
				"up": {"uv": [13, 11, 12, 12], "rotation": 270, "texture": "#bottom", "cullface": "west"},
				"down": {"uv": [12, 12, 13, 13], "rotation": 270, "texture": "#bottom", "cullface": "west"}
			}
		},
		{
			"name": "a2_9",
			"from": [-0.5, 2, 1],
			"to": [0, 4, 4],
			"rotation": {"angle": 0, "axis": "y", "origin": [-8, 8, 8]},
			"faces": {
				"north": {"uv": [1, 12, 2, 14], "texture": "#bottom", "cullface": "west"},
				"south": {"uv": [3, 12, 4, 14], "texture": "#bottom", "cullface": "west"},
				"west": {"uv": [1, 12, 4, 14], "texture": "#bottom", "cullface": "west"},
				"up": {"uv": [4, 12, 1, 13], "rotation": 270, "texture": "#bottom", "cullface": "west"},
				"down": {"uv": [1, 13, 4, 14], "rotation": 270, "texture": "#bottom", "cullface": "west"}
			}
		},
		{
			"name": "a2_10",
			"from": [-0.5, 2, 6],
			"to": [0, 4, 7],
			"rotation": {"angle": 0, "axis": "y", "origin": [-8, 8, 8]},
			"faces": {
				"north": {"uv": [6, 12, 7, 14], "texture": "#bottom", "cullface": "west"},
				"west": {"uv": [6, 12, 7, 14], "texture": "#bottom", "cullface": "west"},
				"up": {"uv": [7, 12, 6, 13], "rotation": 270, "texture": "#bottom", "cullface": "west"},
				"down": {"uv": [6, 13, 7, 14], "rotation": 270, "texture": "#bottom", "cullface": "west"}
			}
		},
		{
			"name": "a2_11",
			"from": [-0.5, 1, 9],
			"to": [0, 4, 10],
			"rotation": {"angle": 0, "axis": "y", "origin": [-8, 8, 8]},
			"faces": {
				"south": {"uv": [9, 12, 10, 15], "texture": "#bottom", "cullface": "west"},
				"west": {"uv": [9, 12, 10, 15], "texture": "#bottom", "cullface": "west"},
				"up": {"uv": [10, 12, 9, 13], "rotation": 270, "texture": "#bottom", "cullface": "west"},
				"down": {"uv": [9, 14, 10, 15], "rotation": 270, "texture": "#bottom", "cullface": "west"}
			}
		},
		{
			"name": "a2_12",
			"from": [-0.5, 3, 13],
			"to": [0, 4, 14],
			"rotation": {"angle": 0, "axis": "y", "origin": [-8, 8, 8]},
			"faces": {
				"south": {"uv": [13, 12, 14, 13], "texture": "#bottom", "cullface": "west"},
				"west": {"uv": [13, 12, 14, 13], "texture": "#bottom", "cullface": "west"},
				"down": {"uv": [13, 12, 14, 13], "rotation": 270, "texture": "#bottom", "cullface": "west"}
			}
		},
		{
			"name": "a2_13",
			"from": [-0.5, 2, 10],
			"to": [0, 3, 11],
			"rotation": {"angle": 0, "axis": "y", "origin": [-8, 8, 8]},
			"faces": {
				"south": {"uv": [10, 13, 11, 14], "texture": "#bottom", "cullface": "west"},
				"west": {"uv": [10, 13, 11, 14], "texture": "#bottom", "cullface": "west"},
				"up": {"uv": [11, 13, 10, 14], "rotation": 270, "texture": "#bottom", "cullface": "west"},
				"down": {"uv": [10, 13, 11, 14], "rotation": 270, "texture": "#bottom", "cullface": "west"}
			}
		},
		{
			"name": "a2_14",
			"from": [-0.5, 1, 0],
			"to": [0, 2, 3],
			"rotation": {"angle": 0, "axis": "y", "origin": [-8, 8, 8]},
			"faces": {
				"north": {"uv": [0, 14, 1, 15], "texture": "#bottom", "cullface": "west"},
				"south": {"uv": [2, 14, 3, 15], "texture": "#bottom", "cullface": "west"},
				"west": {"uv": [0, 14, 3, 15], "texture": "#bottom", "cullface": "west"},
				"up": {"uv": [3, 14, 0, 15], "rotation": 270, "texture": "#bottom", "cullface": "west"},
				"down": {"uv": [0, 14, 3, 15], "rotation": 270, "texture": "#bottom", "cullface": "west"}
			}
		},
		{
			"name": "a2_15",
			"from": [-0.5, 1, 8],
			"to": [0, 2, 9],
			"rotation": {"angle": 0, "axis": "y", "origin": [-8, 8, 8]},
			"faces": {
				"north": {"uv": [8, 14, 9, 15], "texture": "#bottom", "cullface": "west"},
				"west": {"uv": [8, 14, 9, 15], "texture": "#bottom", "cullface": "west"},
				"down": {"uv": [8, 14, 9, 15], "rotation": 270, "texture": "#bottom", "cullface": "west"}
			}
		},
		{
			"name": "a2_16",
			"from": [-0.5, 0, 12],
			"to": [0, 2, 14],
			"rotation": {"angle": 0, "axis": "y", "origin": [-8, 8, 8]},
			"faces": {
				"north": {"uv": [12, 14, 13, 16], "texture": "#bottom", "cullface": "west"},
				"south": {"uv": [13, 14, 14, 16], "texture": "#bottom", "cullface": "west"},
				"west": {"uv": [12, 14, 14, 16], "texture": "#bottom", "cullface": "west"},
				"up": {"uv": [14, 14, 12, 15], "rotation": 270, "texture": "#bottom", "cullface": "west"},
				"down": {"uv": [12, 15, 14, 16], "rotation": 270, "texture": "#bottom", "cullface": "west"}
			}
		},
		{
			"name": "a2_17",
			"from": [-0.5, 0, 1],
			"to": [0, 1, 2],
			"rotation": {"angle": 0, "axis": "y", "origin": [-8, 8, 8]},
			"faces": {
				"north": {"uv": [1, 15, 2, 16], "texture": "#bottom", "cullface": "west"},
				"south": {"uv": [1, 15, 2, 16], "texture": "#bottom", "cullface": "west"},
				"west": {"uv": [1, 15, 2, 16], "texture": "#bottom", "cullface": "west"},
				"down": {"uv": [1, 15, 2, 16], "rotation": 270, "texture": "#bottom", "cullface": "west"}
			}
		},
		{
			"name": "a2_18",
			"from": [-0.5, 0, 11],
			"to": [0, 1, 12],
			"rotation": {"angle": 0, "axis": "y", "origin": [-8, 8, 8]},
			"faces": {
				"north": {"uv": [11, 15, 12, 16], "texture": "#bottom", "cullface": "west"},
				"west": {"uv": [11, 15, 12, 16], "texture": "#bottom", "cullface": "west"},
				"up": {"uv": [12, 15, 11, 16], "rotation": 270, "texture": "#bottom", "cullface": "west"},
				"down": {"uv": [11, 15, 12, 16], "rotation": 270, "texture": "#bottom", "cullface": "west"}
			}
		},
		{
			"name": "a2_19",
			"from": [-0.5, 0, 14],
			"to": [0, 1, 15],
			"rotation": {"angle": 0, "axis": "y", "origin": [-8, 8, 8]},
			"faces": {
				"south": {"uv": [14, 15, 15, 16], "texture": "#bottom", "cullface": "west"},
				"west": {"uv": [14, 15, 15, 16], "texture": "#bottom", "cullface": "west"},
				"up": {"uv": [15, 15, 14, 16], "rotation": 270, "texture": "#bottom", "cullface": "west"},
				"down": {"uv": [14, 15, 15, 16], "rotation": 270, "texture": "#bottom", "cullface": "west"}
			}
		},
		{
			"name": "cobb_0",
			"from": [2, -0.5, 12],
			"to": [4, 0, 16],
			"rotation": {"angle": 0, "axis": "x", "origin": [8, -8, 8]},
			"faces": {
				"north": {"uv": [2, 3, 4, 4], "rotation": 180, "texture": "#bottom", "cullface": "down"},
				"east": {"uv": [3, 0, 4, 4], "rotation": 270, "texture": "#bottom", "cullface": "down"},
				"south": {"uv": [4, 0, 2, 1], "rotation": 180, "texture": "#bottom", "cullface": "down"},
				"west": {"uv": [2, 0, 3, 4], "rotation": 90, "texture": "#bottom", "cullface": "down"},
				"down": {"uv": [2, 0, 4, 4], "texture": "#bottom", "cullface": "down"}
			}
		},
		{
			"name": "cobb_1",
			"from": [7, -0.5, 12],
			"to": [10, 0, 16],
			"rotation": {"angle": 0, "axis": "x", "origin": [8, -8, 8]},
			"faces": {
				"north": {"uv": [7, 3, 10, 4], "rotation": 180, "texture": "#bottom", "cullface": "down"},
				"east": {"uv": [9, 0, 10, 4], "rotation": 270, "texture": "#bottom", "cullface": "down"},
				"south": {"uv": [10, 0, 7, 1], "rotation": 180, "texture": "#bottom", "cullface": "down"},
				"west": {"uv": [7, 0, 8, 4], "rotation": 90, "texture": "#bottom", "cullface": "down"},
				"down": {"uv": [7, 0, 10, 4], "texture": "#bottom", "cullface": "down"}
			}
		},
		{
			"name": "cobb_2",
			"from": [10, -0.5, 14],
			"to": [11, 0, 16],
			"rotation": {"angle": 0, "axis": "x", "origin": [8, -8, 8]},
			"faces": {
				"north": {"uv": [10, 1, 11, 2], "rotation": 180, "texture": "#bottom", "cullface": "down"},
				"east": {"uv": [10, 0, 11, 2], "rotation": 270, "texture": "#bottom", "cullface": "down"},
				"south": {"uv": [11, 0, 10, 1], "rotation": 180, "texture": "#bottom", "cullface": "down"},
				"down": {"uv": [10, 0, 11, 2], "texture": "#bottom", "cullface": "down"}
			}
		},
		{
			"name": "cobb_3",
			"from": [13, -0.5, 14],
			"to": [16, 0, 16],
			"rotation": {"angle": 0, "axis": "x", "origin": [8, -8, 8]},
			"faces": {
				"north": {"uv": [13, 1, 16, 2], "rotation": 180, "texture": "#bottom", "cullface": "down"},
				"east": {"uv": [15, 0, 16, 2], "rotation": 270, "texture": "#bottom", "cullface": "down"},
				"south": {"uv": [16, 0, 13, 1], "rotation": 180, "texture": "#bottom", "cullface": "down"},
				"west": {"uv": [13, 0, 14, 2], "rotation": 90, "texture": "#bottom", "cullface": "down"},
				"down": {"uv": [13, 0, 16, 2], "texture": "#bottom", "cullface": "down"}
			}
		},
		{
			"name": "cobb_4",
			"from": [1, -0.5, 13],
			"to": [2, 0, 15],
			"rotation": {"angle": 0, "axis": "x", "origin": [8, -8, 8]},
			"faces": {
				"north": {"uv": [1, 2, 2, 3], "rotation": 180, "texture": "#bottom", "cullface": "down"},
				"south": {"uv": [2, 1, 1, 2], "rotation": 180, "texture": "#bottom", "cullface": "down"},
				"west": {"uv": [1, 1, 2, 3], "rotation": 90, "texture": "#bottom", "cullface": "down"},
				"down": {"uv": [1, 1, 2, 3], "texture": "#bottom", "cullface": "down"}
			}
		},
		{
			"name": "cobb_5",
			"from": [4, -0.5, 13],
			"to": [5, 0, 15],
			"rotation": {"angle": 0, "axis": "x", "origin": [8, -8, 8]},
			"faces": {
				"north": {"uv": [4, 2, 5, 3], "rotation": 180, "texture": "#bottom", "cullface": "down"},
				"east": {"uv": [4, 1, 5, 3], "rotation": 270, "texture": "#bottom", "cullface": "down"},
				"south": {"uv": [5, 1, 4, 2], "rotation": 180, "texture": "#bottom", "cullface": "down"},
				"down": {"uv": [4, 1, 5, 3], "texture": "#bottom", "cullface": "down"}
			}
		},
		{
			"name": "cobb_6",
			"from": [6, -0.5, 12],
			"to": [7, 0, 15],
			"rotation": {"angle": 0, "axis": "x", "origin": [8, -8, 8]},
			"faces": {
				"north": {"uv": [6, 3, 7, 4], "rotation": 180, "texture": "#bottom", "cullface": "down"},
				"south": {"uv": [7, 1, 6, 2], "rotation": 180, "texture": "#bottom", "cullface": "down"},
				"west": {"uv": [6, 1, 7, 4], "rotation": 90, "texture": "#bottom", "cullface": "down"},
				"down": {"uv": [6, 1, 7, 4], "texture": "#bottom", "cullface": "down"}
			}
		},
		{
			"name": "cobb_7",
			"from": [14, -0.5, 13],
			"to": [16, 0, 14],
			"rotation": {"angle": 0, "axis": "x", "origin": [8, -8, 8]},
			"faces": {
				"north": {"uv": [14, 2, 16, 3], "rotation": 180, "texture": "#bottom", "cullface": "down"},
				"east": {"uv": [15, 2, 16, 3], "rotation": 270, "texture": "#bottom", "cullface": "down"},
				"west": {"uv": [14, 2, 15, 3], "rotation": 90, "texture": "#bottom", "cullface": "down"},
				"down": {"uv": [14, 2, 16, 3], "texture": "#bottom", "cullface": "down"}
			}
		},
		{
			"name": "cobb_8",
			"from": [11, -0.5, 9],
			"to": [14, 0, 13],
			"rotation": {"angle": 0, "axis": "x", "origin": [8, -8, 8]},
			"faces": {
				"north": {"uv": [11, 6, 14, 7], "rotation": 180, "texture": "#bottom", "cullface": "down"},
				"east": {"uv": [13, 3, 14, 7], "rotation": 270, "texture": "#bottom", "cullface": "down"},
				"south": {"uv": [14, 3, 11, 4], "rotation": 180, "texture": "#bottom", "cullface": "down"},
				"west": {"uv": [11, 3, 12, 7], "rotation": 90, "texture": "#bottom", "cullface": "down"},
				"down": {"uv": [11, 3, 14, 7], "texture": "#bottom", "cullface": "down"}
			}
		},
		{
			"name": "cobb_9",
			"from": [4, -0.5, 8],
			"to": [6, 0, 12],
			"rotation": {"angle": 0, "axis": "x", "origin": [8, -8, 8]},
			"faces": {
				"north": {"uv": [4, 7, 6, 8], "rotation": 180, "texture": "#bottom", "cullface": "down"},
				"east": {"uv": [5, 4, 6, 8], "rotation": 270, "texture": "#bottom", "cullface": "down"},
				"south": {"uv": [6, 4, 4, 5], "rotation": 180, "texture": "#bottom", "cullface": "down"},
				"west": {"uv": [4, 4, 5, 8], "rotation": 90, "texture": "#bottom", "cullface": "down"},
				"down": {"uv": [4, 4, 6, 8], "texture": "#bottom", "cullface": "down"}
			}
		},
		{
			"name": "cobb_10",
			"from": [7, -0.5, 11],
			"to": [8, 0, 12],
			"rotation": {"angle": 0, "axis": "x", "origin": [8, -8, 8]},
			"faces": {
				"north": {"uv": [7, 4, 8, 5], "rotation": 180, "texture": "#bottom", "cullface": "down"},
				"east": {"uv": [7, 4, 8, 5], "rotation": 270, "texture": "#bottom", "cullface": "down"},
				"west": {"uv": [7, 4, 8, 5], "rotation": 90, "texture": "#bottom", "cullface": "down"},
				"down": {"uv": [7, 4, 8, 5], "texture": "#bottom", "cullface": "down"}
			}
		},
		{
			"name": "cobb_11",
			"from": [10, -0.5, 11],
			"to": [11, 0, 12],
			"rotation": {"angle": 0, "axis": "x", "origin": [8, -8, 8]},
			"faces": {
				"north": {"uv": [10, 4, 11, 5], "rotation": 180, "texture": "#bottom", "cullface": "down"},
				"south": {"uv": [11, 4, 10, 5], "rotation": 180, "texture": "#bottom", "cullface": "down"},
				"west": {"uv": [10, 4, 11, 5], "rotation": 90, "texture": "#bottom", "cullface": "down"},
				"down": {"uv": [10, 4, 11, 5], "texture": "#bottom", "cullface": "down"}
			}
		},
		{
			"name": "cobb_12",
			"from": [14, -0.5, 11],
			"to": [15, 0, 12],
			"rotation": {"angle": 0, "axis": "x", "origin": [8, -8, 8]},
			"faces": {
				"north": {"uv": [14, 4, 15, 5], "rotation": 180, "texture": "#bottom", "cullface": "down"},
				"east": {"uv": [14, 4, 15, 5], "rotation": 270, "texture": "#bottom", "cullface": "down"},
				"south": {"uv": [15, 4, 14, 5], "rotation": 180, "texture": "#bottom", "cullface": "down"},
				"down": {"uv": [14, 4, 15, 5], "texture": "#bottom", "cullface": "down"}
			}
		},
		{
			"name": "cobb_13",
			"from": [0, -0.5, 8],
			"to": [1, 0, 11],
			"rotation": {"angle": 0, "axis": "x", "origin": [8, -8, 8]},
			"faces": {
				"north": {"uv": [0, 7, 1, 8], "rotation": 180, "texture": "#bottom", "cullface": "down"},
				"east": {"uv": [0, 5, 1, 8], "rotation": 270, "texture": "#bottom", "cullface": "down"},
				"south": {"uv": [1, 5, 0, 6], "rotation": 180, "texture": "#bottom", "cullface": "down"},
				"west": {"uv": [0, 5, 1, 8], "rotation": 90, "texture": "#bottom", "cullface": "down"},
				"down": {"uv": [0, 5, 1, 8], "texture": "#bottom", "cullface": "down"}
			}
		},
		{
			"name": "cobb_14",
			"from": [2, -0.5, 10],
			"to": [4, 0, 11],
			"rotation": {"angle": 0, "axis": "x", "origin": [8, -8, 8]},
			"faces": {
				"north": {"uv": [2, 5, 4, 6], "rotation": 180, "texture": "#bottom", "cullface": "down"},
				"south": {"uv": [4, 5, 2, 6], "rotation": 180, "texture": "#bottom", "cullface": "down"},
				"west": {"uv": [2, 5, 3, 6], "rotation": 90, "texture": "#bottom", "cullface": "down"},
				"down": {"uv": [2, 5, 4, 6], "texture": "#bottom", "cullface": "down"}
			}
		},
		{
			"name": "cobb_15",
			"from": [15, -0.5, 7],
			"to": [16, 0, 11],
			"rotation": {"angle": 0, "axis": "x", "origin": [8, -8, 8]},
			"faces": {
				"north": {"uv": [15, 8, 16, 9], "rotation": 180, "texture": "#bottom", "cullface": "down"},
				"east": {"uv": [15, 5, 16, 9], "rotation": 270, "texture": "#bottom", "cullface": "down"},
				"south": {"uv": [16, 5, 15, 6], "rotation": 180, "texture": "#bottom", "cullface": "down"},
				"west": {"uv": [15, 5, 16, 9], "rotation": 90, "texture": "#bottom", "cullface": "down"},
				"down": {"uv": [15, 5, 16, 9], "texture": "#bottom", "cullface": "down"}
			}
		},
		{
			"name": "cobb_16",
			"from": [1, -0.5, 8],
			"to": [2, 0, 10],
			"rotation": {"angle": 0, "axis": "x", "origin": [8, -8, 8]},
			"faces": {
				"north": {"uv": [1, 7, 2, 8], "rotation": 180, "texture": "#bottom", "cullface": "down"},
				"east": {"uv": [1, 6, 2, 8], "rotation": 270, "texture": "#bottom", "cullface": "down"},
				"south": {"uv": [2, 6, 1, 7], "rotation": 180, "texture": "#bottom", "cullface": "down"},
				"down": {"uv": [1, 6, 2, 8], "texture": "#bottom", "cullface": "down"}
			}
		},
		{
			"name": "cobb_17",
			"from": [3, -0.5, 9],
			"to": [4, 0, 10],
			"rotation": {"angle": 0, "axis": "x", "origin": [8, -8, 8]},
			"faces": {
				"north": {"uv": [3, 6, 4, 7], "rotation": 180, "texture": "#bottom", "cullface": "down"},
				"west": {"uv": [3, 6, 4, 7], "rotation": 90, "texture": "#bottom", "cullface": "down"},
				"down": {"uv": [3, 6, 4, 7], "texture": "#bottom", "cullface": "down"}
			}
		},
		{
			"name": "cobb_18",
			"from": [8, -0.5, 7],
			"to": [11, 0, 9],
			"rotation": {"angle": 0, "axis": "x", "origin": [8, -8, 8]},
			"faces": {
				"north": {"uv": [8, 8, 11, 9], "rotation": 180, "texture": "#bottom", "cullface": "down"},
				"east": {"uv": [10, 7, 11, 9], "rotation": 270, "texture": "#bottom", "cullface": "down"},
				"south": {"uv": [11, 7, 8, 8], "rotation": 180, "texture": "#bottom", "cullface": "down"},
				"west": {"uv": [8, 7, 9, 9], "rotation": 90, "texture": "#bottom", "cullface": "down"},
				"down": {"uv": [8, 7, 11, 9], "texture": "#bottom", "cullface": "down"}
			}
		},
		{
			"name": "cobb_19",
			"from": [2, -0.5, 5],
			"to": [4, 0, 8],
			"rotation": {"angle": 0, "axis": "x", "origin": [8, -8, 8]},
			"faces": {
				"north": {"uv": [2, 10, 4, 11], "rotation": 180, "texture": "#bottom", "cullface": "down"},
				"east": {"uv": [3, 8, 4, 11], "rotation": 270, "texture": "#bottom", "cullface": "down"},
				"south": {"uv": [4, 8, 2, 9], "rotation": 180, "texture": "#bottom", "cullface": "down"},
				"west": {"uv": [2, 8, 3, 11], "rotation": 90, "texture": "#bottom", "cullface": "down"},
				"down": {"uv": [2, 8, 4, 11], "texture": "#bottom", "cullface": "down"}
			}
		},
		{
			"name": "cobb_20",
			"from": [7, -0.5, 7],
			"to": [8, 0, 8],
			"rotation": {"angle": 0, "axis": "x", "origin": [8, -8, 8]},
			"faces": {
				"north": {"uv": [7, 8, 8, 9], "rotation": 180, "texture": "#bottom", "cullface": "down"},
				"south": {"uv": [8, 8, 7, 9], "rotation": 180, "texture": "#bottom", "cullface": "down"},
				"west": {"uv": [7, 8, 8, 9], "rotation": 90, "texture": "#bottom", "cullface": "down"},
				"down": {"uv": [7, 8, 8, 9], "texture": "#bottom", "cullface": "down"}
			}
		},
		{
			"name": "cobb_21",
			"from": [11, -0.5, 7],
			"to": [12, 0, 8],
			"rotation": {"angle": 0, "axis": "x", "origin": [8, -8, 8]},
			"faces": {
				"north": {"uv": [11, 8, 12, 9], "rotation": 180, "texture": "#bottom", "cullface": "down"},
				"east": {"uv": [11, 8, 12, 9], "rotation": 270, "texture": "#bottom", "cullface": "down"},
				"south": {"uv": [12, 8, 11, 9], "rotation": 180, "texture": "#bottom", "cullface": "down"},
				"down": {"uv": [11, 8, 12, 9], "texture": "#bottom", "cullface": "down"}
			}
		},
		{
			"name": "cobb_22",
			"from": [1, -0.5, 6],
			"to": [2, 0, 7],
			"rotation": {"angle": 0, "axis": "x", "origin": [8, -8, 8]},
			"faces": {
				"north": {"uv": [1, 9, 2, 10], "rotation": 180, "texture": "#bottom", "cullface": "down"},
				"south": {"uv": [2, 9, 1, 10], "rotation": 180, "texture": "#bottom", "cullface": "down"},
				"west": {"uv": [1, 9, 2, 10], "rotation": 90, "texture": "#bottom", "cullface": "down"},
				"down": {"uv": [1, 9, 2, 10], "texture": "#bottom", "cullface": "down"}
			}
		},
		{
			"name": "cobb_23",
			"from": [8, -0.5, 6],
			"to": [10, 0, 7],
			"rotation": {"angle": 0, "axis": "x", "origin": [8, -8, 8]},
			"faces": {
				"north": {"uv": [8, 9, 10, 10], "rotation": 180, "texture": "#bottom", "cullface": "down"},
				"east": {"uv": [9, 9, 10, 10], "rotation": 270, "texture": "#bottom", "cullface": "down"},
				"west": {"uv": [8, 9, 9, 10], "rotation": 90, "texture": "#bottom", "cullface": "down"},
				"down": {"uv": [8, 9, 10, 10], "texture": "#bottom", "cullface": "down"}
			}
		},
		{
			"name": "cobb_24",
			"from": [13, -0.5, 4],
			"to": [15, 0, 7],
			"rotation": {"angle": 0, "axis": "x", "origin": [8, -8, 8]},
			"faces": {
				"north": {"uv": [13, 11, 15, 12], "rotation": 180, "texture": "#bottom", "cullface": "down"},
				"east": {"uv": [14, 9, 15, 12], "rotation": 270, "texture": "#bottom", "cullface": "down"},
				"south": {"uv": [15, 9, 13, 10], "rotation": 180, "texture": "#bottom", "cullface": "down"},
				"west": {"uv": [13, 9, 14, 12], "rotation": 90, "texture": "#bottom", "cullface": "down"},
				"down": {"uv": [13, 9, 15, 12], "texture": "#bottom", "cullface": "down"}
			}
		},
		{
			"name": "cobb_25",
			"from": [15, -0.5, 5],
			"to": [16, 0, 6],
			"rotation": {"angle": 0, "axis": "x", "origin": [8, -8, 8]},
			"faces": {
				"north": {"uv": [15, 10, 16, 11], "rotation": 180, "texture": "#bottom", "cullface": "down"},
				"east": {"uv": [15, 10, 16, 11], "rotation": 270, "texture": "#bottom", "cullface": "down"},
				"south": {"uv": [16, 10, 15, 11], "rotation": 180, "texture": "#bottom", "cullface": "down"},
				"down": {"uv": [15, 10, 16, 11], "texture": "#bottom", "cullface": "down"}
			}
		},
		{
			"name": "cobb_26",
			"from": [7, -0.5, 2],
			"to": [9, 0, 5],
			"rotation": {"angle": 0, "axis": "x", "origin": [8, -8, 8]},
			"faces": {
				"north": {"uv": [7, 13, 9, 14], "rotation": 180, "texture": "#bottom", "cullface": "down"},
				"east": {"uv": [8, 11, 9, 14], "rotation": 270, "texture": "#bottom", "cullface": "down"},
				"south": {"uv": [9, 11, 7, 12], "rotation": 180, "texture": "#bottom", "cullface": "down"},
				"west": {"uv": [7, 11, 8, 14], "rotation": 90, "texture": "#bottom", "cullface": "down"},
				"down": {"uv": [7, 11, 9, 14], "texture": "#bottom", "cullface": "down"}
			}
		},
		{
			"name": "cobb_27",
			"from": [12, -0.5, 3],
			"to": [13, 0, 5],
			"rotation": {"angle": 0, "axis": "x", "origin": [8, -8, 8]},
			"faces": {
				"north": {"uv": [12, 12, 13, 13], "rotation": 180, "texture": "#bottom", "cullface": "down"},
				"south": {"uv": [13, 11, 12, 12], "rotation": 180, "texture": "#bottom", "cullface": "down"},
				"west": {"uv": [12, 11, 13, 13], "rotation": 90, "texture": "#bottom", "cullface": "down"},
				"down": {"uv": [12, 11, 13, 13], "texture": "#bottom", "cullface": "down"}
			}
		},
		{
			"name": "cobb_28",
			"from": [1, -0.5, 2],
			"to": [4, 0, 4],
			"rotation": {"angle": 0, "axis": "x", "origin": [8, -8, 8]},
			"faces": {
				"north": {"uv": [1, 13, 4, 14], "rotation": 180, "texture": "#bottom", "cullface": "down"},
				"east": {"uv": [3, 12, 4, 14], "rotation": 270, "texture": "#bottom", "cullface": "down"},
				"south": {"uv": [4, 12, 1, 13], "rotation": 180, "texture": "#bottom", "cullface": "down"},
				"west": {"uv": [1, 12, 2, 14], "rotation": 90, "texture": "#bottom", "cullface": "down"},
				"down": {"uv": [1, 12, 4, 14], "texture": "#bottom", "cullface": "down"}
			}
		},
		{
			"name": "cobb_29",
			"from": [6, -0.5, 2],
			"to": [7, 0, 4],
			"rotation": {"angle": 0, "axis": "x", "origin": [8, -8, 8]},
			"faces": {
				"north": {"uv": [6, 13, 7, 14], "rotation": 180, "texture": "#bottom", "cullface": "down"},
				"south": {"uv": [7, 12, 6, 13], "rotation": 180, "texture": "#bottom", "cullface": "down"},
				"west": {"uv": [6, 12, 7, 14], "rotation": 90, "texture": "#bottom", "cullface": "down"},
				"down": {"uv": [6, 12, 7, 14], "texture": "#bottom", "cullface": "down"}
			}
		},
		{
			"name": "cobb_30",
			"from": [9, -0.5, 1],
			"to": [10, 0, 4],
			"rotation": {"angle": 0, "axis": "x", "origin": [8, -8, 8]},
			"faces": {
				"north": {"uv": [9, 14, 10, 15], "rotation": 180, "texture": "#bottom", "cullface": "down"},
				"east": {"uv": [9, 12, 10, 15], "rotation": 270, "texture": "#bottom", "cullface": "down"},
				"south": {"uv": [10, 12, 9, 13], "rotation": 180, "texture": "#bottom", "cullface": "down"},
				"down": {"uv": [9, 12, 10, 15], "texture": "#bottom", "cullface": "down"}
			}
		},
		{
			"name": "cobb_31",
			"from": [13, -0.5, 3],
			"to": [14, 0, 4],
			"rotation": {"angle": 0, "axis": "x", "origin": [8, -8, 8]},
			"faces": {
				"north": {"uv": [13, 12, 14, 13], "rotation": 180, "texture": "#bottom", "cullface": "down"},
				"east": {"uv": [13, 12, 14, 13], "rotation": 270, "texture": "#bottom", "cullface": "down"},
				"down": {"uv": [13, 12, 14, 13], "texture": "#bottom", "cullface": "down"}
			}
		},
		{
			"name": "cobb_32",
			"from": [10, -0.5, 2],
			"to": [11, 0, 3],
			"rotation": {"angle": 0, "axis": "x", "origin": [8, -8, 8]},
			"faces": {
				"north": {"uv": [10, 13, 11, 14], "rotation": 180, "texture": "#bottom", "cullface": "down"},
				"east": {"uv": [10, 13, 11, 14], "rotation": 270, "texture": "#bottom", "cullface": "down"},
				"south": {"uv": [11, 13, 10, 14], "rotation": 180, "texture": "#bottom", "cullface": "down"},
				"down": {"uv": [10, 13, 11, 14], "texture": "#bottom", "cullface": "down"}
			}
		},
		{
			"name": "cobb_33",
			"from": [0, -0.5, 1],
			"to": [3, 0, 2],
			"rotation": {"angle": 0, "axis": "x", "origin": [8, -8, 8]},
			"faces": {
				"north": {"uv": [0, 14, 3, 15], "rotation": 180, "texture": "#bottom", "cullface": "down"},
				"east": {"uv": [2, 14, 3, 15], "rotation": 270, "texture": "#bottom", "cullface": "down"},
				"south": {"uv": [3, 14, 0, 15], "rotation": 180, "texture": "#bottom", "cullface": "down"},
				"west": {"uv": [0, 14, 1, 15], "rotation": 90, "texture": "#bottom", "cullface": "down"},
				"down": {"uv": [0, 14, 3, 15], "texture": "#bottom", "cullface": "down"}
			}
		},
		{
			"name": "cobb_34",
			"from": [8, -0.5, 1],
			"to": [9, 0, 2],
			"rotation": {"angle": 0, "axis": "x", "origin": [8, -8, 8]},
			"faces": {
				"north": {"uv": [8, 14, 9, 15], "rotation": 180, "texture": "#bottom", "cullface": "down"},
				"west": {"uv": [8, 14, 9, 15], "rotation": 90, "texture": "#bottom", "cullface": "down"},
				"down": {"uv": [8, 14, 9, 15], "texture": "#bottom", "cullface": "down"}
			}
		},
		{
			"name": "cobb_35",
			"from": [12, -0.5, 0],
			"to": [14, 0, 2],
			"rotation": {"angle": 0, "axis": "x", "origin": [8, -8, 8]},
			"faces": {
				"north": {"uv": [12, 15, 14, 16], "rotation": 180, "texture": "#bottom", "cullface": "down"},
				"east": {"uv": [13, 14, 14, 16], "rotation": 270, "texture": "#bottom", "cullface": "down"},
				"south": {"uv": [14, 14, 12, 15], "rotation": 180, "texture": "#bottom", "cullface": "down"},
				"west": {"uv": [12, 14, 13, 16], "rotation": 90, "texture": "#bottom", "cullface": "down"},
				"down": {"uv": [12, 14, 14, 16], "texture": "#bottom", "cullface": "down"}
			}
		},
		{
			"name": "cobb_36",
			"from": [1, -0.5, 0],
			"to": [2, 0, 1],
			"rotation": {"angle": 0, "axis": "x", "origin": [8, -8, 8]},
			"faces": {
				"north": {"uv": [1, 15, 2, 16], "rotation": 180, "texture": "#bottom", "cullface": "down"},
				"east": {"uv": [1, 15, 2, 16], "rotation": 270, "texture": "#bottom", "cullface": "down"},
				"west": {"uv": [1, 15, 2, 16], "rotation": 90, "texture": "#bottom", "cullface": "down"},
				"down": {"uv": [1, 15, 2, 16], "texture": "#bottom", "cullface": "down"}
			}
		},
		{
			"name": "cobb_37",
			"from": [11, -0.5, 0],
			"to": [12, 0, 1],
			"rotation": {"angle": 0, "axis": "x", "origin": [8, -8, 8]},
			"faces": {
				"north": {"uv": [11, 15, 12, 16], "rotation": 180, "texture": "#bottom", "cullface": "down"},
				"south": {"uv": [12, 15, 11, 16], "rotation": 180, "texture": "#bottom", "cullface": "down"},
				"west": {"uv": [11, 15, 12, 16], "rotation": 90, "texture": "#bottom", "cullface": "down"},
				"down": {"uv": [11, 15, 12, 16], "texture": "#bottom", "cullface": "down"}
			}
		},
		{
			"name": "cobb_38",
			"from": [14, -0.5, 0],
			"to": [15, 0, 1],
			"rotation": {"angle": 0, "axis": "x", "origin": [8, -8, 8]},
			"faces": {
				"north": {"uv": [14, 15, 15, 16], "rotation": 180, "texture": "#bottom", "cullface": "down"},
				"east": {"uv": [14, 15, 15, 16], "rotation": 270, "texture": "#bottom", "cullface": "down"},
				"south": {"uv": [15, 15, 14, 16], "rotation": 180, "texture": "#bottom", "cullface": "down"},
				"down": {"uv": [14, 15, 15, 16], "texture": "#bottom", "cullface": "down"}
			}
		},
		{
			"name": "a5_0",
			"from": [2, 8, 0],
			"to": [4, 8.5, 4],
			"rotation": {"angle": 0, "axis": "y", "origin": [8, 16, 8]},
			"faces": {
				"north": {"uv": [4, 0, 2, 1], "texture": "#bottom"},
				"east": {"uv": [3, 0, 4, 4], "rotation": 90, "texture": "#bottom"},
				"south": {"uv": [2, 3, 4, 4], "texture": "#bottom"},
				"west": {"uv": [2, 0, 3, 4], "rotation": 270, "texture": "#bottom"},
				"up": {"uv": [2, 0, 4, 4], "texture": "#bottom"}
			}
		},
		{
			"name": "a5_1",
			"from": [7, 8, 0],
			"to": [8, 8.5, 5],
			"rotation": {"angle": 0, "axis": "y", "origin": [8, 16, 8]},
			"faces": {
				"north": {"uv": [8, 0, 7, 1], "texture": "#bottom"},
				"east": {"uv": [7, 0, 8, 5], "rotation": 90, "texture": "#bottom"},
				"south": {"uv": [7, 4, 8, 5], "texture": "#bottom"},
				"west": {"uv": [7, 0, 8, 5], "rotation": 270, "texture": "#bottom"},
				"up": {"uv": [7, 0, 8, 5], "texture": "#bottom"}
			}
		},
		{
			"name": "a5_2",
			"from": [1, 8, 1],
			"to": [2, 8.5, 3],
			"rotation": {"angle": 0, "axis": "y", "origin": [8, 16, 8]},
			"faces": {
				"north": {"uv": [2, 1, 1, 2], "texture": "#bottom"},
				"south": {"uv": [1, 2, 2, 3], "texture": "#bottom"},
				"west": {"uv": [1, 1, 2, 3], "rotation": 270, "texture": "#bottom"},
				"up": {"uv": [1, 1, 2, 3], "texture": "#bottom"}
			}
		},
		{
			"name": "a5_3",
			"from": [4, 8, 1],
			"to": [5, 8.5, 3],
			"rotation": {"angle": 0, "axis": "y", "origin": [8, 16, 8]},
			"faces": {
				"north": {"uv": [5, 1, 4, 2], "texture": "#bottom"},
				"east": {"uv": [4, 1, 5, 3], "rotation": 90, "texture": "#bottom"},
				"south": {"uv": [4, 2, 5, 3], "texture": "#bottom"},
				"up": {"uv": [4, 1, 5, 3], "texture": "#bottom"}
			}
		},
		{
			"name": "a5_4",
			"from": [6, 8, 1],
			"to": [7, 8.5, 4],
			"rotation": {"angle": 0, "axis": "y", "origin": [8, 16, 8]},
			"faces": {
				"north": {"uv": [7, 1, 6, 2], "texture": "#bottom"},
				"south": {"uv": [6, 3, 7, 4], "texture": "#bottom"},
				"west": {"uv": [6, 1, 7, 4], "rotation": 270, "texture": "#bottom"},
				"up": {"uv": [6, 1, 7, 4], "texture": "#bottom"}
			}
		},
		{
			"name": "a5_5",
			"from": [4, 8, 4],
			"to": [6, 8.5, 8],
			"rotation": {"angle": 0, "axis": "y", "origin": [8, 16, 8]},
			"faces": {
				"north": {"uv": [6, 4, 4, 5], "texture": "#bottom"},
				"east": {"uv": [5, 4, 6, 8], "rotation": 90, "texture": "#bottom"},
				"south": {"uv": [4, 7, 6, 8], "texture": "#bottom"},
				"west": {"uv": [4, 4, 5, 8], "rotation": 270, "texture": "#bottom"},
				"up": {"uv": [4, 4, 6, 8], "texture": "#bottom"}
			}
		},
		{
			"name": "a5_6",
			"from": [0, 8, 5],
			"to": [1, 8.5, 8],
			"rotation": {"angle": 0, "axis": "y", "origin": [8, 16, 8]},
			"faces": {
				"north": {"uv": [1, 5, 0, 6], "texture": "#bottom"},
				"east": {"uv": [0, 5, 1, 8], "rotation": 90, "texture": "#bottom"},
				"south": {"uv": [0, 7, 1, 8], "texture": "#bottom"},
				"west": {"uv": [0, 5, 1, 8], "rotation": 270, "texture": "#bottom"},
				"up": {"uv": [0, 5, 1, 8], "texture": "#bottom"}
			}
		},
		{
			"name": "a5_7",
			"from": [2, 8, 5],
			"to": [4, 8.5, 6],
			"rotation": {"angle": 0, "axis": "y", "origin": [8, 16, 8]},
			"faces": {
				"north": {"uv": [4, 5, 2, 6], "texture": "#bottom"},
				"south": {"uv": [2, 5, 4, 6], "texture": "#bottom"},
				"west": {"uv": [2, 5, 3, 6], "rotation": 270, "texture": "#bottom"},
				"up": {"uv": [2, 5, 4, 6], "texture": "#bottom"}
			}
		},
		{
			"name": "a5_8",
			"from": [1, 8, 6],
			"to": [2, 8.5, 8],
			"rotation": {"angle": 0, "axis": "y", "origin": [8, 16, 8]},
			"faces": {
				"north": {"uv": [2, 6, 1, 7], "texture": "#bottom"},
				"east": {"uv": [1, 6, 2, 8], "rotation": 90, "texture": "#bottom"},
				"south": {"uv": [1, 7, 2, 8], "texture": "#bottom"},
				"up": {"uv": [1, 6, 2, 8], "texture": "#bottom"}
			}
		},
		{
			"name": "a5_9",
			"from": [3, 8, 6],
			"to": [4, 8.5, 7],
			"rotation": {"angle": 0, "axis": "y", "origin": [8, 16, 8]},
			"faces": {
				"south": {"uv": [3, 6, 4, 7], "texture": "#bottom"},
				"west": {"uv": [3, 6, 4, 7], "rotation": 270, "texture": "#bottom"},
				"up": {"uv": [3, 6, 4, 7], "texture": "#bottom"}
			}
		},
		{
			"name": "a5_10",
			"from": [2, 8, 8],
			"to": [4, 8.5, 11],
			"rotation": {"angle": 0, "axis": "y", "origin": [8, 16, 8]},
			"faces": {
				"north": {"uv": [4, 8, 2, 9], "texture": "#bottom"},
				"east": {"uv": [3, 8, 4, 11], "rotation": 90, "texture": "#bottom"},
				"south": {"uv": [2, 10, 4, 11], "texture": "#bottom"},
				"west": {"uv": [2, 8, 3, 11], "rotation": 270, "texture": "#bottom"},
				"up": {"uv": [2, 8, 4, 11], "texture": "#bottom"}
			}
		},
		{
			"name": "a5_11",
			"from": [7, 8, 8],
			"to": [8, 8.5, 9],
			"rotation": {"angle": 0, "axis": "y", "origin": [8, 16, 8]},
			"faces": {
				"north": {"uv": [8, 8, 7, 9], "texture": "#bottom"},
				"south": {"uv": [7, 8, 8, 9], "texture": "#bottom"},
				"west": {"uv": [7, 8, 8, 9], "rotation": 270, "texture": "#bottom"},
				"up": {"uv": [7, 8, 8, 9], "texture": "#bottom"}
			}
		},
		{
			"name": "a5_12",
			"from": [1, 8, 9],
			"to": [2, 8.5, 10],
			"rotation": {"angle": 0, "axis": "y", "origin": [8, 16, 8]},
			"faces": {
				"north": {"uv": [2, 9, 1, 10], "texture": "#bottom"},
				"south": {"uv": [1, 9, 2, 10], "texture": "#bottom"},
				"west": {"uv": [1, 9, 2, 10], "rotation": 270, "texture": "#bottom"},
				"up": {"uv": [1, 9, 2, 10], "texture": "#bottom"}
			}
		},
		{
			"name": "a5_13",
			"from": [7, 8, 11],
			"to": [8, 8.5, 14],
			"rotation": {"angle": 0, "axis": "y", "origin": [8, 16, 8]},
			"faces": {
				"north": {"uv": [8, 11, 7, 12], "texture": "#bottom"},
				"south": {"uv": [7, 13, 8, 14], "texture": "#bottom"},
				"west": {"uv": [7, 11, 8, 14], "rotation": 270, "texture": "#bottom"},
				"up": {"uv": [7, 11, 8, 14], "texture": "#bottom"}
			}
		},
		{
			"name": "a5_14",
			"from": [1, 8, 12],
			"to": [4, 8.5, 14],
			"rotation": {"angle": 0, "axis": "y", "origin": [8, 16, 8]},
			"faces": {
				"north": {"uv": [4, 12, 1, 13], "texture": "#bottom"},
				"east": {"uv": [3, 12, 4, 14], "rotation": 90, "texture": "#bottom"},
				"south": {"uv": [1, 13, 4, 14], "texture": "#bottom"},
				"west": {"uv": [1, 12, 2, 14], "rotation": 270, "texture": "#bottom"},
				"up": {"uv": [1, 12, 4, 14], "texture": "#bottom"}
			}
		},
		{
			"name": "a5_15",
			"from": [6, 8, 12],
			"to": [7, 8.5, 14],
			"rotation": {"angle": 0, "axis": "y", "origin": [8, 16, 8]},
			"faces": {
				"north": {"uv": [7, 12, 6, 13], "texture": "#bottom"},
				"south": {"uv": [6, 13, 7, 14], "texture": "#bottom"},
				"west": {"uv": [6, 12, 7, 14], "rotation": 270, "texture": "#bottom"},
				"up": {"uv": [6, 12, 7, 14], "texture": "#bottom"}
			}
		},
		{
			"name": "a5_16",
			"from": [0, 8, 14],
			"to": [3, 8.5, 15],
			"rotation": {"angle": 0, "axis": "y", "origin": [8, 16, 8]},
			"faces": {
				"north": {"uv": [3, 14, 0, 15], "texture": "#bottom"},
				"east": {"uv": [2, 14, 3, 15], "rotation": 90, "texture": "#bottom"},
				"south": {"uv": [0, 14, 3, 15], "texture": "#bottom"},
				"west": {"uv": [0, 14, 1, 15], "rotation": 270, "texture": "#bottom"},
				"up": {"uv": [0, 14, 3, 15], "texture": "#bottom"}
			}
		},
		{
			"name": "a5_17",
			"from": [1, 8, 15],
			"to": [2, 8.5, 16],
			"rotation": {"angle": 0, "axis": "y", "origin": [8, 16, 8]},
			"faces": {
				"east": {"uv": [1, 15, 2, 16], "rotation": 90, "texture": "#bottom"},
				"south": {"uv": [1, 15, 2, 16], "texture": "#bottom"},
				"west": {"uv": [1, 15, 2, 16], "rotation": 270, "texture": "#bottom"},
				"up": {"uv": [1, 15, 2, 16], "texture": "#bottom"}
			}
		},
		{
			"name": "a3_0",
			"from": [8, 8, 0],
			"to": [11, 8.5, 2],
			"faces": {
				"north": {"uv": [11, 0, 8, 1], "texture": "#bottom"},
				"east": {"uv": [10, 0, 11, 2], "rotation": 90, "texture": "#bottom"},
				"south": {"uv": [8, 1, 11, 2], "texture": "#bottom"},
				"up": {"uv": [8, 0, 11, 2], "texture": "#bottom"}
			}
		},
		{
			"name": "a3_1",
			"from": [13, 8, 0],
			"to": [16, 8.5, 2],
			"faces": {
				"north": {"uv": [16, 0, 13, 1], "texture": "#bottom"},
				"east": {"uv": [15, 0, 16, 2], "rotation": 90, "texture": "#bottom"},
				"south": {"uv": [13, 1, 16, 2], "texture": "#bottom"},
				"west": {"uv": [13, 0, 14, 2], "rotation": 270, "texture": "#bottom"},
				"up": {"uv": [13, 0, 16, 2], "texture": "#bottom"}
			}
		},
		{
			"name": "a3_2",
			"from": [8, 8, 2],
			"to": [10, 8.5, 4],
			"faces": {
				"east": {"uv": [9, 2, 10, 4], "rotation": 90, "texture": "#bottom"},
				"south": {"uv": [8, 3, 10, 4], "texture": "#bottom"},
				"up": {"uv": [8, 2, 10, 4], "texture": "#bottom"}
			}
		},
		{
			"name": "a3_3",
			"from": [14, 8, 2],
			"to": [16, 8.5, 3],
			"faces": {
				"east": {"uv": [15, 2, 16, 3], "rotation": 90, "texture": "#bottom"},
				"south": {"uv": [14, 2, 16, 3], "texture": "#bottom"},
				"west": {"uv": [14, 2, 15, 3], "rotation": 270, "texture": "#bottom"},
				"up": {"uv": [14, 2, 16, 3], "texture": "#bottom"}
			}
		},
		{
			"name": "a3_4",
			"from": [11, 8, 3],
			"to": [14, 8.5, 7],
			"faces": {
				"north": {"uv": [14, 3, 11, 4], "texture": "#bottom"},
				"east": {"uv": [13, 3, 14, 7], "rotation": 90, "texture": "#bottom"},
				"south": {"uv": [11, 6, 14, 7], "texture": "#bottom"},
				"west": {"uv": [11, 3, 12, 7], "rotation": 270, "texture": "#bottom"},
				"up": {"uv": [11, 3, 14, 7], "texture": "#bottom"}
			}
		},
		{
			"name": "a3_5",
			"from": [10, 8, 4],
			"to": [11, 8.5, 5],
			"faces": {
				"north": {"uv": [11, 4, 10, 5], "texture": "#bottom"},
				"south": {"uv": [10, 4, 11, 5], "texture": "#bottom"},
				"west": {"uv": [10, 4, 11, 5], "rotation": 270, "texture": "#bottom"},
				"up": {"uv": [10, 4, 11, 5], "texture": "#bottom"}
			}
		},
		{
			"name": "a3_6",
			"from": [14, 8, 4],
			"to": [15, 8.5, 5],
			"faces": {
				"north": {"uv": [15, 4, 14, 5], "texture": "#bottom"},
				"east": {"uv": [14, 4, 15, 5], "rotation": 90, "texture": "#bottom"},
				"south": {"uv": [14, 4, 15, 5], "texture": "#bottom"},
				"up": {"uv": [14, 4, 15, 5], "texture": "#bottom"}
			}
		},
		{
			"name": "a3_7",
			"from": [15, 8, 5],
			"to": [16, 8.5, 8],
			"faces": {
				"north": {"uv": [16, 5, 15, 6], "texture": "#bottom"},
				"east": {"uv": [15, 5, 16, 8], "rotation": 90, "texture": "#bottom"},
				"west": {"uv": [15, 5, 16, 8], "rotation": 270, "texture": "#bottom"},
				"up": {"uv": [15, 5, 16, 8], "texture": "#bottom"}
			}
		},
		{
			"name": "a3_8",
			"from": [8, 8, 7],
			"to": [11, 8.5, 8],
			"faces": {
				"north": {"uv": [11, 7, 8, 8], "texture": "#bottom"},
				"east": {"uv": [10, 7, 11, 8], "rotation": 90, "texture": "#bottom"},
				"west": {"uv": [8, 7, 9, 8], "rotation": 270, "texture": "#bottom"},
				"up": {"uv": [8, 7, 11, 8], "texture": "#bottom"}
			}
		},
		{
			"name": "a7_0",
			"from": [8, 16, 8],
			"to": [10, 16.5, 10],
			"faces": {
				"north": {"uv": [10, 8, 8, 9], "texture": "#bottom", "cullface": "up"},
				"east": {"uv": [9, 8, 10, 10], "rotation": 90, "texture": "#bottom", "cullface": "up"},
				"south": {"uv": [8, 9, 10, 10], "texture": "#bottom", "cullface": "up"},
				"west": {"uv": [8, 8, 9, 10], "rotation": 270, "texture": "#bottom", "cullface": "up"},
				"up": {"uv": [8, 8, 10, 10], "texture": "#bottom", "cullface": "up"}
			}
		},
		{
			"name": "a7_1",
			"from": [10, 16, 8],
			"to": [12, 16.5, 9],
			"faces": {
				"north": {"uv": [12, 8, 10, 9], "texture": "#bottom", "cullface": "up"},
				"east": {"uv": [11, 8, 12, 9], "rotation": 90, "texture": "#bottom", "cullface": "up"},
				"south": {"uv": [10, 8, 12, 9], "texture": "#bottom", "cullface": "up"},
				"up": {"uv": [10, 8, 12, 9], "texture": "#bottom", "cullface": "up"}
			}
		},
		{
			"name": "a7_2",
			"from": [15, 16, 8],
			"to": [16, 16.5, 9],
			"faces": {
				"north": {"uv": [16, 8, 15, 9], "texture": "#bottom", "cullface": "up"},
				"east": {"uv": [15, 8, 16, 9], "rotation": 90, "texture": "#bottom", "cullface": "up"},
				"south": {"uv": [15, 8, 16, 9], "texture": "#bottom", "cullface": "up"},
				"west": {"uv": [15, 8, 16, 9], "rotation": 270, "texture": "#bottom", "cullface": "up"},
				"up": {"uv": [15, 8, 16, 9], "texture": "#bottom", "cullface": "up"}
			}
		},
		{
			"name": "a7_3",
			"from": [13, 16, 9],
			"to": [15, 16.5, 12],
			"faces": {
				"north": {"uv": [15, 9, 13, 10], "texture": "#bottom", "cullface": "up"},
				"east": {"uv": [14, 9, 15, 12], "rotation": 90, "texture": "#bottom", "cullface": "up"},
				"south": {"uv": [13, 11, 15, 12], "texture": "#bottom", "cullface": "up"},
				"west": {"uv": [13, 9, 14, 12], "rotation": 270, "texture": "#bottom", "cullface": "up"},
				"up": {"uv": [13, 9, 15, 12], "texture": "#bottom", "cullface": "up"}
			}
		},
		{
			"name": "a7_4",
			"from": [15, 16, 10],
			"to": [16, 16.5, 11],
			"faces": {
				"north": {"uv": [16, 10, 15, 11], "texture": "#bottom", "cullface": "up"},
				"east": {"uv": [15, 10, 16, 11], "rotation": 90, "texture": "#bottom", "cullface": "up"},
				"south": {"uv": [15, 10, 16, 11], "texture": "#bottom", "cullface": "up"},
				"up": {"uv": [15, 10, 16, 11], "texture": "#bottom", "cullface": "up"}
			}
		},
		{
			"name": "a7_5",
			"from": [8, 16, 11],
			"to": [9, 16.5, 15],
			"faces": {
				"north": {"uv": [9, 11, 8, 12], "texture": "#bottom", "cullface": "up"},
				"east": {"uv": [8, 11, 9, 15], "rotation": 90, "texture": "#bottom", "cullface": "up"},
				"south": {"uv": [8, 14, 9, 15], "texture": "#bottom", "cullface": "up"},
				"west": {"uv": [8, 11, 9, 15], "rotation": 270, "texture": "#bottom", "cullface": "up"},
				"up": {"uv": [8, 11, 9, 15], "texture": "#bottom", "cullface": "up"}
			}
		},
		{
			"name": "a7_6",
			"from": [12, 16, 11],
			"to": [13, 16.5, 13],
			"faces": {
				"north": {"uv": [13, 11, 12, 12], "texture": "#bottom", "cullface": "up"},
				"south": {"uv": [12, 12, 13, 13], "texture": "#bottom", "cullface": "up"},
				"west": {"uv": [12, 11, 13, 13], "rotation": 270, "texture": "#bottom", "cullface": "up"},
				"up": {"uv": [12, 11, 13, 13], "texture": "#bottom", "cullface": "up"}
			}
		},
		{
			"name": "a7_7",
			"from": [9, 16, 12],
			"to": [10, 16.5, 15],
			"faces": {
				"north": {"uv": [10, 12, 9, 13], "texture": "#bottom", "cullface": "up"},
				"east": {"uv": [9, 12, 10, 15], "rotation": 90, "texture": "#bottom", "cullface": "up"},
				"south": {"uv": [9, 14, 10, 15], "texture": "#bottom", "cullface": "up"},
				"up": {"uv": [9, 12, 10, 15], "texture": "#bottom", "cullface": "up"}
			}
		},
		{
			"name": "a7_8",
			"from": [13, 16, 12],
			"to": [14, 16.5, 13],
			"faces": {
				"east": {"uv": [13, 12, 14, 13], "rotation": 90, "texture": "#bottom", "cullface": "up"},
				"south": {"uv": [13, 12, 14, 13], "texture": "#bottom", "cullface": "up"},
				"up": {"uv": [13, 12, 14, 13], "texture": "#bottom", "cullface": "up"}
			}
		},
		{
			"name": "a7_9",
			"from": [10, 16, 13],
			"to": [11, 16.5, 14],
			"faces": {
				"north": {"uv": [11, 13, 10, 14], "texture": "#bottom", "cullface": "up"},
				"east": {"uv": [10, 13, 11, 14], "rotation": 90, "texture": "#bottom", "cullface": "up"},
				"south": {"uv": [10, 13, 11, 14], "texture": "#bottom", "cullface": "up"},
				"up": {"uv": [10, 13, 11, 14], "texture": "#bottom", "cullface": "up"}
			}
		},
		{
			"name": "a7_10",
			"from": [12, 16, 14],
			"to": [14, 16.5, 16],
			"faces": {
				"north": {"uv": [14, 14, 12, 15], "texture": "#bottom", "cullface": "up"},
				"east": {"uv": [13, 14, 14, 16], "rotation": 90, "texture": "#bottom", "cullface": "up"},
				"south": {"uv": [12, 15, 14, 16], "texture": "#bottom", "cullface": "up"},
				"west": {"uv": [12, 14, 13, 16], "rotation": 270, "texture": "#bottom", "cullface": "up"},
				"up": {"uv": [12, 14, 14, 16], "texture": "#bottom", "cullface": "up"}
			}
		},
		{
			"name": "a7_11",
			"from": [11, 16, 15],
			"to": [12, 16.5, 16],
			"faces": {
				"north": {"uv": [12, 15, 11, 16], "texture": "#bottom", "cullface": "up"},
				"south": {"uv": [11, 15, 12, 16], "texture": "#bottom", "cullface": "up"},
				"west": {"uv": [11, 15, 12, 16], "rotation": 270, "texture": "#bottom", "cullface": "up"},
				"up": {"uv": [11, 15, 12, 16], "texture": "#bottom", "cullface": "up"}
			}
		},
		{
			"name": "a7_12",
			"from": [14, 16, 15],
			"to": [15, 16.5, 16],
			"faces": {
				"north": {"uv": [15, 15, 14, 16], "texture": "#bottom", "cullface": "up"},
				"east": {"uv": [14, 15, 15, 16], "rotation": 90, "texture": "#bottom", "cullface": "up"},
				"south": {"uv": [14, 15, 15, 16], "texture": "#bottom", "cullface": "up"},
				"up": {"uv": [14, 15, 15, 16], "texture": "#bottom", "cullface": "up"}
			}
		},
		{
			"name": "a3_0",
			"from": [7.5, 14, 8],
			"to": [8, 16, 11],
			"rotation": {"angle": 0, "axis": "y", "origin": [0, 8, 8]},
			"faces": {
				"north": {"uv": [8, 0, 9, 2], "texture": "#bottom"},
				"south": {"uv": [10, 0, 11, 2], "texture": "#bottom"},
				"west": {"uv": [8, 0, 11, 2], "texture": "#bottom"},
				"up": {"uv": [11, 0, 8, 1], "rotation": 270, "texture": "#bottom"},
				"down": {"uv": [8, 1, 11, 2], "rotation": 270, "texture": "#bottom"}
			}
		},
		{
			"name": "a3_1",
			"from": [7.5, 14, 13],
			"to": [8, 16, 16],
			"rotation": {"angle": 0, "axis": "y", "origin": [0, 8, 8]},
			"faces": {
				"north": {"uv": [13, 0, 14, 2], "texture": "#bottom"},
				"south": {"uv": [15, 0, 16, 2], "texture": "#bottom"},
				"west": {"uv": [13, 0, 16, 2], "texture": "#bottom"},
				"up": {"uv": [16, 0, 13, 1], "rotation": 270, "texture": "#bottom"},
				"down": {"uv": [13, 1, 16, 2], "rotation": 270, "texture": "#bottom"}
			}
		},
		{
			"name": "a3_2",
			"from": [7.5, 12, 8],
			"to": [8, 14, 10],
			"rotation": {"angle": 0, "axis": "y", "origin": [0, 8, 8]},
			"faces": {
				"north": {"uv": [8, 2, 9, 4], "texture": "#bottom"},
				"south": {"uv": [9, 2, 10, 4], "texture": "#bottom"},
				"west": {"uv": [8, 2, 10, 4], "texture": "#bottom"},
				"down": {"uv": [8, 3, 10, 4], "rotation": 270, "texture": "#bottom"}
			}
		},
		{
			"name": "a3_3",
			"from": [7.5, 13, 14],
			"to": [8, 14, 16],
			"rotation": {"angle": 0, "axis": "y", "origin": [0, 8, 8]},
			"faces": {
				"north": {"uv": [14, 2, 15, 3], "texture": "#bottom"},
				"south": {"uv": [15, 2, 16, 3], "texture": "#bottom"},
				"west": {"uv": [14, 2, 16, 3], "texture": "#bottom"},
				"down": {"uv": [14, 2, 16, 3], "rotation": 270, "texture": "#bottom"}
			}
		},
		{
			"name": "a3_4",
			"from": [7.5, 9, 11],
			"to": [8, 13, 14],
			"rotation": {"angle": 0, "axis": "y", "origin": [0, 8, 8]},
			"faces": {
				"north": {"uv": [11, 3, 12, 7], "texture": "#bottom"},
				"south": {"uv": [13, 3, 14, 7], "texture": "#bottom"},
				"west": {"uv": [11, 3, 14, 7], "texture": "#bottom"},
				"up": {"uv": [14, 3, 11, 4], "rotation": 270, "texture": "#bottom"},
				"down": {"uv": [11, 6, 14, 7], "rotation": 270, "texture": "#bottom"}
			}
		},
		{
			"name": "a3_5",
			"from": [7.5, 11, 10],
			"to": [8, 12, 11],
			"rotation": {"angle": 0, "axis": "y", "origin": [0, 8, 8]},
			"faces": {
				"north": {"uv": [10, 4, 11, 5], "texture": "#bottom"},
				"west": {"uv": [10, 4, 11, 5], "texture": "#bottom"},
				"up": {"uv": [11, 4, 10, 5], "rotation": 270, "texture": "#bottom"},
				"down": {"uv": [10, 4, 11, 5], "rotation": 270, "texture": "#bottom"}
			}
		},
		{
			"name": "a3_6",
			"from": [7.5, 11, 14],
			"to": [8, 12, 15],
			"rotation": {"angle": 0, "axis": "y", "origin": [0, 8, 8]},
			"faces": {
				"south": {"uv": [14, 4, 15, 5], "texture": "#bottom"},
				"west": {"uv": [14, 4, 15, 5], "texture": "#bottom"},
				"up": {"uv": [15, 4, 14, 5], "rotation": 270, "texture": "#bottom"},
				"down": {"uv": [14, 4, 15, 5], "rotation": 270, "texture": "#bottom"}
			}
		},
		{
			"name": "a3_7",
			"from": [7.5, 8, 15],
			"to": [8, 11, 16],
			"rotation": {"angle": 0, "axis": "y", "origin": [0, 8, 8]},
			"faces": {
				"north": {"uv": [15, 5, 16, 8], "texture": "#bottom"},
				"south": {"uv": [15, 5, 16, 8], "texture": "#bottom"},
				"west": {"uv": [15, 5, 16, 8], "texture": "#bottom"},
				"up": {"uv": [16, 5, 15, 6], "rotation": 270, "texture": "#bottom"}
			}
		},
		{
			"name": "a3_8",
			"from": [7.5, 8, 8],
			"to": [8, 9, 11],
			"rotation": {"angle": 0, "axis": "y", "origin": [0, 8, 8]},
			"faces": {
				"north": {"uv": [8, 7, 9, 8], "texture": "#bottom"},
				"south": {"uv": [10, 7, 11, 8], "texture": "#bottom"},
				"west": {"uv": [8, 7, 11, 8], "texture": "#bottom"},
				"up": {"uv": [11, 7, 8, 8], "rotation": 270, "texture": "#bottom"}
			}
		},
		{
			"name": "a4_0",
			"from": [12, 12, 7.5],
			"to": [14, 16, 8],
			"faces": {
				"north": {"uv": [2, 0, 4, 4], "texture": "#bottom"},
				"east": {"uv": [2, 0, 3, 4], "texture": "#bottom"},
				"west": {"uv": [3, 0, 4, 4], "texture": "#bottom"},
				"up": {"uv": [4, 0, 2, 1], "texture": "#bottom"},
				"down": {"uv": [2, 3, 4, 4], "rotation": 180, "texture": "#bottom"}
			}
		},
		{
			"name": "a4_1",
			"from": [8, 11, 7.5],
			"to": [9, 16, 8],
			"faces": {
				"north": {"uv": [7, 0, 8, 5], "texture": "#bottom"},
				"east": {"uv": [7, 0, 8, 5], "texture": "#bottom"},
				"west": {"uv": [7, 0, 8, 5], "texture": "#bottom"},
				"up": {"uv": [8, 0, 7, 1], "texture": "#bottom"},
				"down": {"uv": [7, 4, 8, 5], "rotation": 180, "texture": "#bottom"}
			}
		},
		{
			"name": "a4_2",
			"from": [14, 13, 7.5],
			"to": [15, 15, 8],
			"faces": {
				"north": {"uv": [1, 1, 2, 3], "texture": "#bottom"},
				"east": {"uv": [1, 1, 2, 3], "texture": "#bottom"},
				"up": {"uv": [2, 1, 1, 2], "texture": "#bottom"},
				"down": {"uv": [1, 2, 2, 3], "rotation": 180, "texture": "#bottom"}
			}
		},
		{
			"name": "a4_3",
			"from": [11, 13, 7.5],
			"to": [12, 15, 8],
			"faces": {
				"north": {"uv": [4, 1, 5, 3], "texture": "#bottom"},
				"west": {"uv": [4, 1, 5, 3], "texture": "#bottom"},
				"up": {"uv": [5, 1, 4, 2], "texture": "#bottom"},
				"down": {"uv": [4, 2, 5, 3], "rotation": 180, "texture": "#bottom"}
			}
		},
		{
			"name": "a4_4",
			"from": [9, 12, 7.5],
			"to": [10, 15, 8],
			"faces": {
				"north": {"uv": [6, 1, 7, 4], "texture": "#bottom"},
				"east": {"uv": [6, 1, 7, 4], "texture": "#bottom"},
				"up": {"uv": [7, 1, 6, 2], "texture": "#bottom"},
				"down": {"uv": [6, 3, 7, 4], "rotation": 180, "texture": "#bottom"}
			}
		},
		{
			"name": "a4_5",
			"from": [10, 8, 7.5],
			"to": [12, 12, 8],
			"faces": {
				"north": {"uv": [4, 4, 6, 8], "texture": "#bottom"},
				"east": {"uv": [4, 4, 5, 8], "texture": "#bottom"},
				"west": {"uv": [5, 4, 6, 8], "texture": "#bottom"},
				"up": {"uv": [6, 4, 4, 5], "texture": "#bottom"}
			}
		},
		{
			"name": "a4_6",
			"from": [15, 8, 7.5],
			"to": [16, 11, 8],
			"faces": {
				"north": {"uv": [0, 5, 1, 8], "texture": "#bottom"},
				"east": {"uv": [0, 5, 1, 8], "texture": "#bottom"},
				"west": {"uv": [0, 5, 1, 8], "texture": "#bottom"},
				"up": {"uv": [1, 5, 0, 6], "texture": "#bottom"}
			}
		},
		{
			"name": "a4_7",
			"from": [12, 10, 7.5],
			"to": [14, 11, 8],
			"faces": {
				"north": {"uv": [2, 5, 4, 6], "texture": "#bottom"},
				"east": {"uv": [2, 5, 3, 6], "texture": "#bottom"},
				"up": {"uv": [4, 5, 2, 6], "texture": "#bottom"},
				"down": {"uv": [2, 5, 4, 6], "rotation": 180, "texture": "#bottom"}
			}
		},
		{
			"name": "a4_8",
			"from": [14, 8, 7.5],
			"to": [15, 10, 8],
			"faces": {
				"north": {"uv": [1, 6, 2, 8], "texture": "#bottom"},
				"west": {"uv": [1, 6, 2, 8], "texture": "#bottom"},
				"up": {"uv": [2, 6, 1, 7], "texture": "#bottom"}
			}
		},
		{
			"name": "a4_9",
			"from": [12, 9, 7.5],
			"to": [13, 10, 8],
			"faces": {
				"north": {"uv": [3, 6, 4, 7], "texture": "#bottom"},
				"east": {"uv": [3, 6, 4, 7], "texture": "#bottom"},
				"down": {"uv": [3, 6, 4, 7], "rotation": 180, "texture": "#bottom"}
			}
		},
		{
			"name": "a4_0",
			"from": [16, 12, 12],
			"to": [16.5, 16, 14],
			"rotation": {"angle": 0, "axis": "y", "origin": [24, 8, 8]},
			"faces": {
				"north": {"uv": [3, 0, 4, 4], "texture": "#bottom", "cullface": "east"},
				"east": {"uv": [2, 0, 4, 4], "texture": "#bottom", "cullface": "east"},
				"south": {"uv": [2, 0, 3, 4], "texture": "#bottom", "cullface": "east"},
				"up": {"uv": [4, 0, 2, 1], "rotation": 90, "texture": "#bottom", "cullface": "east"},
				"down": {"uv": [2, 3, 4, 4], "rotation": 90, "texture": "#bottom", "cullface": "east"}
			}
		},
		{
			"name": "a4_1",
			"from": [16, 11, 8],
			"to": [16.5, 16, 9],
			"rotation": {"angle": 0, "axis": "y", "origin": [24, 8, 8]},
			"faces": {
				"north": {"uv": [7, 0, 8, 5], "texture": "#bottom", "cullface": "east"},
				"east": {"uv": [7, 0, 8, 5], "texture": "#bottom", "cullface": "east"},
				"south": {"uv": [7, 0, 8, 5], "texture": "#bottom", "cullface": "east"},
				"up": {"uv": [8, 0, 7, 1], "rotation": 90, "texture": "#bottom", "cullface": "east"},
				"down": {"uv": [7, 4, 8, 5], "rotation": 90, "texture": "#bottom", "cullface": "east"}
			}
		},
		{
			"name": "a4_2",
			"from": [16, 13, 14],
			"to": [16.5, 15, 15],
			"rotation": {"angle": 0, "axis": "y", "origin": [24, 8, 8]},
			"faces": {
				"east": {"uv": [1, 1, 2, 3], "texture": "#bottom", "cullface": "east"},
				"south": {"uv": [1, 1, 2, 3], "texture": "#bottom", "cullface": "east"},
				"up": {"uv": [2, 1, 1, 2], "rotation": 90, "texture": "#bottom", "cullface": "east"},
				"down": {"uv": [1, 2, 2, 3], "rotation": 90, "texture": "#bottom", "cullface": "east"}
			}
		},
		{
			"name": "a4_3",
			"from": [16, 13, 11],
			"to": [16.5, 15, 12],
			"rotation": {"angle": 0, "axis": "y", "origin": [24, 8, 8]},
			"faces": {
				"north": {"uv": [4, 1, 5, 3], "texture": "#bottom", "cullface": "east"},
				"east": {"uv": [4, 1, 5, 3], "texture": "#bottom", "cullface": "east"},
				"up": {"uv": [5, 1, 4, 2], "rotation": 90, "texture": "#bottom", "cullface": "east"},
				"down": {"uv": [4, 2, 5, 3], "rotation": 90, "texture": "#bottom", "cullface": "east"}
			}
		},
		{
			"name": "a4_4",
			"from": [16, 12, 9],
			"to": [16.5, 15, 10],
			"rotation": {"angle": 0, "axis": "y", "origin": [24, 8, 8]},
			"faces": {
				"east": {"uv": [6, 1, 7, 4], "texture": "#bottom", "cullface": "east"},
				"south": {"uv": [6, 1, 7, 4], "texture": "#bottom", "cullface": "east"},
				"up": {"uv": [7, 1, 6, 2], "rotation": 90, "texture": "#bottom", "cullface": "east"},
				"down": {"uv": [6, 3, 7, 4], "rotation": 90, "texture": "#bottom", "cullface": "east"}
			}
		},
		{
			"name": "a4_5",
			"from": [16, 8, 10],
			"to": [16.5, 12, 12],
			"rotation": {"angle": 0, "axis": "y", "origin": [24, 8, 8]},
			"faces": {
				"north": {"uv": [5, 4, 6, 8], "texture": "#bottom", "cullface": "east"},
				"east": {"uv": [4, 4, 6, 8], "texture": "#bottom", "cullface": "east"},
				"south": {"uv": [4, 4, 5, 8], "texture": "#bottom", "cullface": "east"},
				"up": {"uv": [6, 4, 4, 5], "rotation": 90, "texture": "#bottom", "cullface": "east"},
				"down": {"uv": [4, 7, 6, 8], "rotation": 90, "texture": "#bottom", "cullface": "east"}
			}
		},
		{
			"name": "a4_6",
			"from": [16, 8, 15],
			"to": [16.5, 11, 16],
			"rotation": {"angle": 0, "axis": "y", "origin": [24, 8, 8]},
			"faces": {
				"north": {"uv": [0, 5, 1, 8], "texture": "#bottom", "cullface": "east"},
				"east": {"uv": [0, 5, 1, 8], "texture": "#bottom", "cullface": "east"},
				"south": {"uv": [0, 5, 1, 8], "texture": "#bottom", "cullface": "east"},
				"up": {"uv": [1, 5, 0, 6], "rotation": 90, "texture": "#bottom", "cullface": "east"},
				"down": {"uv": [0, 7, 1, 8], "rotation": 90, "texture": "#bottom", "cullface": "east"}
			}
		},
		{
			"name": "a4_7",
			"from": [16, 10, 12],
			"to": [16.5, 11, 14],
			"rotation": {"angle": 0, "axis": "y", "origin": [24, 8, 8]},
			"faces": {
				"east": {"uv": [2, 5, 4, 6], "texture": "#bottom", "cullface": "east"},
				"south": {"uv": [2, 5, 3, 6], "texture": "#bottom", "cullface": "east"},
				"up": {"uv": [4, 5, 2, 6], "rotation": 90, "texture": "#bottom", "cullface": "east"},
				"down": {"uv": [2, 5, 4, 6], "rotation": 90, "texture": "#bottom", "cullface": "east"}
			}
		},
		{
			"name": "a4_8",
			"from": [16, 8, 14],
			"to": [16.5, 10, 15],
			"rotation": {"angle": 0, "axis": "y", "origin": [24, 8, 8]},
			"faces": {
				"north": {"uv": [1, 6, 2, 8], "texture": "#bottom", "cullface": "east"},
				"east": {"uv": [1, 6, 2, 8], "texture": "#bottom", "cullface": "east"},
				"up": {"uv": [2, 6, 1, 7], "rotation": 90, "texture": "#bottom", "cullface": "east"},
				"down": {"uv": [1, 7, 2, 8], "rotation": 90, "texture": "#bottom", "cullface": "east"}
			}
		},
		{
			"name": "a4_9",
			"from": [16, 9, 12],
			"to": [16.5, 10, 13],
			"rotation": {"angle": 0, "axis": "y", "origin": [24, 8, 8]},
			"faces": {
				"east": {"uv": [3, 6, 4, 7], "texture": "#bottom", "cullface": "east"},
				"south": {"uv": [3, 6, 4, 7], "texture": "#bottom", "cullface": "east"},
				"down": {"uv": [3, 6, 4, 7], "rotation": 90, "texture": "#bottom", "cullface": "east"}
			}
		},
		{
			"name": "a3_0",
			"from": [8, 14, 16],
			"to": [11, 16, 16.5],
			"rotation": {"angle": 0, "axis": "x", "origin": [8, 8, 24]},
			"faces": {
				"east": {"uv": [10, 0, 11, 2], "texture": "#bottom", "cullface": "south"},
				"south": {"uv": [8, 0, 11, 2], "texture": "#bottom", "cullface": "south"},
				"west": {"uv": [8, 0, 9, 2], "texture": "#bottom", "cullface": "south"},
				"up": {"uv": [11, 0, 8, 1], "rotation": 180, "texture": "#bottom", "cullface": "south"},
				"down": {"uv": [8, 1, 11, 2], "texture": "#bottom", "cullface": "south"}
			}
		},
		{
			"name": "a3_1",
			"from": [13, 14, 16],
			"to": [16, 16, 16.5],
			"rotation": {"angle": 0, "axis": "x", "origin": [8, 8, 24]},
			"faces": {
				"east": {"uv": [15, 0, 16, 2], "texture": "#bottom", "cullface": "south"},
				"south": {"uv": [13, 0, 16, 2], "texture": "#bottom", "cullface": "south"},
				"west": {"uv": [13, 0, 14, 2], "texture": "#bottom", "cullface": "south"},
				"up": {"uv": [16, 0, 13, 1], "rotation": 180, "texture": "#bottom", "cullface": "south"},
				"down": {"uv": [13, 1, 16, 2], "texture": "#bottom", "cullface": "south"}
			}
		},
		{
			"name": "a3_2",
			"from": [8, 12, 16],
			"to": [10, 14, 16.5],
			"rotation": {"angle": 0, "axis": "x", "origin": [8, 8, 24]},
			"faces": {
				"east": {"uv": [9, 2, 10, 4], "texture": "#bottom", "cullface": "south"},
				"south": {"uv": [8, 2, 10, 4], "texture": "#bottom", "cullface": "south"},
				"west": {"uv": [8, 2, 9, 4], "texture": "#bottom", "cullface": "south"},
				"down": {"uv": [8, 3, 10, 4], "texture": "#bottom", "cullface": "south"}
			}
		},
		{
			"name": "a3_3",
			"from": [14, 13, 16],
			"to": [16, 14, 16.5],
			"rotation": {"angle": 0, "axis": "x", "origin": [8, 8, 24]},
			"faces": {
				"east": {"uv": [15, 2, 16, 3], "texture": "#bottom", "cullface": "south"},
				"south": {"uv": [14, 2, 16, 3], "texture": "#bottom", "cullface": "south"},
				"west": {"uv": [14, 2, 15, 3], "texture": "#bottom", "cullface": "south"},
				"down": {"uv": [14, 2, 16, 3], "texture": "#bottom", "cullface": "south"}
			}
		},
		{
			"name": "a3_4",
			"from": [11, 9, 16],
			"to": [14, 13, 16.5],
			"rotation": {"angle": 0, "axis": "x", "origin": [8, 8, 24]},
			"faces": {
				"east": {"uv": [13, 3, 14, 7], "texture": "#bottom", "cullface": "south"},
				"south": {"uv": [11, 3, 14, 7], "texture": "#bottom", "cullface": "south"},
				"west": {"uv": [11, 3, 12, 7], "texture": "#bottom", "cullface": "south"},
				"up": {"uv": [14, 3, 11, 4], "rotation": 180, "texture": "#bottom", "cullface": "south"},
				"down": {"uv": [11, 6, 14, 7], "texture": "#bottom", "cullface": "south"}
			}
		},
		{
			"name": "a3_5",
			"from": [10, 11, 16],
			"to": [11, 12, 16.5],
			"rotation": {"angle": 0, "axis": "x", "origin": [8, 8, 24]},
			"faces": {
				"south": {"uv": [10, 4, 11, 5], "texture": "#bottom", "cullface": "south"},
				"west": {"uv": [10, 4, 11, 5], "texture": "#bottom", "cullface": "south"},
				"up": {"uv": [11, 4, 10, 5], "rotation": 180, "texture": "#bottom", "cullface": "south"},
				"down": {"uv": [10, 4, 11, 5], "texture": "#bottom", "cullface": "south"}
			}
		},
		{
			"name": "a3_6",
			"from": [14, 11, 16],
			"to": [15, 12, 16.5],
			"rotation": {"angle": 0, "axis": "x", "origin": [8, 8, 24]},
			"faces": {
				"east": {"uv": [14, 4, 15, 5], "texture": "#bottom", "cullface": "south"},
				"south": {"uv": [14, 4, 15, 5], "texture": "#bottom", "cullface": "south"},
				"up": {"uv": [15, 4, 14, 5], "rotation": 180, "texture": "#bottom", "cullface": "south"},
				"down": {"uv": [14, 4, 15, 5], "texture": "#bottom", "cullface": "south"}
			}
		},
		{
			"name": "a3_7",
			"from": [15, 8, 16],
			"to": [16, 11, 16.5],
			"rotation": {"angle": 0, "axis": "x", "origin": [8, 8, 24]},
			"faces": {
				"east": {"uv": [15, 5, 16, 8], "texture": "#bottom", "cullface": "south"},
				"south": {"uv": [15, 5, 16, 8], "texture": "#bottom", "cullface": "south"},
				"west": {"uv": [15, 5, 16, 8], "texture": "#bottom", "cullface": "south"},
				"up": {"uv": [16, 5, 15, 6], "rotation": 180, "texture": "#bottom", "cullface": "south"}
			}
		},
		{
			"name": "a3_8",
			"from": [8, 8, 16],
			"to": [11, 9, 16.5],
			"rotation": {"angle": 0, "axis": "x", "origin": [8, 8, 24]},
			"faces": {
				"east": {"uv": [10, 7, 11, 8], "texture": "#bottom", "cullface": "south"},
				"south": {"uv": [8, 7, 11, 8], "texture": "#bottom", "cullface": "south"},
				"west": {"uv": [8, 7, 9, 8], "texture": "#bottom", "cullface": "south"},
				"up": {"uv": [11, 7, 8, 8], "rotation": 180, "texture": "#bottom", "cullface": "south"}
			}
		}
	],
	"groups": [
		{
			"name": "outer_stairs",
			"origin": [8, 8, 8],
			"color": 0,
			"children": [0, 1]
		},
		{
			"name": "3d",
			"origin": [8, 8, 8],
			"color": 0,
			"children": [
				{
					"name": "a2",
					"origin": [8, 8, 8],
					"color": 0,
					"children": [2, 3, 4, 5, 6, 7, 8, 9, 10, 11, 12, 13, 14, 15, 16, 17, 18, 19, 20, 21]
				},
				{
					"name": "a2",
					"origin": [8, 8, 8],
					"color": 0,
					"children": [22, 23, 24, 25, 26, 27, 28, 29, 30, 31, 32, 33, 34, 35, 36, 37, 38, 39, 40, 41]
				},
				{
					"name": "a2",
					"origin": [8, 8, 8],
					"color": 0,
					"children": [42, 43, 44, 45, 46, 47, 48, 49, 50, 51, 52, 53, 54, 55, 56, 57, 58, 59, 60, 61]
				},
				{
					"name": "a2",
					"origin": [8, 8, 8],
					"color": 0,
					"children": [62, 63, 64, 65, 66, 67, 68, 69, 70, 71, 72, 73, 74, 75, 76, 77, 78, 79, 80, 81]
				},
				{
					"name": "cobb",
					"origin": [8, 8, 8],
					"color": 0,
					"children": [82, 83, 84, 85, 86, 87, 88, 89, 90, 91, 92, 93, 94, 95, 96, 97, 98, 99, 100, 101, 102, 103, 104, 105, 106, 107, 108, 109, 110, 111, 112, 113, 114, 115, 116, 117, 118, 119, 120]
				},
				{
					"name": "a5",
					"origin": [8, 8, 8],
					"color": 0,
					"children": [121, 122, 123, 124, 125, 126, 127, 128, 129, 130, 131, 132, 133, 134, 135, 136, 137, 138]
				},
				{
					"name": "a3",
					"origin": [8, 8, 8],
					"color": 0,
					"children": [139, 140, 141, 142, 143, 144, 145, 146, 147]
				},
				{
					"name": "a7",
					"origin": [8, 8, 8],
					"color": 0,
					"children": [148, 149, 150, 151, 152, 153, 154, 155, 156, 157, 158, 159, 160]
				},
				{
					"name": "a3",
					"origin": [8, 8, 8],
					"color": 0,
					"children": [161, 162, 163, 164, 165, 166, 167, 168, 169]
				},
				{
					"name": "a4",
					"origin": [8, 8, 8],
					"color": 0,
					"children": [170, 171, 172, 173, 174, 175, 176, 177, 178, 179]
				},
				{
					"name": "a4",
					"origin": [8, 8, 8],
					"color": 0,
					"children": [180, 181, 182, 183, 184, 185, 186, 187, 188, 189]
				},
				{
					"name": "a3",
					"origin": [8, 8, 8],
					"color": 0,
					"children": [190, 191, 192, 193, 194, 195, 196, 197, 198]
				}
			]
		}
	]
}