{
	"credit": "Made with Blockbench",
	"parent": "block/block",
	"textures": {
		"top": "block/composter_top",
		"bottom": "block/composter_bottom",
		"particle": "block/composter_side",
		"side": "block/composter_side"
	},
	"elements": [
		{
			"from": [1, 1, 1],
			"to": [2, 16, 15],
			"faces": {
				"north": {"uv": [14, 0, 15, 15], "texture": "#side", "cullface": "north"},
				"east": {"uv": [1, 0, 15, 15], "texture": "#side", "cullface": "up"},
				"south": {"uv": [1, 0, 2, 15], "texture": "#side", "cullface": "south"},
				"west": {"uv": [1, 0, 15, 15], "texture": "#side", "cullface": "west"},
				"up": {"uv": [1, 1, 2, 15], "texture": "#top", "cullface": "up"},
				"down": {"uv": [1, 1, 2, 15], "texture": "#bottom"}
			}
		},
		{
			"from": [14, 1, 1],
			"to": [15, 16, 15],
			"faces": {
				"north": {"uv": [1, 0, 2, 15], "texture": "#side", "cullface": "north"},
				"east": {"uv": [1, 0, 15, 15], "texture": "#side", "cullface": "east"},
				"south": {"uv": [14, 0, 15, 15], "texture": "#side", "cullface": "south"},
				"west": {"uv": [1, 0, 15, 15], "texture": "#side", "cullface": "up"},
				"up": {"uv": [14, 1, 15, 15], "texture": "#top", "cullface": "up"},
				"down": {"uv": [14, 1, 15, 15], "texture": "#bottom"}
			}
		},
		{
			"from": [2, 1, 1],
			"to": [14, 16, 2],
			"faces": {
				"north": {"uv": [2, 0, 14, 15], "texture": "#side", "cullface": "north"},
				"south": {"uv": [2, 0, 14, 15], "texture": "#side", "cullface": "up"},
				"up": {"uv": [2, 1, 14, 2], "texture": "#top", "cullface": "up"},
				"down": {"uv": [2, 14, 14, 15], "texture": "#bottom"}
			}
		},
		{
			"from": [2, 1, 14],
			"to": [14, 16, 15],
			"faces": {
				"north": {"uv": [2, 0, 14, 15], "texture": "#side", "cullface": "up"},
				"south": {"uv": [2, 0, 14, 15], "texture": "#side", "cullface": "south"},
				"up": {"uv": [2, 14, 14, 15], "texture": "#top", "cullface": "up"},
				"down": {"uv": [2, 1, 14, 2], "texture": "#bottom"}
			}
		},
		{
			"from": [0, 0, 0],
			"to": [1, 3, 16],
			"faces": {
				"north": {"uv": [15, 13, 16, 16], "texture": "#side", "cullface": "north"},
				"east": {"uv": [0, 13, 16, 16], "texture": "#side"},
				"south": {"uv": [0, 0, 1, 3], "texture": "#side", "cullface": "south"},
				"west": {"uv": [0, 13, 16, 16], "texture": "#side", "cullface": "west"},
				"up": {"uv": [0, 0, 1, 16], "texture": "#top"}
			}
		},
		{
			"from": [15, 0, 0],
			"to": [16, 3, 16],
			"faces": {
				"north": {"uv": [0, 13, 1, 16], "texture": "#side", "cullface": "north"},
				"east": {"uv": [0, 13, 16, 16], "texture": "#side", "cullface": "east"},
				"south": {"uv": [0, 0, 1, 3], "texture": "#side", "cullface": "south"},
				"west": {"uv": [0, 13, 16, 16], "texture": "#side"},
				"up": {"uv": [15, 0, 16, 16], "texture": "#top"}
			}
		},
		{
			"from": [1, 0, 0],
			"to": [15, 3, 1],
			"faces": {
				"north": {"uv": [1, 13, 15, 16], "texture": "#side", "cullface": "north"},
				"south": {"uv": [0, 0, 14, 3], "texture": "#side"},
				"up": {"uv": [1, 0, 15, 1], "texture": "#top"}
			}
		},
		{
			"from": [1, 0, 15],
			"to": [15, 3, 16],
			"faces": {
				"north": {"uv": [1, 13, 15, 16], "texture": "#side"},
				"south": {"uv": [0, 0, 14, 3], "texture": "#side", "cullface": "south"},
				"up": {"uv": [1, 15, 15, 16], "texture": "#top"}
			}
		},
		{
			"from": [1, 4, 15],
			"to": [15, 7, 16],
			"faces": {
				"south": {"uv": [0, 0, 14, 3], "texture": "#side", "cullface": "south"},
				"up": {"uv": [1, 15, 15, 16], "texture": "#top"},
				"down": {"uv": [1, 0, 15, 1], "texture": "#bottom"}
			}
		},
		{
			"from": [0, 4, 0],
			"to": [1, 7, 16],
			"faces": {
				"north": {"uv": [15, 9, 16, 12], "texture": "#side", "cullface": "north"},
				"south": {"uv": [0, 0, 1, 3], "texture": "#side", "cullface": "south"},
				"west": {"uv": [0, 9, 16, 12], "texture": "#side", "cullface": "west"},
				"up": {"uv": [0, 0, 1, 16], "texture": "#top"},
				"down": {"uv": [0, 0, 1, 16], "texture": "#bottom"}
			}
		},
		{
			"from": [15, 4, 0],
			"to": [16, 7, 16],
			"faces": {
				"north": {"uv": [0, 9, 1, 12], "texture": "#side", "cullface": "north"},
				"east": {"uv": [0, 9, 16, 12], "texture": "#side", "cullface": "east"},
				"south": {"uv": [0, 0, 1, 3], "texture": "#side", "cullface": "south"},
				"up": {"uv": [15, 0, 16, 16], "texture": "#top"},
				"down": {"uv": [15, 0, 16, 16], "texture": "#bottom"}
			}
		},
		{
			"from": [1, 4, 0],
			"to": [15, 7, 1],
			"faces": {
				"north": {"uv": [1, 9, 15, 12], "texture": "#side", "cullface": "north"},
				"up": {"uv": [1, 0, 15, 1], "texture": "#top"},
				"down": {"uv": [1, 15, 15, 16], "texture": "#bottom"}
			}
		},
		{
			"from": [1, 8, 15],
			"to": [15, 11, 16],
			"faces": {
				"south": {"uv": [0, 0, 14, 3], "texture": "#side", "cullface": "south"},
				"up": {"uv": [1, 15, 15, 16], "texture": "#top"},
				"down": {"uv": [1, 0, 15, 1], "texture": "#bottom"}
			}
		},
		{
			"from": [0, 8, 0],
			"to": [1, 11, 16],
			"faces": {
				"north": {"uv": [15, 5, 16, 8], "texture": "#side", "cullface": "north"},
				"south": {"uv": [0, 0, 1, 3], "texture": "#side", "cullface": "south"},
				"west": {"uv": [0, 5, 16, 8], "texture": "#side", "cullface": "west"},
				"up": {"uv": [0, 0, 1, 16], "texture": "#top"},
				"down": {"uv": [0, 0, 1, 16], "texture": "#bottom"}
			}
		},
		{
			"from": [15, 8, 0],
			"to": [16, 11, 16],
			"faces": {
				"north": {"uv": [0, 5, 1, 8], "texture": "#side", "cullface": "north"},
				"east": {"uv": [0, 5, 16, 8], "texture": "#side", "cullface": "east"},
				"south": {"uv": [0, 0, 1, 3], "texture": "#side", "cullface": "south"},
				"up": {"uv": [15, 0, 16, 16], "texture": "#top"},
				"down": {"uv": [15, 0, 16, 16], "texture": "#bottom"}
			}
		},
		{
			"from": [1, 8, 0],
			"to": [15, 11, 1],
			"faces": {
				"north": {"uv": [1, 5, 15, 8], "texture": "#side", "cullface": "north"},
				"up": {"uv": [1, 0, 15, 1], "texture": "#top"},
				"down": {"uv": [1, 15, 15, 16], "texture": "#bottom"}
			}
		},
		{
			"from": [1, 12, 15],
			"to": [15, 16, 16],
			"faces": {
				"south": {"uv": [1, 0, 15, 4], "texture": "#side", "cullface": "south"},
				"up": {"uv": [1, 15, 15, 16], "texture": "#top", "cullface": "up"},
				"down": {"uv": [1, 0, 15, 1], "texture": "#bottom"}
			}
		},
		{
			"from": [0, 12, 0],
			"to": [1, 16, 16],
			"faces": {
				"north": {"uv": [15, 0, 16, 4], "texture": "#side", "cullface": "north"},
				"south": {"uv": [0, 0, 1, 4], "texture": "#side", "cullface": "south"},
				"west": {"uv": [0, 0, 16, 4], "texture": "#side", "cullface": "west"},
				"up": {"uv": [0, 0, 1, 16], "texture": "#top", "cullface": "up"},
				"down": {"uv": [0, 0, 1, 16], "texture": "#bottom"}
			}
		},
		{
			"from": [15, 12, 0],
			"to": [16, 16, 16],
			"faces": {
				"north": {"uv": [0, 0, 1, 4], "texture": "#side", "cullface": "north"},
				"east": {"uv": [0, 0, 16, 4], "texture": "#side", "cullface": "east"},
				"south": {"uv": [15, 0, 16, 4], "texture": "#side", "cullface": "south"},
				"up": {"uv": [15, 0, 16, 16], "texture": "#top", "cullface": "up"},
				"down": {"uv": [15, 0, 16, 16], "texture": "#bottom"}
			}
		},
		{
			"from": [1, 12, 0],
			"to": [15, 16, 1],
			"faces": {
				"north": {"uv": [1, 0, 15, 4], "texture": "#side", "cullface": "north"},
				"up": {"uv": [1, 0, 15, 1], "texture": "#top", "cullface": "up"},
				"down": {"uv": [1, 15, 15, 16], "texture": "#bottom"}
			}
		},
		{
			"from": [0, 0, 0],
			"to": [0, 16, 16],
			"faces": {
				"east": {"uv": [0, 0, 16, 16], "texture": "#side"}
			}
		},
		{
			"from": [16, 0, 0],
			"to": [16, 16, 16],
			"faces": {
				"west": {"uv": [0, 0, 16, 16], "texture": "#side"}
			}
		},
		{
			"from": [0, 0, 0],
			"to": [16, 16, 0],
			"faces": {
				"south": {"uv": [0, 0, 16, 16], "texture": "#side"}
			}
		},
		{
			"from": [0, 0, 16],
			"to": [16, 16, 16],
			"faces": {
				"north": {"uv": [0, 0, 16, 16], "texture": "#side"}
			}
		},
		{
			"from": [0, 0, 0],
			"to": [16, 0, 16],
			"faces": {
				"up": {"uv": [0, 0, 16, 16], "texture": "#bottom", "cullface": "up"},
				"down": {"uv": [0, 0, 16, 16], "texture": "#bottom", "cullface": "down"}
			}
		}
	],
	"display": {
		"thirdperson_righthand": {
			"rotation": [75, 45, 0],
			"translation": [0, 2.5, 0],
			"scale": [0.375, 0.375, 0.375]
		},
		"thirdperson_lefthand": {
			"rotation": [75, 45, 0],
			"translation": [0, 2.5, 0],
			"scale": [0.375, 0.375, 0.375]
		},
		"firstperson_righthand": {
			"rotation": [0, 45, 0],
			"scale": [0.4, 0.4, 0.4]
		},
		"firstperson_lefthand": {
			"rotation": [0, 225, 0],
			"scale": [0.4, 0.4, 0.4]
		},
		"ground": {
			"translation": [0, 3, 0],
			"scale": [0.25, 0.25, 0.25]
		},
		"gui": {
			"rotation": [30, 225, 0],
			"scale": [0.625, 0.625, 0.625]
		},
		"fixed": {
			"scale": [0.5, 0.5, 0.5]
		}
	}
}