{
	"credit": "Made with Blockbench",
	"textures": {
		"0": "block/crafting_table_front",
		"1": "block/crafting_table_top",
		"2": "block/crafting_table_side",
		"3": "block/oak_planks",
		"particle": "block/crafting_table_front"
	},
	"elements": [
		{
			"from": [0, 0, 0],
			"to": [16, 16, 16],
			"rotation": {"angle": 0, "axis": "y", "origin": [4.0625, 9.5625, 0.5625]},
			"faces": {
				"north": {"uv": [0, 0, 16, 16], "texture": "#0", "cullface": "north"},
				"east": {"uv": [0, 0, 16, 16], "texture": "#0", "cullface": "east"},
				"south": {"uv": [0, 0, 16, 16], "texture": "#2", "cullface": "south"},
				"west": {"uv": [0, 0, 16, 16], "texture": "#2", "cullface": "west"},
				"up": {"uv": [0, 0, 16, 16], "texture": "#1", "cullface": "up"},
				"down": {"uv": [0, 0, 16, 16], "texture": "#3", "cullface": "down"}
			}
		},
		{
			"from": [2, 3, -1],
			"to": [3, 13, 0],
			"rotation": {"angle": 0, "axis": "y", "origin": [10, 11, 7]},
			"faces": {
				"north": {"uv": [13.032, 3.032, 13.968, 12.968], "texture": "#0", "cullface": "north"},
				"east": {"uv": [13.032, 3.032, 13.968, 12.968], "texture": "#0", "cullface": "north"},
				"west": {"uv": [13.032, 3.032, 13.968, 12.968], "texture": "#0", "cullface": "north"},
				"up": {"uv": [13.032, 3.032, 13.968, 3.968], "texture": "#0", "cullface": "north"},
				"down": {"uv": [13.032, 12.032, 13.968, 12.968], "texture": "#0", "cullface": "north"}
			}
		},
		{
			"from": [4, 7, -1],
			"to": [5, 13, 0],
			"rotation": {"angle": 0, "axis": "y", "origin": [12, 11, 7]},
			"faces": {
				"north": {"uv": [11.032, 3.032, 11.968, 8.968], "texture": "#0", "cullface": "north"},
				"east": {"uv": [11.032, 3.032, 11.968, 8.968], "texture": "#0", "cullface": "north"},
				"west": {"uv": [0.032, 0.032, 0.968, 5.968], "texture": "#0", "cullface": "north"},
				"up": {"uv": [11.032, 3.032, 11.968, 3.968], "texture": "#0", "cullface": "north"},
				"down": {"uv": [11.032, 8.032, 11.968, 8.968], "texture": "#0", "cullface": "north"}
			}
		},
		{
			"from": [3, 5, -1],
			"to": [4, 11, 0],
			"rotation": {"angle": 0, "axis": "y", "origin": [11, 9, 7]},
			"faces": {
				"north": {"uv": [12.032, 5.032, 12.968, 10.968], "texture": "#0", "cullface": "north"},
				"east": {"uv": [12.032, 5.032, 12.968, 10.968], "texture": "#0", "cullface": "north"},
				"up": {"uv": [12.032, 5.032, 12.968, 5.968], "texture": "#0", "cullface": "north"},
				"down": {"uv": [12.032, 10.032, 12.968, 10.968], "texture": "#0", "cullface": "north"}
			}
		},
		{
			"from": [3, 12, -1],
			"to": [4, 13, 0],
			"rotation": {"angle": 0, "axis": "y", "origin": [11, 11, 7]},
			"faces": {
				"north": {"uv": [12.032, 3.032, 12.968, 3.968], "texture": "#0", "cullface": "north"},
				"up": {"uv": [12.032, 3.032, 12.968, 3.968], "texture": "#0", "cullface": "north"},
				"down": {"uv": [12.032, 3.032, 12.968, 3.968], "texture": "#0", "cullface": "north"}
			}
		},
		{
			"from": [16, 3, 2],
			"to": [17, 13, 3],
			"rotation": {"angle": 0, "axis": "y", "origin": [24, 11, 10]},
			"faces": {
				"north": {"uv": [13.032, 3.032, 13.968, 12.968], "texture": "#0", "cullface": "east"},
				"east": {"uv": [13.032, 3.032, 13.968, 12.968], "texture": "#0", "cullface": "east"},
				"south": {"uv": [13.032, 3.032, 13.968, 12.968], "texture": "#0", "cullface": "east"},
				"up": {"uv": [13.032, 3.032, 13.968, 3.968], "texture": "#0", "cullface": "east"},
				"down": {"uv": [13.032, 12.032, 13.968, 12.968], "texture": "#0", "cullface": "east"}
			}
		},
		{
			"from": [16, 5, 3],
			"to": [17, 11, 4],
			"rotation": {"angle": 0, "axis": "y", "origin": [24, 11, 11]},
			"faces": {
				"east": {"uv": [12.032, 5.032, 12.968, 10.968], "texture": "#0", "cullface": "east"},
				"south": {"uv": [12.032, 5.032, 12.968, 10.968], "texture": "#0", "cullface": "east"},
				"up": {"uv": [12.032, 5.032, 12.968, 5.968], "texture": "#0", "cullface": "east"},
				"down": {"uv": [12.032, 10.032, 12.968, 10.968], "texture": "#0", "cullface": "east"}
			}
		},
		{
			"from": [16, 7, 4],
			"to": [17, 13, 5],
			"rotation": {"angle": 0, "axis": "y", "origin": [24, 13, 12]},
			"faces": {
				"north": {"uv": [11.032, 3.032, 11.968, 8.968], "texture": "#0", "cullface": "east"},
				"east": {"uv": [11.032, 3.032, 11.968, 8.968], "texture": "#0", "cullface": "east"},
				"south": {"uv": [11.032, 3.032, 11.968, 8.968], "texture": "#0", "cullface": "east"},
				"up": {"uv": [11.032, 3.032, 11.968, 3.968], "texture": "#0", "cullface": "east"},
				"down": {"uv": [11.032, 8.032, 11.968, 8.968], "texture": "#0", "cullface": "east"}
			}
		},
		{
			"from": [16, 12, 3],
			"to": [17, 13, 4],
			"rotation": {"angle": 0, "axis": "y", "origin": [24, 18, 11]},
			"faces": {
				"east": {"uv": [12.032, 3.032, 12.968, 3.968], "texture": "#0", "cullface": "east"},
				"up": {"uv": [12.032, 3.032, 12.968, 3.968], "texture": "#0", "cullface": "east"},
				"down": {"uv": [12.032, 3.032, 12.968, 3.968], "texture": "#0", "cullface": "east"}
			}
		},
		{
			"from": [4, 16, 0],
			"to": [12, 16.3, 3],
			"rotation": {"angle": 0, "axis": "y", "origin": [18, 24, 8]},
			"faces": {
				"north": {"uv": [0.032, 0.032, 7.968, 0.968], "texture": "#0", "cullface": "north"},
				"east": {"uv": [5.032, 0.032, 5.968, 0.968], "texture": "#0", "cullface": "up"},
				"west": {"uv": [0.032, 0.032, 2.968, 0.968], "texture": "#0", "cullface": "up"},
				"up": {"uv": [4.032, 0.032, 11.968, 2.968], "texture": "#1", "cullface": "up"}
			}
		},
		{
			"from": [4, 16, 13],
			"to": [12, 16.3, 16],
			"rotation": {"angle": 0, "axis": "y", "origin": [18, 24, 21]},
			"faces": {
				"east": {"uv": [0.032, 0.032, 2.968, 0.968], "texture": "#1", "cullface": "up"},
				"south": {"uv": [0.032, 0.032, 7.968, 0.968], "texture": "#1", "cullface": "up"},
				"west": {"uv": [0.032, 0.032, 2.968, 0.968], "texture": "#1", "cullface": "up"},
				"up": {"uv": [4.032, 13.032, 11.968, 15.968], "texture": "#1", "cullface": "up"}
			}
		},
		{
			"from": [0, 16, 4],
			"to": [3, 16.3, 12],
			"rotation": {"angle": 0, "axis": "y", "origin": [8, 24, 12]},
			"faces": {
				"north": {"uv": [5.032, 0.032, 5.968, 0.968], "texture": "#0", "cullface": "up"},
				"south": {"uv": [0.032, 0.032, 2.968, 0.968], "texture": "#0", "cullface": "up"},
				"west": {"uv": [0.032, 0.032, 7.968, 0.968], "texture": "#0", "cullface": "west"},
				"up": {"uv": [0.032, 4.032, 2.968, 11.968], "texture": "#1", "cullface": "up"}
			}
		},
		{
			"from": [13, 16, 4],
			"to": [16, 16.3, 12],
			"rotation": {"angle": 0, "axis": "y", "origin": [21, 24, 12]},
			"faces": {
				"north": {"uv": [0.032, 0.032, 2.968, 0.968], "texture": "#1", "cullface": "up"},
				"east": {"uv": [0.032, 0.032, 7.968, 0.968], "texture": "#1", "cullface": "east"},
				"south": {"uv": [0.032, 0.032, 2.968, 0.968], "texture": "#1", "cullface": "up"},
				"up": {"uv": [13.032, 4.032, 15.968, 11.968], "texture": "#1", "cullface": "up"}
			}
		},
		{
			"from": [3, 16, 1],
			"to": [4, 16.3, 15],
			"rotation": {"angle": 0, "axis": "y", "origin": [11, 24, 9]},
			"faces": {
				"north": {"uv": [6.032, 3.032, 6.968, 3.968], "texture": "#1", "cullface": "up"},
				"east": {"uv": [5.032, 3.032, 6.968, 3.968], "texture": "#1", "cullface": "up"},
				"south": {"uv": [4.032, 0.032, 4.968, 0.968], "texture": "#1", "cullface": "up"},
				"west": {"uv": [4.032, 0.032, 4.968, 0.968], "texture": "#1", "cullface": "up"},
				"up": {"uv": [3.032, 1.032, 3.968, 14.968], "texture": "#1", "cullface": "up"}
			}
		},
		{
			"from": [12, 16, 1],
			"to": [13, 16.3, 15],
			"rotation": {"angle": 0, "axis": "y", "origin": [20, 24, 9]},
			"faces": {
				"north": {"uv": [6.032, 3.032, 6.968, 3.968], "texture": "#1", "cullface": "up"},
				"east": {"uv": [5.032, 3.032, 6.968, 3.968], "texture": "#1", "cullface": "up"},
				"south": {"uv": [6.032, 3.032, 6.968, 3.968], "texture": "#1", "cullface": "up"},
				"west": {"uv": [5.032, 3.032, 6.968, 3.968], "texture": "#1", "cullface": "up"},
				"up": {"uv": [12.032, 1.032, 12.968, 14.968], "texture": "#1", "cullface": "up"}
			}
		},
		{
			"from": [13, 16, 12],
			"to": [14, 16.3, 14],
			"rotation": {"angle": 0, "axis": "y", "origin": [21, 24, 9]},
			"faces": {
				"east": {"uv": [0.032, 0.032, 1.968, 0.968], "texture": "#1", "cullface": "up"},
				"south": {"uv": [3.032, 1.032, 3.968, 1.968], "texture": "#1", "cullface": "up"},
				"up": {"uv": [13.032, 12.032, 13.968, 13.968], "texture": "#1", "cullface": "up"}
			}
		},
		{
			"from": [13, 16, 2],
			"to": [14, 16.3, 4],
			"rotation": {"angle": 0, "axis": "y", "origin": [21, 24, -1]},
			"faces": {
				"north": {"uv": [3.032, 1.032, 3.968, 1.968], "texture": "#1", "cullface": "up"},
				"east": {"uv": [0.032, 0.032, 1.968, 0.968], "texture": "#1", "cullface": "up"},
				"up": {"uv": [13.032, 2.032, 13.968, 3.968], "texture": "#1", "cullface": "up"}
			}
		},
		{
			"from": [2, 16, 2],
			"to": [3, 16.3, 4],
			"rotation": {"angle": 0, "axis": "y", "origin": [10, 24, -1]},
			"faces": {
				"north": {"uv": [3.032, 1.032, 3.968, 1.968], "texture": "#1", "cullface": "up"},
				"west": {"uv": [0.032, 0.032, 1.968, 0.968], "texture": "#1", "cullface": "up"},
				"up": {"uv": [1.032, 3.032, 1.968, 4.968], "texture": "#1", "cullface": "up"}
			}
		},
		{
			"from": [2, 16, 12],
			"to": [3, 16.3, 14],
			"rotation": {"angle": 0, "axis": "y", "origin": [10, 24, 9]},
			"faces": {
				"south": {"uv": [3.032, 1.032, 3.968, 1.968], "texture": "#1", "cullface": "up"},
				"west": {"uv": [0.032, 0.032, 1.968, 0.968], "texture": "#1", "cullface": "up"},
				"up": {"uv": [2.032, 12.032, 2.968, 13.968], "texture": "#1", "cullface": "up"}
			}
		},
		{
			"from": [1, 16, 3],
			"to": [2, 16.3, 4],
			"rotation": {"angle": 0, "axis": "y", "origin": [9, 24, 11]},
			"faces": {
				"north": {"uv": [3.032, 1.032, 3.968, 1.968], "texture": "#1", "cullface": "up"},
				"west": {"uv": [0.032, 0.032, 0.968, 0.968], "texture": "#1", "cullface": "up"},
				"up": {"uv": [1.032, 3.032, 1.968, 3.968], "texture": "#1", "cullface": "up"}
			}
		},
		{
			"from": [1, 16, 12],
			"to": [2, 16.3, 13],
			"rotation": {"angle": 0, "axis": "y", "origin": [9, 24, 20]},
			"faces": {
				"south": {"uv": [3.032, 1.032, 3.968, 1.968], "texture": "#1", "cullface": "up"},
				"west": {"uv": [0.032, 0.032, 0.968, 0.968], "texture": "#1", "cullface": "up"},
				"up": {"uv": [1.032, 12.032, 1.968, 12.968], "texture": "#1", "cullface": "up"}
			}
		},
		{
			"from": [14, 16, 12],
			"to": [15, 16.3, 13],
			"rotation": {"angle": 0, "axis": "y", "origin": [22, 24, 20]},
			"faces": {
				"east": {"uv": [0.032, 0.032, 0.968, 0.968], "texture": "#1", "cullface": "up"},
				"south": {"uv": [3.032, 1.032, 3.968, 1.968], "texture": "#1", "cullface": "up"},
				"up": {"uv": [14.032, 12.032, 14.968, 12.968], "texture": "#1", "cullface": "up"}
			}
		},
		{
			"from": [14, 16, 3],
			"to": [15, 16.3, 4],
			"rotation": {"angle": 0, "axis": "y", "origin": [22, 24, 11]},
			"faces": {
				"north": {"uv": [3.032, 1.032, 3.968, 1.968], "texture": "#1", "cullface": "up"},
				"east": {"uv": [0.032, 0.032, 0.968, 0.968], "texture": "#1", "cullface": "up"},
				"up": {"uv": [14.032, 3.032, 14.968, 3.968], "texture": "#1", "cullface": "up"}
			}
		},
		{
			"from": [4, 16, 3],
			"to": [12, 16.3, 4],
			"rotation": {"angle": 0, "axis": "y", "origin": [19, 24, 11]},
			"faces": {
				"south": {"uv": [6.032, 3.032, 6.968, 3.968], "texture": "#1", "cullface": "up"},
				"up": {"uv": [4.032, 3.032, 11.968, 3.968], "texture": "#1", "cullface": "up"}
			}
		},
		{
			"from": [4, 16, 6],
			"to": [12, 16.3, 7],
			"rotation": {"angle": 0, "axis": "y", "origin": [19, 24, 14]},
			"faces": {
				"north": {"uv": [6.032, 3.032, 6.968, 3.968], "texture": "#1", "cullface": "up"},
				"south": {"uv": [6.032, 3.032, 6.968, 3.968], "texture": "#1", "cullface": "up"},
				"up": {"uv": [4.032, 6.032, 11.968, 6.968], "texture": "#1", "cullface": "up"}
			}
		},
		{
			"from": [4, 16, 9],
			"to": [12, 16.3, 10],
			"rotation": {"angle": 0, "axis": "y", "origin": [19, 24, 17]},
			"faces": {
				"north": {"uv": [6.032, 3.032, 6.968, 3.968], "texture": "#1", "cullface": "up"},
				"south": {"uv": [6.032, 3.032, 6.968, 3.968], "texture": "#1", "cullface": "up"},
				"up": {"uv": [4.032, 9.032, 11.968, 9.968], "texture": "#1", "cullface": "up"}
			}
		},
		{
			"from": [4, 16, 12],
			"to": [12, 16.3, 13],
			"rotation": {"angle": 0, "axis": "y", "origin": [19, 24, 20]},
			"faces": {
				"north": {"uv": [5.032, 3.032, 6.968, 3.968], "texture": "#1", "cullface": "up"},
				"up": {"uv": [4.032, 12.032, 11.968, 12.968], "texture": "#1", "cullface": "up"}
			}
		},
		{
			"from": [6, 16, 4],
			"to": [7, 16.3, 6],
			"rotation": {"angle": 0, "axis": "y", "origin": [14, 24, 12]},
			"faces": {
				"east": {"uv": [5.032, 3.032, 6.968, 3.968], "texture": "#1", "cullface": "up"},
				"west": {"uv": [5.032, 3.032, 6.968, 3.968], "texture": "#1", "cullface": "up"},
				"up": {"uv": [6.032, 4.032, 6.968, 5.968], "texture": "#1", "cullface": "up"}
			}
		},
		{
			"from": [9, 16, 4],
			"to": [10, 16.3, 6],
			"rotation": {"angle": 0, "axis": "y", "origin": [17, 24, 12]},
			"faces": {
				"east": {"uv": [5.032, 3.032, 6.968, 3.968], "texture": "#1", "cullface": "up"},
				"west": {"uv": [5.032, 3.032, 6.968, 3.968], "texture": "#1", "cullface": "up"},
				"up": {"uv": [9.032, 4.032, 9.968, 5.968], "texture": "#1", "cullface": "up"}
			}
		},
		{
			"from": [9, 16, 7],
			"to": [10, 16.3, 9],
			"rotation": {"angle": 0, "axis": "y", "origin": [17, 24, 15]},
			"faces": {
				"east": {"uv": [5.032, 3.032, 6.968, 3.968], "texture": "#1", "cullface": "up"},
				"west": {"uv": [5.032, 3.032, 6.968, 3.968], "texture": "#1", "cullface": "up"},
				"up": {"uv": [9.032, 7.032, 9.968, 8.968], "texture": "#1", "cullface": "up"}
			}
		},
		{
			"from": [6, 16, 7],
			"to": [7, 16.3, 9],
			"rotation": {"angle": 0, "axis": "y", "origin": [14, 24, 15]},
			"faces": {
				"east": {"uv": [5.032, 3.032, 6.968, 3.968], "texture": "#1", "cullface": "up"},
				"west": {"uv": [5.032, 3.032, 6.968, 3.968], "texture": "#1", "cullface": "up"},
				"up": {"uv": [6.032, 7.032, 6.968, 8.968], "texture": "#1", "cullface": "up"}
			}
		},
		{
			"from": [6, 16, 10],
			"to": [7, 16.3, 12],
			"rotation": {"angle": 0, "axis": "y", "origin": [14, 24, 18]},
			"faces": {
				"east": {"uv": [5.032, 3.032, 6.968, 3.968], "texture": "#1", "cullface": "up"},
				"west": {"uv": [5.032, 3.032, 6.968, 3.968], "texture": "#1", "cullface": "up"},
				"up": {"uv": [6.032, 10.032, 6.968, 11.968], "texture": "#1", "cullface": "up"}
			}
		},
		{
			"from": [9, 16, 10],
			"to": [10, 16.3, 12],
			"rotation": {"angle": 0, "axis": "y", "origin": [17, 24, 18]},
			"faces": {
				"east": {"uv": [5.032, 3.032, 6.968, 3.968], "texture": "#1", "cullface": "up"},
				"west": {"uv": [5.032, 3.032, 6.968, 3.968], "texture": "#1", "cullface": "up"},
				"up": {"uv": [9.032, 10.032, 9.968, 11.968], "texture": "#1", "cullface": "up"}
			}
		},
		{
			"from": [5, 15, -0.3],
			"to": [11, 16, 0.7],
			"rotation": {"angle": 0, "axis": "y", "origin": [13, 23, 7.675]},
			"faces": {
				"north": {"uv": [5.032, 0.032, 10.968, 0.968], "texture": "#0", "cullface": "north"},
				"east": {"uv": [5.032, 0.032, 5.968, 0.968], "texture": "#0", "cullface": "north"},
				"west": {"uv": [5.032, 0.032, 5.968, 0.968], "texture": "#2", "cullface": "north"},
				"down": {"uv": [6.032, 1.032, 6.968, 1.968], "texture": "#2", "cullface": "north"}
			}
		},
		{
			"from": [5, 15, 16],
			"to": [11, 16, 16.3],
			"rotation": {"angle": 0, "axis": "y", "origin": [13, 23, 24]},
			"faces": {
				"east": {"uv": [5.032, 0.032, 5.968, 0.968], "texture": "#0", "cullface": "south"},
				"south": {"uv": [5.032, 0.032, 10.968, 0.968], "texture": "#0", "cullface": "south"},
				"west": {"uv": [5.032, 0.032, 5.968, 0.968], "texture": "#0", "cullface": "south"},
				"down": {"uv": [6.032, 1.032, 6.968, 1.968], "texture": "#2", "cullface": "south"}
			}
		},
		{
			"from": [5, 16, -0.3],
			"to": [11, 16.3, 0],
			"rotation": {"angle": 0, "axis": "y", "origin": [13, 24, 7]},
			"faces": {
				"north": {"uv": [5.032, 0.032, 10.968, 0.968], "texture": "#0", "cullface": "north"},
				"east": {"uv": [5.032, 0.032, 5.968, 0.968], "texture": "#0", "cullface": "north"},
				"west": {"uv": [5.032, 0.032, 5.968, 0.968], "texture": "#2", "cullface": "north"},
				"up": {"uv": [5, 0, 11, 0.3], "texture": "#1", "cullface": "north"}
			}
		},
		{
			"from": [5, 16, 16],
			"to": [11, 16.3, 16.3],
			"rotation": {"angle": 0, "axis": "y", "origin": [13, 24, 24]},
			"faces": {
				"east": {"uv": [5.032, 0.032, 5.968, 0.968], "texture": "#0", "cullface": "up"},
				"south": {"uv": [5.032, 0.032, 10.968, 0.968], "texture": "#0", "cullface": "up"},
				"west": {"uv": [5.032, 0.032, 5.968, 0.968], "texture": "#0", "cullface": "up"},
				"up": {"uv": [5, 0, 11, 0.3], "texture": "#1", "cullface": "up"}
			}
		},
		{
			"from": [6, 14, -0.3],
			"to": [10, 15, 0.7],
			"rotation": {"angle": 0, "axis": "y", "origin": [13, 22, 7]},
			"faces": {
				"north": {"uv": [6.032, 1.032, 9.968, 1.968], "texture": "#0", "cullface": "north"},
				"east": {"uv": [5.032, 0.032, 5.968, 0.968], "texture": "#0", "cullface": "north"},
				"west": {"uv": [5.032, 0.032, 5.968, 0.968], "texture": "#2", "cullface": "north"},
				"down": {"uv": [6.032, 1.032, 6.968, 1.968], "texture": "#2", "cullface": "north"}
			}
		},
		{
			"from": [7, 0, -0.3],
			"to": [9, 14, 0],
			"rotation": {"angle": 0, "axis": "y", "origin": [13, 21, 7]},
			"faces": {
				"north": {"uv": [7.032, 2.032, 8.968, 15.968], "texture": "#0", "cullface": "north"},
				"east": {"uv": [8.032, 2.032, 8.968, 15.968], "texture": "#2", "cullface": "north"},
				"west": {"uv": [8.032, 2.032, 8.968, 15.968], "texture": "#2", "cullface": "north"},
				"down": {"uv": [7.032, 15.032, 8.968, 15.032], "texture": "#2", "cullface": "down"}
			}
		},
		{
			"from": [6, 14, 16],
			"to": [10, 15, 16.3],
			"rotation": {"angle": 0, "axis": "y", "origin": [13, 22, 24]},
			"faces": {
				"east": {"uv": [5.032, 0.032, 5.968, 0.968], "texture": "#0", "cullface": "south"},
				"south": {"uv": [6.032, 1.032, 9.968, 1.968], "texture": "#0", "cullface": "south"},
				"west": {"uv": [5.032, 0.032, 5.968, 0.968], "texture": "#0", "cullface": "south"},
				"down": {"uv": [6.032, 1.032, 6.968, 1.968], "texture": "#2", "cullface": "south"}
			}
		},
		{
			"from": [7, 0, 16],
			"to": [9, 14, 16.3],
			"rotation": {"angle": 0, "axis": "y", "origin": [13, 21, 24]},
			"faces": {
				"east": {"uv": [8, 2, 9, 16], "texture": "#0", "cullface": "south"},
				"south": {"uv": [7.032, 2.032, 8.968, 15.968], "texture": "#2", "cullface": "south"},
				"west": {"uv": [8, 2, 9, 16], "texture": "#0", "cullface": "south"},
				"down": {"uv": [7.032, 15.032, 8.968, 15.032], "texture": "#2", "cullface": "down"}
			}
		},
		{
			"from": [-0.3, 15, 5],
			"to": [0.7, 16, 11],
			"rotation": {"angle": 0, "axis": "y", "origin": [7.15, 23, 14]},
			"faces": {
				"north": {"uv": [5.032, 0.032, 5.968, 0.968], "texture": "#2", "cullface": "west"},
				"south": {"uv": [5.032, 0.032, 5.968, 0.968], "texture": "#2", "cullface": "west"},
				"west": {"uv": [5.032, 0.032, 10.968, 0.968], "texture": "#0", "cullface": "west"},
				"down": {"uv": [6.032, 1.032, 6.968, 1.968], "texture": "#2", "cullface": "west"}
			}
		},
		{
			"from": [16, 15, 5],
			"to": [16.3, 16, 11],
			"rotation": {"angle": 0, "axis": "y", "origin": [24, 23, 13]},
			"faces": {
				"north": {"uv": [5.032, 0.032, 5.968, 0.968], "texture": "#2", "cullface": "east"},
				"east": {"uv": [5.032, 0.032, 10.968, 0.968], "texture": "#0", "cullface": "east"},
				"south": {"uv": [5.032, 0.032, 5.968, 0.968], "texture": "#2", "cullface": "east"},
				"down": {"uv": [6.032, 1.032, 6.968, 1.968], "texture": "#2", "cullface": "east"}
			}
		},
		{
			"from": [-0.3, 16, 5],
			"to": [0, 16.3, 11],
			"rotation": {"angle": 0, "axis": "y", "origin": [7, 24, 13.1]},
			"faces": {
				"north": {"uv": [5.032, 0.032, 5.968, 0.968], "texture": "#2", "cullface": "west"},
				"south": {"uv": [5.032, 0.032, 5.968, 0.968], "texture": "#2", "cullface": "west"},
				"west": {"uv": [5.032, 0.032, 10.968, 0.032], "texture": "#0", "cullface": "west"},
				"up": {"uv": [5, 0, 11, 0.3], "texture": "#1", "cullface": "west"}
			}
		},
		{
			"from": [16, 16, 5],
			"to": [16.3, 16.3, 11],
			"rotation": {"angle": 0, "axis": "y", "origin": [24, 24, 13]},
			"faces": {
				"north": {"uv": [5.032, 0.032, 5.968, 0.968], "texture": "#2", "cullface": "east"},
				"east": {"uv": [5.032, 0.032, 10.968, 0.968], "texture": "#0", "cullface": "east"},
				"south": {"uv": [5.032, 0.032, 5.968, 0.968], "texture": "#2", "cullface": "east"},
				"up": {"uv": [5, 0, 11, 0.3], "texture": "#1", "cullface": "east"}
			}
		},
		{
			"from": [-0.3, 14, 6],
			"to": [0.7, 15, 10],
			"rotation": {"angle": 0, "axis": "y", "origin": [7, 22, 13]},
			"faces": {
				"north": {"uv": [5.032, 0.032, 5.968, 0.968], "texture": "#2", "cullface": "west"},
				"south": {"uv": [5.032, 0.032, 5.968, 0.968], "texture": "#2", "cullface": "west"},
				"west": {"uv": [6.032, 1.032, 9.968, 1.968], "texture": "#0", "cullface": "west"},
				"down": {"uv": [6.032, 1.032, 6.968, 1.968], "texture": "#2", "cullface": "west"}
			}
		},
		{
			"from": [-0.3, 0, 7],
			"to": [0, 14, 9],
			"rotation": {"angle": 0, "axis": "y", "origin": [7, 21, 13]},
			"faces": {
				"north": {"uv": [8.032, 2.032, 8.968, 15.968], "texture": "#2", "cullface": "west"},
				"south": {"uv": [8.032, 2.032, 8.968, 15.968], "texture": "#2", "cullface": "west"},
				"west": {"uv": [7.032, 2.032, 8.968, 15.968], "texture": "#2", "cullface": "west"},
				"down": {"uv": [7.032, 15.032, 8.968, 15.032], "rotation": 90, "texture": "#2", "cullface": "west"}
			}
		},
		{
			"from": [16, 14, 6],
			"to": [16.3, 15, 10],
			"rotation": {"angle": 0, "axis": "y", "origin": [24, 22, 13]},
			"faces": {
				"north": {"uv": [5.032, 0.032, 5.968, 0.968], "texture": "#2", "cullface": "east"},
				"east": {"uv": [6.032, 1.032, 9.968, 1.968], "texture": "#0", "cullface": "east"},
				"south": {"uv": [5.032, 0.032, 5.968, 0.968], "texture": "#2", "cullface": "east"},
				"down": {"uv": [6.032, 1.032, 6.968, 1.968], "texture": "#2", "cullface": "east"}
			}
		},
		{
			"from": [16, 0, 7],
			"to": [16.3, 14, 9],
			"rotation": {"angle": 0, "axis": "y", "origin": [24, 21, 13]},
			"faces": {
				"north": {"uv": [7.032, 2.032, 8.032, 15.968], "texture": "#2", "cullface": "east"},
				"east": {"uv": [7.032, 2.032, 8.968, 15.968], "texture": "#2", "cullface": "east"},
				"south": {"uv": [7.032, 2.032, 8.032, 15.968], "texture": "#2", "cullface": "east"},
				"down": {"uv": [7.032, 2.032, 7.3, 3.968], "texture": "#2", "cullface": "down"}
			}
		},
		{
			"from": [11, 5, -1],
			"to": [14, 7, 1],
			"rotation": {"angle": 0, "axis": "y", "origin": [19, 13, 8]},
			"faces": {
				"north": {"uv": [2.032, 9.032, 4.968, 10.968], "texture": "#0", "cullface": "north"},
				"east": {"uv": [2.032, 9.032, 2.968, 10.968], "texture": "#0", "cullface": "north"},
				"west": {"uv": [4.032, 9.032, 4.968, 10.968], "texture": "#0", "cullface": "north"},
				"up": {"uv": [2.032, 9.032, 4.968, 9.968], "texture": "#0", "cullface": "north"},
				"down": {"uv": [2.032, 10.032, 4.968, 10.968], "rotation": 180, "texture": "#0", "cullface": "north"}
			}
		},
		{
			"from": [12, 7, -1],
			"to": [13, 11, 0],
			"rotation": {"angle": 0, "axis": "y", "origin": [20, 15, 7]},
			"faces": {
				"north": {"uv": [3.032, 5.032, 3.968, 8.968], "texture": "#0", "cullface": "north"},
				"east": {"uv": [3.032, 5.032, 3.968, 8.968], "texture": "#0", "cullface": "north"},
				"west": {"uv": [3.032, 5.032, 3.968, 8.968], "texture": "#0", "cullface": "north"},
				"up": {"uv": [3.032, 5.032, 3.968, 5.968], "texture": "#0", "cullface": "north"}
			}
		},
		{
			"from": [16, 5, 11],
			"to": [17, 7, 14],
			"rotation": {"angle": 0, "axis": "y", "origin": [24, 14, 21]},
			"faces": {
				"north": {"uv": [4.032, 9.032, 4.968, 10.968], "texture": "#0", "cullface": "east"},
				"east": {"uv": [2.032, 9.032, 4.968, 10.968], "texture": "#0", "cullface": "east"},
				"south": {"uv": [2.032, 9.032, 2.968, 10.968], "texture": "#0", "cullface": "east"},
				"up": {"uv": [2.032, 9.032, 4.968, 9.968], "rotation": 90, "texture": "#0", "cullface": "east"},
				"down": {"uv": [2.032, 10.032, 4.968, 10.968], "rotation": 90, "texture": "#0", "cullface": "east"}
			}
		},
		{
			"from": [16, 7, 12],
			"to": [17, 11, 13],
			"rotation": {"angle": 0, "axis": "y", "origin": [24, 16, 21]},
			"faces": {
				"north": {"uv": [3.032, 5.032, 3.968, 8.968], "texture": "#0", "cullface": "east"},
				"east": {"uv": [3.032, 5.032, 3.968, 8.968], "texture": "#0", "cullface": "east"},
				"south": {"uv": [3.032, 5.032, 3.968, 8.968], "texture": "#0", "cullface": "east"},
				"up": {"uv": [3.032, 5.032, 3.968, 5.968], "texture": "#0", "cullface": "east"}
			}
		},
		{
			"from": [-1, 6, 3],
			"to": [0, 8, 4],
			"rotation": {"angle": 0, "axis": "y", "origin": [7, 14, 11]},
			"faces": {
				"north": {"uv": [3.032, 8.032, 3.968, 9.968], "texture": "#2", "cullface": "west"},
				"south": {"uv": [3.032, 8.032, 3.968, 9.968], "texture": "#2", "cullface": "west"},
				"west": {"uv": [3.032, 8.032, 3.968, 9.968], "texture": "#2", "cullface": "west"},
				"up": {"uv": [3.032, 8.032, 3.968, 8.968], "texture": "#2", "cullface": "west"},
				"down": {"uv": [3.032, 9.032, 3.968, 9.968], "texture": "#2", "cullface": "west"}
			}
		},
		{
			"from": [3, 6, 16],
			"to": [4, 8, 17],
			"rotation": {"angle": 0, "axis": "y", "origin": [4.5, 8.5, 16.5]},
			"faces": {
				"east": {"uv": [5.032, 8.032, 5.968, 9.968], "texture": "#2", "cullface": "south"},
				"south": {"uv": [3.032, 8.032, 3.968, 9.968], "texture": "#2", "cullface": "south"},
				"west": {"uv": [3.032, 8.032, 3.968, 9.968], "texture": "#2", "cullface": "south"},
				"up": {"uv": [3.032, 8.032, 3.968, 8.968], "rotation": 270, "texture": "#2", "cullface": "south"},
				"down": {"uv": [3.032, 9.032, 3.968, 9.968], "rotation": 90, "texture": "#2", "cullface": "south"}
			}
		},
		{
			"from": [-1, 6, 5],
			"to": [0, 8, 6],
			"rotation": {"angle": 0, "axis": "y", "origin": [7, 14, 13]},
			"faces": {
				"north": {"uv": [3.032, 8.032, 3.968, 9.968], "texture": "#2", "cullface": "west"},
				"south": {"uv": [3.032, 8.032, 3.968, 9.968], "texture": "#2", "cullface": "west"},
				"west": {"uv": [3.032, 8.032, 3.968, 9.968], "texture": "#2", "cullface": "west"},
				"up": {"uv": [3.032, 8.032, 3.968, 8.968], "texture": "#2", "cullface": "west"},
				"down": {"uv": [3.032, 9.032, 3.968, 9.968], "texture": "#2", "cullface": "west"}
			}
		},
		{
			"from": [5, 6, 16],
			"to": [6, 8, 17],
			"rotation": {"angle": 0, "axis": "y", "origin": [4.5, 8.5, 16.5]},
			"faces": {
				"east": {"uv": [5.032, 8.032, 5.968, 9.968], "texture": "#2", "cullface": "south"},
				"south": {"uv": [3.032, 8.032, 3.968, 9.968], "texture": "#2", "cullface": "south"},
				"west": {"uv": [3.032, 8.032, 3.968, 9.968], "texture": "#2", "cullface": "south"},
				"up": {"uv": [3.032, 8.032, 3.968, 8.968], "rotation": 270, "texture": "#2", "cullface": "south"},
				"down": {"uv": [3.032, 9.032, 3.968, 9.968], "rotation": 90, "texture": "#2", "cullface": "south"}
			}
		},
		{
			"from": [-1, 9, 5],
			"to": [0, 11, 6],
			"rotation": {"angle": 0, "axis": "y", "origin": [7, 17, 13]},
			"faces": {
				"north": {"uv": [3.032, 5.032, 3.968, 6.968], "texture": "#2", "cullface": "west"},
				"south": {"uv": [5.032, 5.032, 5.968, 6.968], "texture": "#2", "cullface": "west"},
				"west": {"uv": [3.032, 5.032, 3.968, 6.968], "texture": "#2", "cullface": "west"},
				"up": {"uv": [3.032, 5.032, 3.968, 5.968], "texture": "#2", "cullface": "west"},
				"down": {"uv": [5.032, 6.032, 5.968, 6.968], "texture": "#2", "cullface": "west"}
			}
		},
		{
			"from": [5, 9, 16],
			"to": [6, 11, 17],
			"rotation": {"angle": 0, "axis": "y", "origin": [4.5, 8.5, 16.5]},
			"faces": {
				"east": {"uv": [5.032, 5.032, 5.968, 6.968], "texture": "#2", "cullface": "south"},
				"south": {"uv": [3.032, 5.032, 3.968, 6.968], "texture": "#2", "cullface": "south"},
				"west": {"uv": [3.032, 5.032, 3.968, 6.968], "texture": "#2", "cullface": "south"},
				"up": {"uv": [3.032, 5.032, 3.968, 5.968], "rotation": 270, "texture": "#2", "cullface": "south"},
				"down": {"uv": [5.032, 6.032, 5.968, 6.968], "rotation": 90, "texture": "#2", "cullface": "south"}
			}
		},
		{
			"from": [-1, 9, 3],
			"to": [0, 11, 4],
			"rotation": {"angle": 0, "axis": "y", "origin": [7, 17, 11]},
			"faces": {
				"north": {"uv": [3.032, 5.032, 3.968, 6.968], "texture": "#2", "cullface": "west"},
				"south": {"uv": [3.032, 5.032, 3.968, 6.968], "texture": "#2", "cullface": "west"},
				"west": {"uv": [3.032, 5.032, 3.968, 6.968], "texture": "#2", "cullface": "west"},
				"up": {"uv": [3.032, 5.032, 3.968, 5.968], "texture": "#2", "cullface": "west"},
				"down": {"uv": [5.032, 6.032, 5.968, 6.968], "texture": "#2", "cullface": "west"}
			}
		},
		{
			"from": [3, 9, 16],
			"to": [4, 11, 17],
			"rotation": {"angle": 0, "axis": "y", "origin": [4.5, 8.5, 16.5]},
			"faces": {
				"east": {"uv": [5.032, 5.032, 5.968, 6.968], "texture": "#2", "cullface": "south"},
				"south": {"uv": [3.032, 5.032, 3.968, 6.968], "texture": "#2", "cullface": "south"},
				"west": {"uv": [3.032, 5.032, 3.968, 6.968], "texture": "#2", "cullface": "south"},
				"up": {"uv": [3.032, 5.032, 3.968, 5.968], "rotation": 270, "texture": "#2", "cullface": "south"},
				"down": {"uv": [5.032, 6.032, 5.968, 6.968], "rotation": 90, "texture": "#2", "cullface": "south"}
			}
		},
		{
			"from": [-1, 8, 4],
			"to": [0, 9, 5],
			"rotation": {"angle": 0, "axis": "y", "origin": [7, 16, 12]},
			"faces": {
				"north": {"uv": [4.032, 7.032, 4.968, 7.968], "texture": "#2", "cullface": "west"},
				"south": {"uv": [4.032, 7.032, 4.968, 7.968], "texture": "#2", "cullface": "west"},
				"west": {"uv": [4.032, 7.032, 4.968, 7.968], "texture": "#2", "cullface": "west"},
				"up": {"uv": [4.032, 7.032, 4.968, 7.968], "texture": "#2", "cullface": "west"},
				"down": {"uv": [4.032, 7.032, 4.968, 7.968], "texture": "#2", "cullface": "west"}
			}
		},
		{
			"from": [4, 8, 16],
			"to": [5, 9, 17],
			"rotation": {"angle": 0, "axis": "y", "origin": [4.5, 8.5, 16.5]},
			"faces": {
				"east": {"uv": [4.032, 7.032, 4.968, 7.968], "texture": "#2", "cullface": "south"},
				"south": {"uv": [4.032, 7.032, 4.968, 7.968], "texture": "#2", "cullface": "south"},
				"west": {"uv": [4.032, 7.032, 4.968, 7.968], "texture": "#2", "cullface": "south"},
				"up": {"uv": [4.032, 7.032, 4.968, 7.968], "rotation": 270, "texture": "#2", "cullface": "south"},
				"down": {"uv": [4.032, 7.032, 4.968, 7.968], "rotation": 90, "texture": "#2", "cullface": "south"}
			}
		}
	],
	"display": {
		"thirdperson_righthand": {
			"rotation": [75, 45, 0],
			"translation": [0, 2.5, 0],
			"scale": [0.375, 0.375, 0.375]
		},
		"thirdperson_lefthand": {
			"rotation": [75, 45, 0],
			"translation": [0, 2.5, 0],
			"scale": [0.375, 0.375, 0.375]
		},
		"firstperson_righthand": {
			"rotation": [0, 45, 0],
			"scale": [0.4, 0.4, 0.4]
		},
		"firstperson_lefthand": {
			"rotation": [0, 225, 0],
			"scale": [0.4, 0.4, 0.4]
		},
		"ground": {
			"translation": [0, 3, 0],
			"scale": [0.25, 0.25, 0.25]
		},
		"gui": {
			"rotation": [30, 225, 0],
			"scale": [0.625, 0.625, 0.625]
		},
		"fixed": {
			"scale": [0.5, 0.5, 0.5]
		}
	},
	"groups": [0,
		{
			"name": "serrote",
			"origin": [5.7625, 14.6875, -0.4375],
			"children": [1, 2, 3, 4, 5, 6, 7, 8]
		},
		{
			"name": "pano",
			"origin": [8, 8, 8],
			"children": [9, 10, 11, 12, 13, 14, 15, 16, 17, 18, 19, 20, 21, 22, 23, 24, 25, 26, 27, 28, 29, 30, 31, 32, 33, 34, 35, 36, 37, 38, 39, 40, 41, 42, 43, 44, 45, 46, 47, 48]
		},
		{
			"name": "martelo",
			"origin": [4.0625, 9.5625, 0.5625],
			"children": [49, 50, 51, 52]
		},
		{
			"name": "alicates",
			"origin": [4.0625, 9.5625, 0.5625],
			"children": [53, 54, 55, 56, 57, 58, 59, 60, 61, 62]
		}
	]
}