{
	"credit": "Made with Blockbench",
	"textures": {
		"0": "block/deepslate_bricks",
		"particle": "block/deepslate_bricks"
	},
	"elements": [
		{
			"name": "base",
			"from": [0.5, 0, 0.5],
			"to": [15.5, 9, 15.5],
			"faces": {
				"north": {"uv": [0.5, 7, 15.5, 16], "texture": "#0", "cullface": "north"},
				"east": {"uv": [0.5, 7, 15.5, 16], "texture": "#0", "cullface": "east"},
				"south": {"uv": [0.5, 7, 15.5, 16], "texture": "#0", "cullface": "south"},
				"west": {"uv": [0.5, 7, 15.5, 16], "texture": "#0", "cullface": "west"}
			}
		},
		{
			"from": [0, 1, 0],
			"to": [8, 8, 7],
			"rotation": {"angle": 0, "axis": "y", "origin": [8, 9, 8]},
			"faces": {
				"north": {"uv": [8, 8, 16, 15], "texture": "#0", "cullface": "north"},
				"east": {"uv": [9, 8, 16, 15], "texture": "#0"},
				"south": {"uv": [0, 8, 8, 15], "texture": "#0"},
				"west": {"uv": [0, 8, 7, 15], "texture": "#0", "cullface": "west"},
				"up": {"uv": [0, 0, 8, 7], "texture": "#0"},
				"down": {"uv": [0, 9, 8, 16], "texture": "#0"}
			}
		},
		{
			"from": [0, 1, 8],
			"to": [7, 8, 16],
			"rotation": {"angle": 0, "axis": "y", "origin": [8, 9, 16]},
			"faces": {
				"north": {"uv": [9, 8, 16, 15], "texture": "#0"},
				"east": {"uv": [0, 8, 8, 15], "texture": "#0"},
				"south": {"uv": [0, 8, 7, 15], "texture": "#0", "cullface": "south"},
				"west": {"uv": [8, 8, 16, 15], "texture": "#0", "cullface": "west"},
				"up": {"uv": [0, 8, 7, 16], "texture": "#0"},
				"down": {"uv": [0, 0, 7, 8], "texture": "#0"}
			}
		},
		{
			"from": [8, 1, 9],
			"to": [16, 8, 16],
			"rotation": {"angle": 0, "axis": "y", "origin": [16, 9, 16]},
			"faces": {
				"north": {"uv": [0, 8, 8, 15], "texture": "#0"},
				"east": {"uv": [0, 8, 7, 15], "texture": "#0", "cullface": "east"},
				"south": {"uv": [8, 8, 16, 15], "texture": "#0", "cullface": "south"},
				"west": {"uv": [9, 8, 16, 15], "texture": "#0"},
				"up": {"uv": [8, 9, 16, 16], "texture": "#0"},
				"down": {"uv": [8, 0, 16, 7], "texture": "#0"}
			}
		},
		{
			"from": [9, 1, 0],
			"to": [16, 8, 8],
			"rotation": {"angle": 0, "axis": "y", "origin": [16, 9, 8]},
			"faces": {
				"north": {"uv": [0, 8, 7, 15], "texture": "#0", "cullface": "north"},
				"east": {"uv": [8, 8, 16, 15], "texture": "#0", "cullface": "east"},
				"south": {"uv": [9, 8, 16, 15], "texture": "#0"},
				"west": {"uv": [0, 8, 8, 15], "texture": "#0"},
				"up": {"uv": [9, 0, 16, 8], "texture": "#0"},
				"down": {"uv": [9, 8, 16, 16], "texture": "#0"}
			}
		},
		{
			"from": [0, 9, 0],
			"to": [16, 16, 16],
			"rotation": {"angle": 0, "axis": "y", "origin": [8, 17, 8]},
			"faces": {
				"north": {"uv": [0, 0, 16, 7], "texture": "#0", "cullface": "north"},
				"east": {"uv": [0, 0, 16, 7], "texture": "#0", "cullface": "east"},
				"south": {"uv": [0, 0, 16, 7], "texture": "#0", "cullface": "south"},
				"west": {"uv": [0, 0, 16, 7], "texture": "#0", "cullface": "west"},
				"up": {"uv": [0, 0, 16, 16], "texture": "#0", "cullface": "up"},
				"down": {"uv": [0, 0, 16, 16], "texture": "#0"}
			}
		},
		{
			"from": [0, 0, 0],
			"to": [16, 9, 0],
			"faces": {
				"south": {"uv": [0, 7, 16, 16], "texture": "#0"}
			}
		},
		{
			"from": [0, 0, 16],
			"to": [16, 9, 16],
			"rotation": {"angle": 0, "axis": "y", "origin": [8, 8, 24]},
			"faces": {
				"north": {"uv": [0, 7, 16, 16], "texture": "#0"}
			}
		},
		{
			"from": [0, 0, 0],
			"to": [16, 0, 16],
			"faces": {
				"up": {"uv": [0, 0, 16, 16], "texture": "#0"},
				"down": {"uv": [0, 0, 16, 16], "texture": "#0", "cullface": "down"}
			}
		},
		{
			"from": [0, 0, 0],
			"to": [0, 9, 16],
			"faces": {
				"east": {"uv": [0, 7, 16, 16], "texture": "#0"}
			}
		},
		{
			"from": [16, 0, 0],
			"to": [16, 9, 16],
			"rotation": {"angle": 0, "axis": "y", "origin": [24, 8, 8]},
			"faces": {
				"west": {"uv": [0, 7, 16, 16], "texture": "#0"}
			}
		}
	],
	"display": {
		"thirdperson_righthand": {
			"rotation": [75, 45, 0],
			"translation": [0, 2.5, 0],
			"scale": [0.375, 0.375, 0.375]
		},
		"thirdperson_lefthand": {
			"rotation": [75, 45, 0],
			"translation": [0, 2.5, 0],
			"scale": [0.375, 0.375, 0.375]
		},
		"firstperson_righthand": {
			"rotation": [0, 45, 0],
			"scale": [0.4, 0.4, 0.4]
		},
		"firstperson_lefthand": {
			"rotation": [0, 225, 0],
			"scale": [0.4, 0.4, 0.4]
		},
		"ground": {
			"translation": [0, 3, 0],
			"scale": [0.25, 0.25, 0.25]
		},
		"gui": {
			"rotation": [30, 225, 0],
			"scale": [0.625, 0.625, 0.625]
		},
		"fixed": {
			"scale": [0.5, 0.5, 0.5]
		}
	},
	"groups": [
		0,
		{
			"name": "bricks",
			"origin": [8, 8, 8],
			"color": 0,
			"children": [1, 2, 3, 4, 5, 6, 7, 8, 9, 10]
		}
	]
}