{
	"credit": "Made with Blockbench",
	"parent": "minecraft:block/cube_all",
	"textures": {
		"particle": "block/deepslate_iron_ore",
		"all": "block/deepslate_iron_ore"
	},
	"elements": [
		{
			"from": [0, 0, 0],
			"to": [16, 16, 16],
			"faces": {
				"north": {"uv": [0, 0, 16, 16], "texture": "#all", "cullface": "north"},
				"east": {"uv": [0, 0, 16, 16], "texture": "#all", "cullface": "east"},
				"south": {"uv": [0, 0, 16, 16], "texture": "#all", "cullface": "south"},
				"west": {"uv": [0, 0, 16, 16], "texture": "#all", "cullface": "west"},
				"up": {"uv": [0, 0, 16, 16], "texture": "#all", "cullface": "up"},
				"down": {"uv": [0, 0, 16, 16], "texture": "#all", "cullface": "down"}
			}
		}, 
		{
			"from": [12, 1, -0.5],
			"to": [14, 2, 0],
			"faces": {
				"north": {"uv": [2, 14, 4, 15], "texture": "#all", "cullface": "north"},
				"east": {"uv": [12, 11, 13, 12], "texture": "#all", "cullface": "north"},
				"west": {"uv": [12, 11, 13, 12], "texture": "#all", "cullface": "north"},
				"up": {"uv": [12, 11, 13, 12], "texture": "#all", "cullface": "north"},
				"down": {"uv": [12, 11, 13, 12], "texture": "#all", "cullface": "north"}
			}
		}, 
		{
			"from": [13, 2, -0.5],
			"to": [15, 3, 0],
			"faces": {
				"north": {"uv": [1, 13, 3, 14], "texture": "#all", "cullface": "north"},
				"east": {"uv": [12, 11, 13, 12], "texture": "#all", "cullface": "north"},
				"west": {"uv": [12, 11, 13, 12], "texture": "#all", "cullface": "north"},
				"up": {"uv": [12, 11, 13, 12], "texture": "#all", "cullface": "north"},
				"down": {"uv": [12, 11, 13, 12], "texture": "#all", "cullface": "north"}
			}
		}, 
		{
			"from": [10, 3, -0.5],
			"to": [12, 4, 0],
			"faces": {
				"north": {"uv": [4, 12, 6, 13], "texture": "#all", "cullface": "north"},
				"east": {"uv": [12, 11, 13, 12], "texture": "#all", "cullface": "north"},
				"west": {"uv": [12, 11, 13, 12], "texture": "#all", "cullface": "north"},
				"up": {"uv": [12, 11, 13, 12], "texture": "#all", "cullface": "north"},
				"down": {"uv": [12, 11, 13, 12], "texture": "#all", "cullface": "north"}
			}
		}, 
		{
			"from": [1, 10, -0.5],
			"to": [3, 11, 0],
			"faces": {
				"north": {"uv": [13, 5, 15, 6], "texture": "#all", "cullface": "north"},
				"east": {"uv": [12, 11, 13, 12], "texture": "#all", "cullface": "north"},
				"west": {"uv": [12, 11, 13, 12], "texture": "#all", "cullface": "north"},
				"up": {"uv": [12, 11, 13, 12], "texture": "#all", "cullface": "north"},
				"down": {"uv": [12, 11, 13, 12], "texture": "#all", "cullface": "north"}
			}
		}, 
		{
			"from": [3, 13, -0.5],
			"to": [5, 14, 0],
			"faces": {
				"north": {"uv": [11, 2, 13, 3], "texture": "#all", "cullface": "north"},
				"east": {"uv": [12, 11, 13, 12], "texture": "#all", "cullface": "north"},
				"west": {"uv": [12, 11, 13, 12], "texture": "#all", "cullface": "north"},
				"down": {"uv": [12, 11, 13, 12], "texture": "#all", "cullface": "north"}
			}
		}, 
		{
			"from": [3, 4, -0.5],
			"to": [5, 5, 0],
			"faces": {
				"north": {"uv": [11, 11, 13, 12], "texture": "#all", "cullface": "north"},
				"east": {"uv": [12, 11, 13, 12], "texture": "#all", "cullface": "north"},
				"west": {"uv": [12, 11, 13, 12], "texture": "#all", "cullface": "north"},
				"up": {"uv": [12, 11, 13, 12], "texture": "#all", "cullface": "north"}
			}
		}, 
		{
			"from": [4, 6, -0.5],
			"to": [6, 7, 0],
			"faces": {
				"north": {"uv": [10, 9, 12, 10], "texture": "#all", "cullface": "north"},
				"east": {"uv": [12, 11, 13, 12], "texture": "#all", "cullface": "north"},
				"west": {"uv": [12, 11, 13, 12], "texture": "#all", "cullface": "north"},
				"down": {"uv": [12, 11, 13, 12], "texture": "#all", "cullface": "north"}
			}
		}, 
		{
			"from": [11, 7, -0.5],
			"to": [13, 8, 0],
			"faces": {
				"north": {"uv": [3, 8, 5, 9], "texture": "#all", "cullface": "north"},
				"east": {"uv": [12, 11, 13, 12], "texture": "#all", "cullface": "north"},
				"west": {"uv": [12, 11, 13, 12], "texture": "#all", "cullface": "north"},
				"up": {"uv": [12, 11, 13, 12], "texture": "#all", "cullface": "north"}
			}
		}, 
		{
			"from": [10, 5, -0.5],
			"to": [12, 6, 0],
			"faces": {
				"north": {"uv": [4, 10, 6, 11], "texture": "#all", "cullface": "north"},
				"east": {"uv": [12, 11, 13, 12], "texture": "#all", "cullface": "north"},
				"west": {"uv": [12, 11, 13, 12], "texture": "#all", "cullface": "north"},
				"down": {"uv": [12, 11, 13, 12], "texture": "#all", "cullface": "north"}
			}
		}, 
		{
			"from": [9, 6, -0.5],
			"to": [14, 7, 0],
			"faces": {
				"north": {"uv": [2, 9, 7, 10], "texture": "#all", "cullface": "north"},
				"east": {"uv": [12, 11, 13, 12], "texture": "#all", "cullface": "north"},
				"west": {"uv": [12, 11, 13, 12], "texture": "#all", "cullface": "north"},
				"up": {"uv": [12, 11, 13, 12], "texture": "#all", "cullface": "north"},
				"down": {"uv": [12, 11, 13, 12], "texture": "#all", "cullface": "north"}
			}
		}, 
		{
			"from": [1, 3, -0.5],
			"to": [8, 4, 0],
			"faces": {
				"north": {"uv": [8, 12, 15, 13], "texture": "#all", "cullface": "north"},
				"east": {"uv": [12, 11, 13, 12], "texture": "#all", "cullface": "north"},
				"west": {"uv": [12, 11, 13, 12], "texture": "#all", "cullface": "north"},
				"up": {"uv": [12, 11, 13, 12], "texture": "#all", "cullface": "north"},
				"down": {"uv": [12, 11, 13, 12], "texture": "#all", "cullface": "north"}
			}
		}, 
		{
			"from": [3, 2, -0.5],
			"to": [7, 3, 0],
			"faces": {
				"north": {"uv": [9, 13, 13, 14], "texture": "#all", "cullface": "north"},
				"east": {"uv": [12, 11, 13, 12], "texture": "#all", "cullface": "north"},
				"west": {"uv": [12, 11, 13, 12], "texture": "#all", "cullface": "north"},
				"down": {"uv": [12, 11, 13, 12], "texture": "#all", "cullface": "north"}
			}
		}, 
		{
			"from": [3, 7, -0.5],
			"to": [7, 8, 0],
			"faces": {
				"north": {"uv": [9, 8, 13, 9], "texture": "#all", "cullface": "north"},
				"east": {"uv": [12, 11, 13, 12], "texture": "#all", "cullface": "north"},
				"west": {"uv": [12, 11, 13, 12], "texture": "#all", "cullface": "north"},
				"up": {"uv": [12, 11, 13, 12], "texture": "#all", "cullface": "north"},
				"down": {"uv": [12, 11, 13, 12], "texture": "#all", "cullface": "north"}
			}
		}, 
		{
			"from": [2, 14, -0.5],
			"to": [6, 15, 0],
			"faces": {
				"north": {"uv": [10, 1, 14, 2], "texture": "#all", "cullface": "north"},
				"east": {"uv": [12, 11, 13, 12], "texture": "#all", "cullface": "north"},
				"west": {"uv": [12, 11, 13, 12], "texture": "#all", "cullface": "north"},
				"up": {"uv": [12, 11, 13, 12], "texture": "#all", "cullface": "north"},
				"down": {"uv": [12, 11, 13, 12], "texture": "#all", "cullface": "north"}
			}
		}, 
		{
			"from": [7, 9, -0.5],
			"to": [10, 10, 0],
			"faces": {
				"north": {"uv": [6, 6, 9, 7], "texture": "#all", "cullface": "north"},
				"east": {"uv": [12, 11, 13, 12], "texture": "#all", "cullface": "north"},
				"west": {"uv": [12, 11, 13, 12], "texture": "#all", "cullface": "north"},
				"down": {"uv": [12, 11, 13, 12], "texture": "#all", "cullface": "north"}
			}
		}, 
		{
			"from": [12, 12, -0.5],
			"to": [15, 13, 0],
			"faces": {
				"north": {"uv": [1, 3, 4, 4], "texture": "#all", "cullface": "north"},
				"east": {"uv": [12, 11, 13, 12], "texture": "#all", "cullface": "north"},
				"west": {"uv": [12, 11, 13, 12], "texture": "#all", "cullface": "north"},
				"up": {"uv": [12, 11, 13, 12], "texture": "#all", "cullface": "north"},
				"down": {"uv": [12, 11, 13, 12], "texture": "#all", "cullface": "north"}
			}
		}, 
		{
			"from": [11, 13, -0.5],
			"to": [14, 14, 0],
			"faces": {
				"north": {"uv": [2, 2, 5, 3], "texture": "#all", "cullface": "north"},
				"east": {"uv": [12, 11, 13, 12], "texture": "#all", "cullface": "north"},
				"west": {"uv": [12, 11, 13, 12], "texture": "#all", "cullface": "north"},
				"up": {"uv": [12, 11, 13, 12], "texture": "#all", "cullface": "north"},
				"down": {"uv": [12, 11, 13, 12], "texture": "#all", "cullface": "north"}
			}
		}, 
		{
			"from": [4, 11, -0.5],
			"to": [9, 12, 0],
			"faces": {
				"north": {"uv": [7, 4, 12, 5], "texture": "#all", "cullface": "north"},
				"east": {"uv": [12, 11, 13, 12], "texture": "#all", "cullface": "north"},
				"west": {"uv": [12, 11, 13, 12], "texture": "#all", "cullface": "north"},
				"up": {"uv": [12, 11, 13, 12], "texture": "#all", "cullface": "north"},
				"down": {"uv": [12, 11, 13, 12], "texture": "#all", "cullface": "north"}
			}
		}, 
		{
			"from": [5, 10, -0.5],
			"to": [12, 11, 0],
			"faces": {
				"north": {"uv": [4, 5, 11, 6], "texture": "#all", "cullface": "north"},
				"east": {"uv": [12, 11, 13, 12], "texture": "#all", "cullface": "north"},
				"west": {"uv": [12, 11, 13, 12], "texture": "#all", "cullface": "north"},
				"up": {"uv": [12, 11, 13, 12], "texture": "#all", "cullface": "north"},
				"down": {"uv": [12, 11, 13, 12], "texture": "#all", "cullface": "north"}
			}
		}, 
		{
			"from": [2, 1, 16],
			"to": [4, 2, 16.5],
			"faces": {
				"east": {"uv": [12, 11, 13, 12], "texture": "#all", "cullface": "south"},
				"south": {"uv": [2, 14, 4, 15], "texture": "#all", "cullface": "south"},
				"west": {"uv": [12, 11, 13, 12], "texture": "#all", "cullface": "south"},
				"up": {"uv": [12, 11, 13, 12], "rotation": 180, "texture": "#all", "cullface": "south"},
				"down": {"uv": [12, 11, 13, 12], "rotation": 180, "texture": "#all", "cullface": "south"}
			}
		}, 
		{
			"from": [1, 2, 16],
			"to": [3, 3, 16.5],
			"faces": {
				"east": {"uv": [12, 11, 13, 12], "texture": "#all", "cullface": "south"},
				"south": {"uv": [1, 13, 3, 14], "texture": "#all", "cullface": "south"},
				"west": {"uv": [12, 11, 13, 12], "texture": "#all", "cullface": "south"},
				"up": {"uv": [12, 11, 13, 12], "rotation": 180, "texture": "#all", "cullface": "south"},
				"down": {"uv": [12, 11, 13, 12], "rotation": 180, "texture": "#all", "cullface": "south"}
			}
		}, 
		{
			"from": [4, 3, 16],
			"to": [6, 4, 16.5],
			"faces": {
				"east": {"uv": [12, 11, 13, 12], "texture": "#all", "cullface": "south"},
				"south": {"uv": [4, 12, 6, 13], "texture": "#all", "cullface": "south"},
				"west": {"uv": [12, 11, 13, 12], "texture": "#all", "cullface": "south"},
				"up": {"uv": [12, 11, 13, 12], "rotation": 180, "texture": "#all", "cullface": "south"},
				"down": {"uv": [12, 11, 13, 12], "rotation": 180, "texture": "#all", "cullface": "south"}
			}
		}, 
		{
			"from": [13, 10, 16],
			"to": [15, 11, 16.5],
			"faces": {
				"east": {"uv": [12, 11, 13, 12], "texture": "#all", "cullface": "south"},
				"south": {"uv": [13, 5, 15, 6], "texture": "#all", "cullface": "south"},
				"west": {"uv": [12, 11, 13, 12], "texture": "#all", "cullface": "south"},
				"up": {"uv": [12, 11, 13, 12], "rotation": 180, "texture": "#all", "cullface": "south"},
				"down": {"uv": [12, 11, 13, 12], "rotation": 180, "texture": "#all", "cullface": "south"}
			}
		}, 
		{
			"from": [11, 13, 16],
			"to": [13, 14, 16.5],
			"faces": {
				"east": {"uv": [12, 11, 13, 12], "texture": "#all", "cullface": "south"},
				"south": {"uv": [11, 2, 13, 3], "texture": "#all", "cullface": "south"},
				"west": {"uv": [12, 11, 13, 12], "texture": "#all", "cullface": "south"},
				"down": {"uv": [12, 11, 13, 12], "rotation": 180, "texture": "#all", "cullface": "south"}
			}
		}, 
		{
			"from": [11, 4, 16],
			"to": [13, 5, 16.5],
			"faces": {
				"east": {"uv": [12, 11, 13, 12], "texture": "#all", "cullface": "south"},
				"south": {"uv": [11, 11, 13, 12], "texture": "#all", "cullface": "south"},
				"west": {"uv": [12, 11, 13, 12], "texture": "#all", "cullface": "south"},
				"up": {"uv": [12, 11, 13, 12], "rotation": 180, "texture": "#all", "cullface": "south"}
			}
		}, 
		{
			"from": [10, 6, 16],
			"to": [12, 7, 16.5],
			"faces": {
				"east": {"uv": [12, 11, 13, 12], "texture": "#all", "cullface": "south"},
				"south": {"uv": [10, 9, 12, 10], "texture": "#all", "cullface": "south"},
				"west": {"uv": [12, 11, 13, 12], "texture": "#all", "cullface": "south"},
				"down": {"uv": [12, 11, 13, 12], "rotation": 180, "texture": "#all", "cullface": "south"}
			}
		}, 
		{
			"from": [3, 7, 16],
			"to": [5, 8, 16.5],
			"faces": {
				"east": {"uv": [12, 11, 13, 12], "texture": "#all", "cullface": "south"},
				"south": {"uv": [3, 8, 5, 9], "texture": "#all", "cullface": "south"},
				"west": {"uv": [12, 11, 13, 12], "texture": "#all", "cullface": "south"},
				"up": {"uv": [12, 11, 13, 12], "rotation": 180, "texture": "#all", "cullface": "south"}
			}
		}, 
		{
			"from": [4, 5, 16],
			"to": [6, 6, 16.5],
			"faces": {
				"east": {"uv": [12, 11, 13, 12], "texture": "#all", "cullface": "south"},
				"south": {"uv": [4, 10, 6, 11], "texture": "#all", "cullface": "south"},
				"west": {"uv": [12, 11, 13, 12], "texture": "#all", "cullface": "south"},
				"down": {"uv": [12, 11, 13, 12], "rotation": 180, "texture": "#all", "cullface": "south"}
			}
		}, 
		{
			"from": [2, 6, 16],
			"to": [7, 7, 16.5],
			"faces": {
				"east": {"uv": [12, 11, 13, 12], "texture": "#all", "cullface": "south"},
				"south": {"uv": [2, 9, 7, 10], "texture": "#all", "cullface": "south"},
				"west": {"uv": [12, 11, 13, 12], "texture": "#all", "cullface": "south"},
				"up": {"uv": [12, 11, 13, 12], "rotation": 180, "texture": "#all", "cullface": "south"},
				"down": {"uv": [12, 11, 13, 12], "rotation": 180, "texture": "#all", "cullface": "south"}
			}
		}, 
		{
			"from": [8, 3, 16],
			"to": [15, 4, 16.5],
			"faces": {
				"east": {"uv": [12, 11, 13, 12], "texture": "#all", "cullface": "south"},
				"south": {"uv": [8, 12, 15, 13], "texture": "#all", "cullface": "south"},
				"west": {"uv": [12, 11, 13, 12], "texture": "#all", "cullface": "south"},
				"up": {"uv": [12, 11, 13, 12], "rotation": 180, "texture": "#all", "cullface": "south"},
				"down": {"uv": [12, 11, 13, 12], "rotation": 180, "texture": "#all", "cullface": "south"}
			}
		}, 
		{
			"from": [9, 2, 16],
			"to": [13, 3, 16.5],
			"faces": {
				"east": {"uv": [12, 11, 13, 12], "texture": "#all", "cullface": "south"},
				"south": {"uv": [9, 13, 13, 14], "texture": "#all", "cullface": "south"},
				"west": {"uv": [12, 11, 13, 12], "texture": "#all", "cullface": "south"},
				"down": {"uv": [12, 11, 13, 12], "rotation": 180, "texture": "#all", "cullface": "south"}
			}
		}, 
		{
			"from": [9, 7, 16],
			"to": [13, 8, 16.5],
			"faces": {
				"east": {"uv": [12, 11, 13, 12], "texture": "#all", "cullface": "south"},
				"south": {"uv": [9, 8, 13, 9], "texture": "#all", "cullface": "south"},
				"west": {"uv": [12, 11, 13, 12], "texture": "#all", "cullface": "south"},
				"up": {"uv": [12, 11, 13, 12], "rotation": 180, "texture": "#all", "cullface": "south"},
				"down": {"uv": [12, 11, 13, 12], "rotation": 180, "texture": "#all", "cullface": "south"}
			}
		}, 
		{
			"from": [10, 14, 16],
			"to": [14, 15, 16.5],
			"faces": {
				"east": {"uv": [12, 11, 13, 12], "texture": "#all", "cullface": "south"},
				"south": {"uv": [10, 1, 14, 2], "texture": "#all", "cullface": "south"},
				"west": {"uv": [12, 11, 13, 12], "texture": "#all", "cullface": "south"},
				"up": {"uv": [12, 11, 13, 12], "rotation": 180, "texture": "#all", "cullface": "south"},
				"down": {"uv": [12, 11, 13, 12], "rotation": 180, "texture": "#all", "cullface": "south"}
			}
		}, 
		{
			"from": [6, 9, 16],
			"to": [9, 10, 16.5],
			"faces": {
				"east": {"uv": [12, 11, 13, 12], "texture": "#all", "cullface": "south"},
				"south": {"uv": [6, 6, 9, 7], "texture": "#all", "cullface": "south"},
				"west": {"uv": [12, 11, 13, 12], "texture": "#all", "cullface": "south"},
				"down": {"uv": [12, 11, 13, 12], "rotation": 180, "texture": "#all", "cullface": "south"}
			}
		}, 
		{
			"from": [1, 12, 16],
			"to": [4, 13, 16.5],
			"faces": {
				"east": {"uv": [12, 11, 13, 12], "texture": "#all", "cullface": "south"},
				"south": {"uv": [1, 3, 4, 4], "texture": "#all", "cullface": "south"},
				"west": {"uv": [12, 11, 13, 12], "texture": "#all", "cullface": "south"},
				"up": {"uv": [12, 11, 13, 12], "rotation": 180, "texture": "#all", "cullface": "south"},
				"down": {"uv": [12, 11, 13, 12], "rotation": 180, "texture": "#all", "cullface": "south"}
			}
		}, 
		{
			"from": [2, 13, 16],
			"to": [5, 14, 16.5],
			"faces": {
				"east": {"uv": [12, 11, 13, 12], "texture": "#all", "cullface": "south"},
				"south": {"uv": [2, 2, 5, 3], "texture": "#all", "cullface": "south"},
				"west": {"uv": [12, 11, 13, 12], "texture": "#all", "cullface": "south"},
				"up": {"uv": [12, 11, 13, 12], "rotation": 180, "texture": "#all", "cullface": "south"},
				"down": {"uv": [12, 11, 13, 12], "rotation": 180, "texture": "#all", "cullface": "south"}
			}
		}, 
		{
			"from": [7, 11, 16],
			"to": [12, 12, 16.5],
			"faces": {
				"east": {"uv": [12, 11, 13, 12], "texture": "#all", "cullface": "south"},
				"south": {"uv": [7, 4, 12, 5], "texture": "#all", "cullface": "south"},
				"west": {"uv": [12, 11, 13, 12], "texture": "#all", "cullface": "south"},
				"up": {"uv": [12, 11, 13, 12], "rotation": 180, "texture": "#all", "cullface": "south"},
				"down": {"uv": [12, 11, 13, 12], "rotation": 180, "texture": "#all", "cullface": "south"}
			}
		}, 
		{
			"from": [4, 10, 16],
			"to": [11, 11, 16.5],
			"faces": {
				"east": {"uv": [12, 11, 13, 12], "texture": "#all", "cullface": "south"},
				"south": {"uv": [4, 5, 11, 6], "texture": "#all", "cullface": "south"},
				"west": {"uv": [12, 11, 13, 12], "texture": "#all", "cullface": "south"},
				"up": {"uv": [12, 11, 13, 12], "rotation": 180, "texture": "#all", "cullface": "south"},
				"down": {"uv": [12, 11, 13, 12], "rotation": 180, "texture": "#all", "cullface": "south"}
			}
		}, 
		{
			"from": [2, 16, 14],
			"to": [4, 16.5, 15],
			"faces": {
				"north": {"uv": [12, 11, 13, 12], "texture": "#all", "cullface": "up"},
				"east": {"uv": [12, 11, 13, 12], "rotation": 90, "texture": "#all", "cullface": "up"},
				"south": {"uv": [12, 11, 13, 12], "rotation": 180, "texture": "#all", "cullface": "up"},
				"west": {"uv": [12, 11, 13, 12], "rotation": 270, "texture": "#all", "cullface": "up"},
				"up": {"uv": [2, 14, 4, 15], "texture": "#all", "cullface": "up"}
			}
		}, 
		{
			"from": [1, 16, 13],
			"to": [3, 16.5, 14],
			"faces": {
				"north": {"uv": [12, 11, 13, 12], "texture": "#all", "cullface": "up"},
				"east": {"uv": [12, 11, 13, 12], "rotation": 90, "texture": "#all", "cullface": "up"},
				"south": {"uv": [12, 11, 13, 12], "rotation": 180, "texture": "#all", "cullface": "up"},
				"west": {"uv": [12, 11, 13, 12], "rotation": 270, "texture": "#all", "cullface": "up"},
				"up": {"uv": [1, 13, 3, 14], "texture": "#all", "cullface": "up"}
			}
		}, 
		{
			"from": [4, 16, 12],
			"to": [6, 16.5, 13],
			"faces": {
				"north": {"uv": [12, 11, 13, 12], "texture": "#all", "cullface": "up"},
				"east": {"uv": [12, 11, 13, 12], "rotation": 90, "texture": "#all", "cullface": "up"},
				"south": {"uv": [12, 11, 13, 12], "rotation": 180, "texture": "#all", "cullface": "up"},
				"west": {"uv": [12, 11, 13, 12], "rotation": 270, "texture": "#all", "cullface": "up"},
				"up": {"uv": [4, 12, 6, 13], "texture": "#all", "cullface": "up"}
			}
		}, 
		{
			"from": [13, 16, 5],
			"to": [15, 16.5, 6],
			"faces": {
				"north": {"uv": [12, 11, 13, 12], "texture": "#all", "cullface": "up"},
				"east": {"uv": [12, 11, 13, 12], "rotation": 90, "texture": "#all", "cullface": "up"},
				"south": {"uv": [12, 11, 13, 12], "rotation": 180, "texture": "#all", "cullface": "up"},
				"west": {"uv": [12, 11, 13, 12], "rotation": 270, "texture": "#all", "cullface": "up"},
				"up": {"uv": [13, 5, 15, 6], "texture": "#all", "cullface": "up"}
			}
		}, 
		{
			"from": [11, 16, 2],
			"to": [13, 16.5, 3],
			"faces": {
				"east": {"uv": [12, 11, 13, 12], "rotation": 90, "texture": "#all", "cullface": "up"},
				"south": {"uv": [12, 11, 13, 12], "rotation": 180, "texture": "#all", "cullface": "up"},
				"west": {"uv": [12, 11, 13, 12], "rotation": 270, "texture": "#all", "cullface": "up"},
				"up": {"uv": [11, 2, 13, 3], "texture": "#all", "cullface": "up"}
			}
		}, 
		{
			"from": [11, 16, 11],
			"to": [13, 16.5, 12],
			"faces": {
				"north": {"uv": [12, 11, 13, 12], "texture": "#all", "cullface": "up"},
				"east": {"uv": [12, 11, 13, 12], "rotation": 90, "texture": "#all", "cullface": "up"},
				"west": {"uv": [12, 11, 13, 12], "rotation": 270, "texture": "#all", "cullface": "up"},
				"up": {"uv": [11, 11, 13, 12], "texture": "#all", "cullface": "up"}
			}
		}, 
		{
			"from": [10, 16, 9],
			"to": [12, 16.5, 10],
			"faces": {
				"east": {"uv": [12, 11, 13, 12], "rotation": 90, "texture": "#all", "cullface": "up"},
				"south": {"uv": [12, 11, 13, 12], "rotation": 180, "texture": "#all", "cullface": "up"},
				"west": {"uv": [12, 11, 13, 12], "rotation": 270, "texture": "#all", "cullface": "up"},
				"up": {"uv": [10, 9, 12, 10], "texture": "#all", "cullface": "up"}
			}
		}, 
		{
			"from": [3, 16, 8],
			"to": [5, 16.5, 9],
			"faces": {
				"north": {"uv": [12, 11, 13, 12], "texture": "#all", "cullface": "up"},
				"east": {"uv": [12, 11, 13, 12], "rotation": 90, "texture": "#all", "cullface": "up"},
				"west": {"uv": [12, 11, 13, 12], "rotation": 270, "texture": "#all", "cullface": "up"},
				"up": {"uv": [3, 8, 5, 9], "texture": "#all", "cullface": "up"}
			}
		}, 
		{
			"from": [4, 16, 10],
			"to": [6, 16.5, 11],
			"faces": {
				"east": {"uv": [12, 11, 13, 12], "rotation": 90, "texture": "#all", "cullface": "up"},
				"south": {"uv": [12, 11, 13, 12], "rotation": 180, "texture": "#all", "cullface": "up"},
				"west": {"uv": [12, 11, 13, 12], "rotation": 270, "texture": "#all", "cullface": "up"},
				"up": {"uv": [4, 10, 6, 11], "texture": "#all", "cullface": "up"}
			}
		}, 
		{
			"from": [2, 16, 9],
			"to": [7, 16.5, 10],
			"faces": {
				"north": {"uv": [12, 11, 13, 12], "texture": "#all", "cullface": "up"},
				"east": {"uv": [12, 11, 13, 12], "rotation": 90, "texture": "#all", "cullface": "up"},
				"south": {"uv": [12, 11, 13, 12], "rotation": 180, "texture": "#all", "cullface": "up"},
				"west": {"uv": [12, 11, 13, 12], "rotation": 270, "texture": "#all", "cullface": "up"},
				"up": {"uv": [2, 9, 7, 10], "texture": "#all", "cullface": "up"}
			}
		}, 
		{
			"from": [8, 16, 12],
			"to": [15, 16.5, 13],
			"faces": {
				"north": {"uv": [12, 11, 13, 12], "texture": "#all", "cullface": "up"},
				"east": {"uv": [12, 11, 13, 12], "rotation": 90, "texture": "#all", "cullface": "up"},
				"south": {"uv": [12, 11, 13, 12], "rotation": 180, "texture": "#all", "cullface": "up"},
				"west": {"uv": [12, 11, 13, 12], "rotation": 270, "texture": "#all", "cullface": "up"},
				"up": {"uv": [8, 12, 15, 13], "texture": "#all", "cullface": "up"}
			}
		}, 
		{
			"from": [9, 16, 13],
			"to": [13, 16.5, 14],
			"faces": {
				"east": {"uv": [12, 11, 13, 12], "rotation": 90, "texture": "#all", "cullface": "up"},
				"south": {"uv": [12, 11, 13, 12], "rotation": 180, "texture": "#all", "cullface": "up"},
				"west": {"uv": [12, 11, 13, 12], "rotation": 270, "texture": "#all", "cullface": "up"},
				"up": {"uv": [9, 13, 13, 14], "texture": "#all", "cullface": "up"}
			}
		}, 
		{
			"from": [9, 16, 8],
			"to": [13, 16.5, 9],
			"faces": {
				"north": {"uv": [12, 11, 13, 12], "texture": "#all", "cullface": "up"},
				"east": {"uv": [12, 11, 13, 12], "rotation": 90, "texture": "#all", "cullface": "up"},
				"south": {"uv": [12, 11, 13, 12], "rotation": 180, "texture": "#all", "cullface": "up"},
				"west": {"uv": [12, 11, 13, 12], "rotation": 270, "texture": "#all", "cullface": "up"},
				"up": {"uv": [9, 8, 13, 9], "texture": "#all", "cullface": "up"}
			}
		}, 
		{
			"from": [10, 16, 1],
			"to": [14, 16.5, 2],
			"faces": {
				"north": {"uv": [12, 11, 13, 12], "texture": "#all", "cullface": "up"},
				"east": {"uv": [12, 11, 13, 12], "rotation": 90, "texture": "#all", "cullface": "up"},
				"south": {"uv": [12, 11, 13, 12], "rotation": 180, "texture": "#all", "cullface": "up"},
				"west": {"uv": [12, 11, 13, 12], "rotation": 270, "texture": "#all", "cullface": "up"},
				"up": {"uv": [10, 1, 14, 2], "texture": "#all", "cullface": "up"}
			}
		}, 
		{
			"from": [6, 16, 6],
			"to": [9, 16.5, 7],
			"faces": {
				"east": {"uv": [12, 11, 13, 12], "rotation": 90, "texture": "#all", "cullface": "up"},
				"south": {"uv": [12, 11, 13, 12], "rotation": 180, "texture": "#all", "cullface": "up"},
				"west": {"uv": [12, 11, 13, 12], "rotation": 270, "texture": "#all", "cullface": "up"},
				"up": {"uv": [6, 6, 9, 7], "texture": "#all", "cullface": "up"}
			}
		}, 
		{
			"from": [1, 16, 3],
			"to": [4, 16.5, 4],
			"faces": {
				"north": {"uv": [12, 11, 13, 12], "texture": "#all", "cullface": "up"},
				"east": {"uv": [12, 11, 13, 12], "rotation": 90, "texture": "#all", "cullface": "up"},
				"south": {"uv": [12, 11, 13, 12], "rotation": 180, "texture": "#all", "cullface": "up"},
				"west": {"uv": [12, 11, 13, 12], "rotation": 270, "texture": "#all", "cullface": "up"},
				"up": {"uv": [1, 3, 4, 4], "texture": "#all", "cullface": "up"}
			}
		}, 
		{
			"from": [2, 16, 2],
			"to": [5, 16.5, 3],
			"faces": {
				"north": {"uv": [12, 11, 13, 12], "texture": "#all", "cullface": "up"},
				"east": {"uv": [12, 11, 13, 12], "rotation": 90, "texture": "#all", "cullface": "up"},
				"south": {"uv": [12, 11, 13, 12], "rotation": 180, "texture": "#all", "cullface": "up"},
				"west": {"uv": [12, 11, 13, 12], "rotation": 270, "texture": "#all", "cullface": "up"},
				"up": {"uv": [2, 2, 5, 3], "texture": "#all", "cullface": "up"}
			}
		}, 
		{
			"from": [7, 16, 4],
			"to": [12, 16.5, 5],
			"faces": {
				"north": {"uv": [12, 11, 13, 12], "texture": "#all", "cullface": "up"},
				"east": {"uv": [12, 11, 13, 12], "rotation": 90, "texture": "#all", "cullface": "up"},
				"south": {"uv": [12, 11, 13, 12], "rotation": 180, "texture": "#all", "cullface": "up"},
				"west": {"uv": [12, 11, 13, 12], "rotation": 270, "texture": "#all", "cullface": "up"},
				"up": {"uv": [7, 4, 12, 5], "texture": "#all", "cullface": "up"}
			}
		}, 
		{
			"from": [4, 16, 5],
			"to": [11, 16.5, 6],
			"faces": {
				"north": {"uv": [12, 11, 13, 12], "texture": "#all", "cullface": "up"},
				"east": {"uv": [12, 11, 13, 12], "rotation": 90, "texture": "#all", "cullface": "up"},
				"south": {"uv": [12, 11, 13, 12], "rotation": 180, "texture": "#all", "cullface": "up"},
				"west": {"uv": [12, 11, 13, 12], "rotation": 270, "texture": "#all", "cullface": "up"},
				"up": {"uv": [4, 5, 11, 6], "texture": "#all", "cullface": "up"}
			}
		}, 
		{
			"from": [2, -0.5, 1],
			"to": [4, 0, 2],
			"faces": {
				"north": {"uv": [12, 11, 13, 12], "texture": "#all", "cullface": "down"},
				"east": {"uv": [12, 11, 13, 12], "rotation": 270, "texture": "#all", "cullface": "down"},
				"south": {"uv": [12, 11, 13, 12], "rotation": 180, "texture": "#all", "cullface": "down"},
				"west": {"uv": [12, 11, 13, 12], "rotation": 90, "texture": "#all", "cullface": "down"},
				"down": {"uv": [2, 14, 4, 15], "texture": "#all", "cullface": "down"}
			}
		}, 
		{
			"from": [1, -0.5, 2],
			"to": [3, 0, 3],
			"faces": {
				"north": {"uv": [12, 11, 13, 12], "texture": "#all", "cullface": "down"},
				"east": {"uv": [12, 11, 13, 12], "rotation": 270, "texture": "#all", "cullface": "down"},
				"south": {"uv": [12, 11, 13, 12], "rotation": 180, "texture": "#all", "cullface": "down"},
				"west": {"uv": [12, 11, 13, 12], "rotation": 90, "texture": "#all", "cullface": "down"},
				"down": {"uv": [1, 13, 3, 14], "texture": "#all", "cullface": "down"}
			}
		}, 
		{
			"from": [4, -0.5, 3],
			"to": [6, 0, 4],
			"faces": {
				"north": {"uv": [12, 11, 13, 12], "texture": "#all", "cullface": "down"},
				"east": {"uv": [12, 11, 13, 12], "rotation": 270, "texture": "#all", "cullface": "down"},
				"south": {"uv": [12, 11, 13, 12], "rotation": 180, "texture": "#all", "cullface": "down"},
				"west": {"uv": [12, 11, 13, 12], "rotation": 90, "texture": "#all", "cullface": "down"},
				"down": {"uv": [4, 12, 6, 13], "texture": "#all", "cullface": "down"}
			}
		}, 
		{
			"from": [13, -0.5, 10],
			"to": [15, 0, 11],
			"faces": {
				"north": {"uv": [12, 11, 13, 12], "texture": "#all", "cullface": "down"},
				"east": {"uv": [12, 11, 13, 12], "rotation": 270, "texture": "#all", "cullface": "down"},
				"south": {"uv": [12, 11, 13, 12], "rotation": 180, "texture": "#all", "cullface": "down"},
				"west": {"uv": [12, 11, 13, 12], "rotation": 90, "texture": "#all", "cullface": "down"},
				"down": {"uv": [13, 5, 15, 6], "texture": "#all", "cullface": "down"}
			}
		}, 
		{
			"from": [11, -0.5, 13],
			"to": [13, 0, 14],
			"faces": {
				"north": {"uv": [12, 11, 13, 12], "texture": "#all", "cullface": "down"},
				"east": {"uv": [12, 11, 13, 12], "rotation": 270, "texture": "#all", "cullface": "down"},
				"west": {"uv": [12, 11, 13, 12], "rotation": 90, "texture": "#all", "cullface": "down"},
				"down": {"uv": [11, 2, 13, 3], "texture": "#all", "cullface": "down"}
			}
		}, 
		{
			"from": [11, -0.5, 4],
			"to": [13, 0, 5],
			"faces": {
				"east": {"uv": [12, 11, 13, 12], "rotation": 270, "texture": "#all", "cullface": "down"},
				"south": {"uv": [12, 11, 13, 12], "rotation": 180, "texture": "#all", "cullface": "down"},
				"west": {"uv": [12, 11, 13, 12], "rotation": 90, "texture": "#all", "cullface": "down"},
				"down": {"uv": [11, 11, 13, 12], "texture": "#all", "cullface": "down"}
			}
		}, 
		{
			"from": [10, -0.5, 6],
			"to": [12, 0, 7],
			"faces": {
				"north": {"uv": [12, 11, 13, 12], "texture": "#all", "cullface": "down"},
				"east": {"uv": [12, 11, 13, 12], "rotation": 270, "texture": "#all", "cullface": "down"},
				"west": {"uv": [12, 11, 13, 12], "rotation": 90, "texture": "#all", "cullface": "down"},
				"down": {"uv": [10, 9, 12, 10], "texture": "#all", "cullface": "down"}
			}
		}, 
		{
			"from": [3, -0.5, 7],
			"to": [5, 0, 8],
			"faces": {
				"east": {"uv": [12, 11, 13, 12], "rotation": 270, "texture": "#all", "cullface": "down"},
				"south": {"uv": [12, 11, 13, 12], "rotation": 180, "texture": "#all", "cullface": "down"},
				"west": {"uv": [12, 11, 13, 12], "rotation": 90, "texture": "#all", "cullface": "down"},
				"down": {"uv": [3, 8, 5, 9], "texture": "#all", "cullface": "down"}
			}
		}, 
		{
			"from": [4, -0.5, 5],
			"to": [6, 0, 6],
			"faces": {
				"north": {"uv": [12, 11, 13, 12], "texture": "#all", "cullface": "down"},
				"east": {"uv": [12, 11, 13, 12], "rotation": 270, "texture": "#all", "cullface": "down"},
				"west": {"uv": [12, 11, 13, 12], "rotation": 90, "texture": "#all", "cullface": "down"},
				"down": {"uv": [4, 10, 6, 11], "texture": "#all", "cullface": "down"}
			}
		}, 
		{
			"from": [2, -0.5, 6],
			"to": [7, 0, 7],
			"faces": {
				"north": {"uv": [12, 11, 13, 12], "texture": "#all", "cullface": "down"},
				"east": {"uv": [12, 11, 13, 12], "rotation": 270, "texture": "#all", "cullface": "down"},
				"south": {"uv": [12, 11, 13, 12], "rotation": 180, "texture": "#all", "cullface": "down"},
				"west": {"uv": [12, 11, 13, 12], "rotation": 90, "texture": "#all", "cullface": "down"},
				"down": {"uv": [2, 9, 7, 10], "texture": "#all", "cullface": "down"}
			}
		}, 
		{
			"from": [8, -0.5, 3],
			"to": [15, 0, 4],
			"faces": {
				"north": {"uv": [12, 11, 13, 12], "texture": "#all", "cullface": "down"},
				"east": {"uv": [12, 11, 13, 12], "rotation": 270, "texture": "#all", "cullface": "down"},
				"south": {"uv": [12, 11, 13, 12], "rotation": 180, "texture": "#all", "cullface": "down"},
				"west": {"uv": [12, 11, 13, 12], "rotation": 90, "texture": "#all", "cullface": "down"},
				"down": {"uv": [8, 12, 15, 13], "texture": "#all", "cullface": "down"}
			}
		}, 
		{
			"from": [9, -0.5, 2],
			"to": [13, 0, 3],
			"faces": {
				"north": {"uv": [12, 11, 13, 12], "texture": "#all", "cullface": "down"},
				"east": {"uv": [12, 11, 13, 12], "rotation": 270, "texture": "#all", "cullface": "down"},
				"west": {"uv": [12, 11, 13, 12], "rotation": 90, "texture": "#all", "cullface": "down"},
				"down": {"uv": [9, 13, 13, 14], "texture": "#all", "cullface": "down"}
			}
		}, 
		{
			"from": [9, -0.5, 7],
			"to": [13, 0, 8],
			"faces": {
				"north": {"uv": [12, 11, 13, 12], "texture": "#all", "cullface": "down"},
				"east": {"uv": [12, 11, 13, 12], "rotation": 270, "texture": "#all", "cullface": "down"},
				"south": {"uv": [12, 11, 13, 12], "rotation": 180, "texture": "#all", "cullface": "down"},
				"west": {"uv": [12, 11, 13, 12], "rotation": 90, "texture": "#all", "cullface": "down"},
				"down": {"uv": [9, 8, 13, 9], "texture": "#all", "cullface": "down"}
			}
		}, 
		{
			"from": [10, -0.5, 14],
			"to": [14, 0, 15],
			"faces": {
				"north": {"uv": [12, 11, 13, 12], "texture": "#all", "cullface": "down"},
				"east": {"uv": [12, 11, 13, 12], "rotation": 270, "texture": "#all", "cullface": "down"},
				"south": {"uv": [12, 11, 13, 12], "rotation": 180, "texture": "#all", "cullface": "down"},
				"west": {"uv": [12, 11, 13, 12], "rotation": 90, "texture": "#all", "cullface": "down"},
				"down": {"uv": [10, 1, 14, 2], "texture": "#all", "cullface": "down"}
			}
		}, 
		{
			"from": [6, -0.5, 9],
			"to": [9, 0, 10],
			"faces": {
				"north": {"uv": [12, 11, 13, 12], "texture": "#all", "cullface": "down"},
				"east": {"uv": [12, 11, 13, 12], "rotation": 270, "texture": "#all", "cullface": "down"},
				"west": {"uv": [12, 11, 13, 12], "rotation": 90, "texture": "#all", "cullface": "down"},
				"down": {"uv": [6, 6, 9, 7], "texture": "#all", "cullface": "down"}
			}
		}, 
		{
			"from": [1, -0.5, 12],
			"to": [4, 0, 13],
			"faces": {
				"north": {"uv": [12, 11, 13, 12], "texture": "#all", "cullface": "down"},
				"east": {"uv": [12, 11, 13, 12], "rotation": 270, "texture": "#all", "cullface": "down"},
				"south": {"uv": [12, 11, 13, 12], "rotation": 180, "texture": "#all", "cullface": "down"},
				"west": {"uv": [12, 11, 13, 12], "rotation": 90, "texture": "#all", "cullface": "down"},
				"down": {"uv": [1, 3, 4, 4], "texture": "#all", "cullface": "down"}
			}
		}, 
		{
			"from": [2, -0.5, 13],
			"to": [5, 0, 14],
			"faces": {
				"north": {"uv": [12, 11, 13, 12], "texture": "#all", "cullface": "down"},
				"east": {"uv": [12, 11, 13, 12], "rotation": 270, "texture": "#all", "cullface": "down"},
				"south": {"uv": [12, 11, 13, 12], "rotation": 180, "texture": "#all", "cullface": "down"},
				"west": {"uv": [12, 11, 13, 12], "rotation": 90, "texture": "#all", "cullface": "down"},
				"down": {"uv": [2, 2, 5, 3], "texture": "#all", "cullface": "down"}
			}
		}, 
		{
			"from": [7, -0.5, 11],
			"to": [12, 0, 12],
			"faces": {
				"north": {"uv": [12, 11, 13, 12], "texture": "#all", "cullface": "down"},
				"east": {"uv": [12, 11, 13, 12], "rotation": 270, "texture": "#all", "cullface": "down"},
				"south": {"uv": [12, 11, 13, 12], "rotation": 180, "texture": "#all", "cullface": "down"},
				"west": {"uv": [12, 11, 13, 12], "rotation": 90, "texture": "#all", "cullface": "down"},
				"down": {"uv": [7, 4, 12, 5], "texture": "#all", "cullface": "down"}
			}
		}, 
		{
			"from": [4, -0.5, 10],
			"to": [11, 0, 11],
			"faces": {
				"north": {"uv": [12, 11, 13, 12], "texture": "#all", "cullface": "down"},
				"east": {"uv": [12, 11, 13, 12], "rotation": 270, "texture": "#all", "cullface": "down"},
				"south": {"uv": [12, 11, 13, 12], "rotation": 180, "texture": "#all", "cullface": "down"},
				"west": {"uv": [12, 11, 13, 12], "rotation": 90, "texture": "#all", "cullface": "down"},
				"down": {"uv": [4, 5, 11, 6], "texture": "#all", "cullface": "down"}
			}
		}, 
		{
			"from": [16, 1, 12],
			"to": [16.5, 2, 14],
			"faces": {
				"north": {"uv": [12, 11, 13, 12], "texture": "#all", "cullface": "east"},
				"east": {"uv": [2, 14, 4, 15], "texture": "#all", "cullface": "east"},
				"south": {"uv": [12, 11, 13, 12], "texture": "#all", "cullface": "east"},
				"up": {"uv": [12, 11, 13, 12], "rotation": 90, "texture": "#all", "cullface": "east"},
				"down": {"uv": [12, 11, 13, 12], "rotation": 270, "texture": "#all", "cullface": "east"}
			}
		}, 
		{
			"from": [16, 2, 13],
			"to": [16.5, 3, 15],
			"faces": {
				"north": {"uv": [12, 11, 13, 12], "texture": "#all", "cullface": "east"},
				"east": {"uv": [1, 13, 3, 14], "texture": "#all", "cullface": "east"},
				"south": {"uv": [12, 11, 13, 12], "texture": "#all", "cullface": "east"},
				"up": {"uv": [12, 11, 13, 12], "rotation": 90, "texture": "#all", "cullface": "east"},
				"down": {"uv": [12, 11, 13, 12], "rotation": 270, "texture": "#all", "cullface": "east"}
			}
		}, 
		{
			"from": [16, 3, 10],
			"to": [16.5, 4, 12],
			"faces": {
				"north": {"uv": [12, 11, 13, 12], "texture": "#all", "cullface": "east"},
				"east": {"uv": [4, 12, 6, 13], "texture": "#all", "cullface": "east"},
				"south": {"uv": [12, 11, 13, 12], "texture": "#all", "cullface": "east"},
				"up": {"uv": [12, 11, 13, 12], "rotation": 90, "texture": "#all", "cullface": "east"},
				"down": {"uv": [12, 11, 13, 12], "rotation": 270, "texture": "#all", "cullface": "east"}
			}
		}, 
		{
			"from": [16, 10, 1],
			"to": [16.5, 11, 3],
			"faces": {
				"north": {"uv": [12, 11, 13, 12], "texture": "#all", "cullface": "east"},
				"east": {"uv": [13, 5, 15, 6], "texture": "#all", "cullface": "east"},
				"south": {"uv": [12, 11, 13, 12], "texture": "#all", "cullface": "east"},
				"up": {"uv": [12, 11, 13, 12], "rotation": 90, "texture": "#all", "cullface": "east"},
				"down": {"uv": [12, 11, 13, 12], "rotation": 270, "texture": "#all", "cullface": "east"}
			}
		}, 
		{
			"from": [16, 13, 3],
			"to": [16.5, 14, 5],
			"faces": {
				"north": {"uv": [12, 11, 13, 12], "texture": "#all", "cullface": "east"},
				"east": {"uv": [11, 2, 13, 3], "texture": "#all", "cullface": "east"},
				"south": {"uv": [12, 11, 13, 12], "texture": "#all", "cullface": "east"},
				"down": {"uv": [12, 11, 13, 12], "rotation": 270, "texture": "#all", "cullface": "east"}
			}
		}, 
		{
			"from": [16, 4, 3],
			"to": [16.5, 5, 5],
			"faces": {
				"north": {"uv": [12, 11, 13, 12], "texture": "#all", "cullface": "east"},
				"east": {"uv": [11, 11, 13, 12], "texture": "#all", "cullface": "east"},
				"south": {"uv": [12, 11, 13, 12], "texture": "#all", "cullface": "east"},
				"up": {"uv": [12, 11, 13, 12], "rotation": 90, "texture": "#all", "cullface": "east"}
			}
		}, 
		{
			"from": [16, 6, 4],
			"to": [16.5, 7, 6],
			"faces": {
				"north": {"uv": [12, 11, 13, 12], "texture": "#all", "cullface": "east"},
				"east": {"uv": [10, 9, 12, 10], "texture": "#all", "cullface": "east"},
				"south": {"uv": [12, 11, 13, 12], "texture": "#all", "cullface": "east"},
				"down": {"uv": [12, 11, 13, 12], "rotation": 270, "texture": "#all", "cullface": "east"}
			}
		}, 
		{
			"from": [16, 7, 11],
			"to": [16.5, 8, 13],
			"faces": {
				"north": {"uv": [12, 11, 13, 12], "texture": "#all", "cullface": "east"},
				"east": {"uv": [3, 8, 5, 9], "texture": "#all", "cullface": "east"},
				"south": {"uv": [12, 11, 13, 12], "texture": "#all", "cullface": "east"},
				"up": {"uv": [12, 11, 13, 12], "rotation": 90, "texture": "#all", "cullface": "east"}
			}
		}, 
		{
			"from": [16, 5, 10],
			"to": [16.5, 6, 12],
			"faces": {
				"north": {"uv": [12, 11, 13, 12], "texture": "#all", "cullface": "east"},
				"east": {"uv": [4, 10, 6, 11], "texture": "#all", "cullface": "east"},
				"south": {"uv": [12, 11, 13, 12], "texture": "#all", "cullface": "east"},
				"down": {"uv": [12, 11, 13, 12], "rotation": 270, "texture": "#all", "cullface": "east"}
			}
		}, 
		{
			"from": [16, 6, 9],
			"to": [16.5, 7, 14],
			"faces": {
				"north": {"uv": [12, 11, 13, 12], "texture": "#all", "cullface": "east"},
				"east": {"uv": [2, 9, 7, 10], "texture": "#all", "cullface": "east"},
				"south": {"uv": [12, 11, 13, 12], "texture": "#all", "cullface": "east"},
				"up": {"uv": [12, 11, 13, 12], "rotation": 90, "texture": "#all", "cullface": "east"},
				"down": {"uv": [12, 11, 13, 12], "rotation": 270, "texture": "#all", "cullface": "east"}
			}
		}, 
		{
			"from": [16, 3, 1],
			"to": [16.5, 4, 8],
			"faces": {
				"north": {"uv": [12, 11, 13, 12], "texture": "#all", "cullface": "east"},
				"east": {"uv": [8, 12, 15, 13], "texture": "#all", "cullface": "east"},
				"south": {"uv": [12, 11, 13, 12], "texture": "#all", "cullface": "east"},
				"up": {"uv": [12, 11, 13, 12], "rotation": 90, "texture": "#all", "cullface": "east"},
				"down": {"uv": [12, 11, 13, 12], "rotation": 270, "texture": "#all", "cullface": "east"}
			}
		}, 
		{
			"from": [16, 2, 3],
			"to": [16.5, 3, 7],
			"faces": {
				"north": {"uv": [12, 11, 13, 12], "texture": "#all", "cullface": "east"},
				"east": {"uv": [9, 13, 13, 14], "texture": "#all", "cullface": "east"},
				"south": {"uv": [12, 11, 13, 12], "texture": "#all", "cullface": "east"},
				"down": {"uv": [12, 11, 13, 12], "rotation": 270, "texture": "#all", "cullface": "east"}
			}
		}, 
		{
			"from": [16, 7, 3],
			"to": [16.5, 8, 7],
			"faces": {
				"north": {"uv": [12, 11, 13, 12], "texture": "#all", "cullface": "east"},
				"east": {"uv": [9, 8, 13, 9], "texture": "#all", "cullface": "east"},
				"south": {"uv": [12, 11, 13, 12], "texture": "#all", "cullface": "east"},
				"up": {"uv": [12, 11, 13, 12], "rotation": 90, "texture": "#all", "cullface": "east"},
				"down": {"uv": [12, 11, 13, 12], "rotation": 270, "texture": "#all", "cullface": "east"}
			}
		}, 
		{
			"from": [16, 14, 2],
			"to": [16.5, 15, 6],
			"faces": {
				"north": {"uv": [12, 11, 13, 12], "texture": "#all", "cullface": "east"},
				"east": {"uv": [10, 1, 14, 2], "texture": "#all", "cullface": "east"},
				"south": {"uv": [12, 11, 13, 12], "texture": "#all", "cullface": "east"},
				"up": {"uv": [12, 11, 13, 12], "rotation": 90, "texture": "#all", "cullface": "east"},
				"down": {"uv": [12, 11, 13, 12], "rotation": 270, "texture": "#all", "cullface": "east"}
			}
		}, 
		{
			"from": [16, 9, 7],
			"to": [16.5, 10, 10],
			"faces": {
				"north": {"uv": [12, 11, 13, 12], "texture": "#all", "cullface": "east"},
				"east": {"uv": [6, 6, 9, 7], "texture": "#all", "cullface": "east"},
				"south": {"uv": [12, 11, 13, 12], "texture": "#all", "cullface": "east"},
				"down": {"uv": [12, 11, 13, 12], "rotation": 270, "texture": "#all", "cullface": "east"}
			}
		}, 
		{
			"from": [16, 12, 12],
			"to": [16.5, 13, 15],
			"faces": {
				"north": {"uv": [12, 11, 13, 12], "texture": "#all", "cullface": "east"},
				"east": {"uv": [1, 3, 4, 4], "texture": "#all", "cullface": "east"},
				"south": {"uv": [12, 11, 13, 12], "texture": "#all", "cullface": "east"},
				"up": {"uv": [12, 11, 13, 12], "rotation": 90, "texture": "#all", "cullface": "east"},
				"down": {"uv": [12, 11, 13, 12], "rotation": 270, "texture": "#all", "cullface": "east"}
			}
		}, 
		{
			"from": [16, 13, 11],
			"to": [16.5, 14, 14],
			"faces": {
				"north": {"uv": [12, 11, 13, 12], "texture": "#all", "cullface": "east"},
				"east": {"uv": [2, 2, 5, 3], "texture": "#all", "cullface": "east"},
				"south": {"uv": [12, 11, 13, 12], "texture": "#all", "cullface": "east"},
				"up": {"uv": [12, 11, 13, 12], "rotation": 90, "texture": "#all", "cullface": "east"},
				"down": {"uv": [12, 11, 13, 12], "rotation": 270, "texture": "#all", "cullface": "east"}
			}
		}, 
		{
			"from": [16, 11, 4],
			"to": [16.5, 12, 9],
			"faces": {
				"north": {"uv": [12, 11, 13, 12], "texture": "#all", "cullface": "east"},
				"east": {"uv": [7, 4, 12, 5], "texture": "#all", "cullface": "east"},
				"south": {"uv": [12, 11, 13, 12], "texture": "#all", "cullface": "east"},
				"up": {"uv": [12, 11, 13, 12], "rotation": 90, "texture": "#all", "cullface": "east"},
				"down": {"uv": [12, 11, 13, 12], "rotation": 270, "texture": "#all", "cullface": "east"}
			}
		}, 
		{
			"from": [16, 10, 5],
			"to": [16.5, 11, 12],
			"faces": {
				"north": {"uv": [12, 11, 13, 12], "texture": "#all", "cullface": "east"},
				"east": {"uv": [4, 5, 11, 6], "texture": "#all", "cullface": "east"},
				"south": {"uv": [12, 11, 13, 12], "texture": "#all", "cullface": "east"},
				"up": {"uv": [12, 11, 13, 12], "rotation": 90, "texture": "#all", "cullface": "east"},
				"down": {"uv": [12, 11, 13, 12], "rotation": 270, "texture": "#all", "cullface": "east"}
			}
		}, 
		{
			"from": [-0.5, 1, 2],
			"to": [0, 2, 4],
			"faces": {
				"north": {"uv": [12, 11, 13, 12], "texture": "#all", "cullface": "west"},
				"south": {"uv": [12, 11, 13, 12], "texture": "#all", "cullface": "west"},
				"west": {"uv": [2, 14, 4, 15], "texture": "#all", "cullface": "west"},
				"up": {"uv": [12, 11, 13, 12], "rotation": 270, "texture": "#all", "cullface": "west"},
				"down": {"uv": [12, 11, 13, 12], "rotation": 90, "texture": "#all", "cullface": "west"}
			}
		}, 
		{
			"from": [-0.5, 2, 1],
			"to": [0, 3, 3],
			"faces": {
				"north": {"uv": [12, 11, 13, 12], "texture": "#all", "cullface": "west"},
				"south": {"uv": [12, 11, 13, 12], "texture": "#all", "cullface": "west"},
				"west": {"uv": [1, 13, 3, 14], "texture": "#all", "cullface": "west"},
				"up": {"uv": [12, 11, 13, 12], "rotation": 270, "texture": "#all", "cullface": "west"},
				"down": {"uv": [12, 11, 13, 12], "rotation": 90, "texture": "#all", "cullface": "west"}
			}
		}, 
		{
			"from": [-0.5, 3, 4],
			"to": [0, 4, 6],
			"faces": {
				"north": {"uv": [12, 11, 13, 12], "texture": "#all", "cullface": "west"},
				"south": {"uv": [12, 11, 13, 12], "texture": "#all", "cullface": "west"},
				"west": {"uv": [4, 12, 6, 13], "texture": "#all", "cullface": "west"},
				"up": {"uv": [12, 11, 13, 12], "rotation": 270, "texture": "#all", "cullface": "west"},
				"down": {"uv": [12, 11, 13, 12], "rotation": 90, "texture": "#all", "cullface": "west"}
			}
		}, 
		{
			"from": [-0.5, 10, 13],
			"to": [0, 11, 15],
			"faces": {
				"north": {"uv": [12, 11, 13, 12], "texture": "#all", "cullface": "west"},
				"south": {"uv": [12, 11, 13, 12], "texture": "#all", "cullface": "west"},
				"west": {"uv": [13, 5, 15, 6], "texture": "#all", "cullface": "west"},
				"up": {"uv": [12, 11, 13, 12], "rotation": 270, "texture": "#all", "cullface": "west"},
				"down": {"uv": [12, 11, 13, 12], "rotation": 90, "texture": "#all", "cullface": "west"}
			}
		}, 
		{
			"from": [-0.5, 13, 11],
			"to": [0, 14, 13],
			"faces": {
				"north": {"uv": [12, 11, 13, 12], "texture": "#all", "cullface": "west"},
				"south": {"uv": [12, 11, 13, 12], "texture": "#all", "cullface": "west"},
				"west": {"uv": [11, 2, 13, 3], "texture": "#all", "cullface": "west"},
				"down": {"uv": [12, 11, 13, 12], "rotation": 90, "texture": "#all", "cullface": "west"}
			}
		}, 
		{
			"from": [-0.5, 4, 11],
			"to": [0, 5, 13],
			"faces": {
				"north": {"uv": [12, 11, 13, 12], "texture": "#all", "cullface": "west"},
				"south": {"uv": [12, 11, 13, 12], "texture": "#all", "cullface": "west"},
				"west": {"uv": [11, 11, 13, 12], "texture": "#all", "cullface": "west"},
				"up": {"uv": [12, 11, 13, 12], "rotation": 270, "texture": "#all", "cullface": "west"}
			}
		}, 
		{
			"from": [-0.5, 6, 10],
			"to": [0, 7, 12],
			"faces": {
				"north": {"uv": [12, 11, 13, 12], "texture": "#all", "cullface": "west"},
				"south": {"uv": [12, 11, 13, 12], "texture": "#all", "cullface": "west"},
				"west": {"uv": [10, 9, 12, 10], "texture": "#all", "cullface": "west"},
				"down": {"uv": [12, 11, 13, 12], "rotation": 90, "texture": "#all", "cullface": "west"}
			}
		}, 
		{
			"from": [-0.5, 7, 3],
			"to": [0, 8, 5],
			"faces": {
				"north": {"uv": [12, 11, 13, 12], "texture": "#all", "cullface": "west"},
				"south": {"uv": [12, 11, 13, 12], "texture": "#all", "cullface": "west"},
				"west": {"uv": [3, 8, 5, 9], "texture": "#all", "cullface": "west"},
				"up": {"uv": [12, 11, 13, 12], "rotation": 270, "texture": "#all", "cullface": "west"}
			}
		}, 
		{
			"from": [-0.5, 5, 4],
			"to": [0, 6, 6],
			"faces": {
				"north": {"uv": [12, 11, 13, 12], "texture": "#all", "cullface": "west"},
				"south": {"uv": [12, 11, 13, 12], "texture": "#all", "cullface": "west"},
				"west": {"uv": [4, 10, 6, 11], "texture": "#all", "cullface": "west"},
				"down": {"uv": [12, 11, 13, 12], "rotation": 90, "texture": "#all", "cullface": "west"}
			}
		}, 
		{
			"from": [-0.5, 6, 2],
			"to": [0, 7, 7],
			"faces": {
				"north": {"uv": [12, 11, 13, 12], "texture": "#all", "cullface": "west"},
				"south": {"uv": [12, 11, 13, 12], "texture": "#all", "cullface": "west"},
				"west": {"uv": [2, 9, 7, 10], "texture": "#all", "cullface": "west"},
				"up": {"uv": [12, 11, 13, 12], "rotation": 270, "texture": "#all", "cullface": "west"},
				"down": {"uv": [12, 11, 13, 12], "rotation": 90, "texture": "#all", "cullface": "west"}
			}
		}, 
		{
			"from": [-0.5, 3, 8],
			"to": [0, 4, 15],
			"faces": {
				"north": {"uv": [12, 11, 13, 12], "texture": "#all", "cullface": "west"},
				"south": {"uv": [12, 11, 13, 12], "texture": "#all", "cullface": "west"},
				"west": {"uv": [8, 12, 15, 13], "texture": "#all", "cullface": "west"},
				"up": {"uv": [12, 11, 13, 12], "rotation": 270, "texture": "#all", "cullface": "west"},
				"down": {"uv": [12, 11, 13, 12], "rotation": 90, "texture": "#all", "cullface": "west"}
			}
		}, 
		{
			"from": [-0.5, 2, 9],
			"to": [0, 3, 13],
			"faces": {
				"north": {"uv": [12, 11, 13, 12], "texture": "#all", "cullface": "west"},
				"south": {"uv": [12, 11, 13, 12], "texture": "#all", "cullface": "west"},
				"west": {"uv": [9, 13, 13, 14], "texture": "#all", "cullface": "west"},
				"down": {"uv": [12, 11, 13, 12], "rotation": 90, "texture": "#all", "cullface": "west"}
			}
		}, 
		{
			"from": [-0.5, 7, 9],
			"to": [0, 8, 13],
			"faces": {
				"north": {"uv": [12, 11, 13, 12], "texture": "#all", "cullface": "west"},
				"south": {"uv": [12, 11, 13, 12], "texture": "#all", "cullface": "west"},
				"west": {"uv": [9, 8, 13, 9], "texture": "#all", "cullface": "west"},
				"up": {"uv": [12, 11, 13, 12], "rotation": 270, "texture": "#all", "cullface": "west"},
				"down": {"uv": [12, 11, 13, 12], "rotation": 90, "texture": "#all", "cullface": "west"}
			}
		}, 
		{
			"from": [-0.5, 14, 10],
			"to": [0, 15, 14],
			"faces": {
				"north": {"uv": [12, 11, 13, 12], "texture": "#all", "cullface": "west"},
				"south": {"uv": [12, 11, 13, 12], "texture": "#all", "cullface": "west"},
				"west": {"uv": [10, 1, 14, 2], "texture": "#all", "cullface": "west"},
				"up": {"uv": [12, 11, 13, 12], "rotation": 270, "texture": "#all", "cullface": "west"},
				"down": {"uv": [12, 11, 13, 12], "rotation": 90, "texture": "#all", "cullface": "west"}
			}
		}, 
		{
			"from": [-0.5, 9, 6],
			"to": [0, 10, 9],
			"faces": {
				"north": {"uv": [12, 11, 13, 12], "texture": "#all", "cullface": "west"},
				"south": {"uv": [12, 11, 13, 12], "texture": "#all", "cullface": "west"},
				"west": {"uv": [6, 6, 9, 7], "texture": "#all", "cullface": "west"},
				"down": {"uv": [12, 11, 13, 12], "rotation": 90, "texture": "#all", "cullface": "west"}
			}
		}, 
		{
			"from": [-0.5, 12, 1],
			"to": [0, 13, 4],
			"faces": {
				"north": {"uv": [12, 11, 13, 12], "texture": "#all", "cullface": "west"},
				"south": {"uv": [12, 11, 13, 12], "texture": "#all", "cullface": "west"},
				"west": {"uv": [1, 3, 4, 4], "texture": "#all", "cullface": "west"},
				"up": {"uv": [12, 11, 13, 12], "rotation": 270, "texture": "#all", "cullface": "west"},
				"down": {"uv": [12, 11, 13, 12], "rotation": 90, "texture": "#all", "cullface": "west"}
			}
		}, 
		{
			"from": [-0.5, 13, 2],
			"to": [0, 14, 5],
			"faces": {
				"north": {"uv": [12, 11, 13, 12], "texture": "#all", "cullface": "west"},
				"south": {"uv": [12, 11, 13, 12], "texture": "#all", "cullface": "west"},
				"west": {"uv": [2, 2, 5, 3], "texture": "#all", "cullface": "west"},
				"up": {"uv": [12, 11, 13, 12], "rotation": 270, "texture": "#all", "cullface": "west"},
				"down": {"uv": [12, 11, 13, 12], "rotation": 90, "texture": "#all", "cullface": "west"}
			}
		}, 
		{
			"from": [-0.5, 11, 7],
			"to": [0, 12, 12],
			"faces": {
				"north": {"uv": [12, 11, 13, 12], "texture": "#all", "cullface": "west"},
				"south": {"uv": [12, 11, 13, 12], "texture": "#all", "cullface": "west"},
				"west": {"uv": [7, 4, 12, 5], "texture": "#all", "cullface": "west"},
				"up": {"uv": [12, 11, 13, 12], "rotation": 270, "texture": "#all", "cullface": "west"},
				"down": {"uv": [12, 11, 13, 12], "rotation": 90, "texture": "#all", "cullface": "west"}
			}
		}, 
		{
			"from": [-0.5, 10, 4],
			"to": [0, 11, 11],
			"faces": {
				"north": {"uv": [12, 11, 13, 12], "texture": "#all", "cullface": "west"},
				"south": {"uv": [12, 11, 13, 12], "texture": "#all", "cullface": "west"},
				"west": {"uv": [4, 5, 11, 6], "texture": "#all", "cullface": "west"},
				"up": {"uv": [12, 11, 13, 12], "rotation": 270, "texture": "#all", "cullface": "west"},
				"down": {"uv": [12, 11, 13, 12], "rotation": 90, "texture": "#all", "cullface": "west"}
			}
		}
	],
	"display": {
		"thirdperson_righthand": {
			"rotation": [75, 45, 0],
			"translation": [0, 2.5, 0],
			"scale": [0.375, 0.375, 0.375]
		},
		"thirdperson_lefthand": {
			"rotation": [75, 45, 0],
			"translation": [0, 2.5, 0],
			"scale": [0.375, 0.375, 0.375]
		},
		"firstperson_righthand": {
			"rotation": [0, 45, 0],
			"scale": [0.4, 0.4, 0.4]
		},
		"firstperson_lefthand": {
			"rotation": [0, 225, 0],
			"scale": [0.4, 0.4, 0.4]
		},
		"ground": {
			"translation": [0, 3, 0],
			"scale": [0.25, 0.25, 0.25]
		},
		"gui": {
			"rotation": [30, 225, 0],
			"scale": [0.625, 0.625, 0.625]
		},
		"fixed": {
			"scale": [0.5, 0.5, 0.5]
		}
	},
	"groups": [
		0, 
		{
			"name": "1",
			"origin": [0, 0, 0],
			"color": 0,
			"children": [1, 2, 3, 4, 5, 6, 7, 8, 9, 10, 11, 12, 13, 14, 15, 16, 17, 18, 19]
		}, 
		{
			"name": "2",
			"origin": [0, 0, 0],
			"color": 0,
			"children": [20, 21, 22, 23, 24, 25, 26, 27, 28, 29, 30, 31, 32, 33, 34, 35, 36, 37, 38]
		}, 
		{
			"name": "3",
			"origin": [0, 0, 0],
			"color": 0,
			"children": [39, 40, 41, 42, 43, 44, 45, 46, 47, 48, 49, 50, 51, 52, 53, 54, 55, 56, 57]
		}, 
		{
			"name": "4",
			"origin": [0, 0, 0],
			"color": 0,
			"children": [58, 59, 60, 61, 62, 63, 64, 65, 66, 67, 68, 69, 70, 71, 72, 73, 74, 75, 76]
		}, 
		{
			"name": "5",
			"origin": [0, 0, 0],
			"color": 0,
			"children": [77, 78, 79, 80, 81, 82, 83, 84, 85, 86, 87, 88, 89, 90, 91, 92, 93, 94, 95]
		}, 
		{
			"name": "6",
			"origin": [0, 0, 0],
			"color": 0,
			"children": [96, 97, 98, 99, 100, 101, 102, 103, 104, 105, 106, 107, 108, 109, 110, 111, 112, 113, 114]
		}
	]
}