{
	"credit": "Made with Blockbench",
	"ambientocclusion": false,
	"textures": {
		"bars": "block/iron_bars"
	},
	"elements": [
		{
			"from": [7, 0, 2],
			"to": [9, 16, 4],
			"rotation": {"angle": 0, "axis": "y", "origin": [15, 8, 10]},
			"faces": {
				"north": {"uv": [7, 0, 9, 16], "texture": "#bars"},
				"east": {"uv": [12, 0, 14, 16], "texture": "#bars"},
				"south": {"uv": [7, 0, 9, 16], "texture": "#bars"},
				"west": {"uv": [2, 0, 4, 16], "texture": "#bars"},
				"up": {"uv": [7, 2, 9, 4], "texture": "#bars", "cullface": "up"},
				"down": {"uv": [7, 12, 9, 14], "texture": "#bars", "cullface": "down"}
			}
		},
		{
			"from": [7, 2, 4],
			"to": [9, 4, 7],
			"rotation": {"angle": 0, "axis": "y", "origin": [15, 10, 12]},
			"faces": {
				"east": {"uv": [9, 12, 12, 14], "texture": "#bars"},
				"west": {"uv": [9, 12, 12, 14], "texture": "#bars"},
				"up": {"uv": [7, 4, 9, 7], "texture": "#bars"},
				"down": {"uv": [7, 9, 9, 12], "texture": "#bars"}
			}
		},
		{
			"from": [7, 7, 0],
			"to": [9, 9, 2],
			"rotation": {"angle": 0, "axis": "y", "origin": [15, 15, 8]},
			"faces": {
				"north": {"uv": [7, 7, 9, 9], "texture": "#bars", "cullface": "north"},
				"east": {"uv": [14, 7, 16, 9], "texture": "#bars"},
				"south": {"uv": [7, 7, 9, 9], "texture": "#bars"},
				"west": {"uv": [0, 7, 2, 9], "texture": "#bars"},
				"up": {"uv": [7, 0, 9, 2], "texture": "#bars"},
				"down": {"uv": [7, 14, 9, 16], "texture": "#bars"}
			}
		},
		{
			"from": [7, 0, 7],
			"to": [9, 16, 8],
			"rotation": {"angle": 0, "axis": "y", "origin": [15, 8, 15]},
			"faces": {
				"north": {"uv": [7, 0, 9, 16], "texture": "#bars"},
				"east": {"uv": [8, 0, 9, 16], "texture": "#bars"},
				"south": {"uv": [7, 0, 9, 16], "texture": "#bars"},
				"west": {"uv": [7, 0, 8, 16], "texture": "#bars"},
				"up": {"uv": [7, 7, 9, 8], "texture": "#bars", "cullface": "up"},
				"down": {"uv": [7, 8, 9, 9], "texture": "#bars", "cullface": "down"}
			}
		}
	],
	"groups": [
		{
			"name": "iron_bars_side",
			"origin": [15, 8, 10],
			"color": 0,
			"children": [0, 1, 2, 3]
		}
	]
}