{
	"credit": "Made with Blockbench",
	"ambientocclusion": false,
	"textures": {
		"0": "block/jungle_door_top",
		"particle": "block/jungle_door_top"
	},
	"elements": [
		{
			"from": [0, 0, 0],
			"to": [3, 16, 4],
			"faces": {
				"north": {"uv": [3, 0, 0, 16], "texture": "#0", "cullface": "north"},
				"east": {"uv": [12, 0, 16, 16], "texture": "#0"},
				"south": {"uv": [13, 0, 16, 16], "texture": "#0"},
				"west": {"uv": [16, 0, 12, 16], "texture": "#0", "cullface": "west"},
				"up": {"uv": [13, 0, 16, 4], "texture": "#0", "cullface": "up"}
			}
		},
		{
			"from": [0, 0, 12],
			"to": [3, 16, 16],
			"rotation": {"angle": 0, "axis": "y", "origin": [8, 8, 20]},
			"faces": {
				"north": {"uv": [13, 0, 16, 16], "texture": "#0"},
				"east": {"uv": [0, 0, 4, 16], "texture": "#0"},
				"south": {"uv": [0, 0, 3, 16], "texture": "#0", "cullface": "south"},
				"west": {"uv": [4, 0, 0, 16], "texture": "#0", "cullface": "west"},
				"up": {"uv": [13, 12, 16, 16], "texture": "#0", "cullface": "up"}
			}
		},
		{
			"from": [0, 0, 10],
			"to": [3, 8, 12],
			"rotation": {"angle": 0, "axis": "y", "origin": [8, 8, 18]},
			"faces": {
				"north": {"uv": [13, 8, 16, 16], "texture": "#0"},
				"east": {"uv": [4, 8, 6, 16], "texture": "#0"},
				"west": {"uv": [6, 8, 4, 16], "texture": "#0", "cullface": "west"},
				"up": {"uv": [0, 10, 3, 12], "texture": "#0"}
			}
		},
		{
			"from": [0, 0, 4],
			"to": [3, 8, 6],
			"rotation": {"angle": 0, "axis": "y", "origin": [8, 8, 12]},
			"faces": {
				"east": {"uv": [10, 8, 12, 16], "texture": "#0"},
				"south": {"uv": [13, 0, 16, 8], "texture": "#0"},
				"west": {"uv": [12, 8, 10, 16], "texture": "#0", "cullface": "west"},
				"up": {"uv": [13, 4, 16, 6], "texture": "#0"}
			}
		},
		{
			"from": [0, 6, 6],
			"to": [3, 8, 10],
			"rotation": {"angle": 0, "axis": "y", "origin": [8, 8, 14]},
			"faces": {
				"east": {"uv": [6, 8, 10, 10], "texture": "#0"},
				"west": {"uv": [10, 8, 6, 10], "texture": "#0", "cullface": "west"},
				"up": {"uv": [0, 6, 3, 10], "texture": "#0"},
				"down": {"uv": [0, 6, 3, 10], "texture": "#0"}
			}
		},
		{
			"from": [0, 0, 6],
			"to": [3, 4, 10],
			"rotation": {"angle": 0, "axis": "y", "origin": [8, 4, 14]},
			"faces": {
				"east": {"uv": [6, 12, 10, 16], "texture": "#0"},
				"west": {"uv": [10, 12, 6, 16], "texture": "#0", "cullface": "west"},
				"up": {"uv": [0, 6, 3, 10], "texture": "#0"}
			}
		},
		{
			"from": [0, 4, 9],
			"to": [3, 5, 10],
			"rotation": {"angle": 0, "axis": "y", "origin": [8, 5, 14]},
			"faces": {
				"north": {"uv": [13, 11, 16, 12], "texture": "#0"},
				"east": {"uv": [6, 11, 7, 12], "texture": "#0"},
				"west": {"uv": [7, 11, 6, 12], "texture": "#0", "cullface": "west"},
				"up": {"uv": [0, 9, 3, 10], "texture": "#0"}
			}
		},
		{
			"from": [0, 4, 6],
			"to": [3, 5, 7],
			"rotation": {"angle": 0, "axis": "y", "origin": [8, 5, 11]},
			"faces": {
				"east": {"uv": [9, 11, 10, 12], "texture": "#0"},
				"south": {"uv": [13, 0, 16, 1], "texture": "#0"},
				"west": {"uv": [10, 11, 9, 12], "texture": "#0", "cullface": "west"},
				"up": {"uv": [0, 6, 3, 7], "texture": "#0"}
			}
		},
		{
			"from": [0, 8, 6],
			"to": [3, 12, 7],
			"rotation": {"angle": 0, "axis": "y", "origin": [8, 9, 11]},
			"faces": {
				"north": {"uv": [13, 4, 16, 8], "texture": "#0"},
				"east": {"uv": [9, 4, 10, 8], "texture": "#0"},
				"south": {"uv": [13, 0, 16, 4], "texture": "#0"},
				"west": {"uv": [7, 4, 6, 8], "texture": "#0", "cullface": "west"}
			}
		},
		{
			"from": [0, 8, 9],
			"to": [3, 12, 10],
			"rotation": {"angle": 0, "axis": "y", "origin": [8, 9, 14]},
			"faces": {
				"north": {"uv": [13, 4, 16, 8], "texture": "#0"},
				"east": {"uv": [6, 4, 7, 8], "texture": "#0"},
				"south": {"uv": [13, 0, 16, 4], "texture": "#0"},
				"west": {"uv": [10, 4, 9, 8], "texture": "#0", "cullface": "west"}
			}
		},
		{
			"from": [0, 11, 11],
			"to": [3, 12, 12],
			"rotation": {"angle": 0, "axis": "y", "origin": [8, 9, 16]},
			"faces": {
				"north": {"uv": [13, 4, 16, 5], "texture": "#0"},
				"east": {"uv": [4, 4, 5, 5], "texture": "#0"},
				"west": {"uv": [12, 4, 11, 5], "texture": "#0", "cullface": "west"},
				"down": {"uv": [13, 4, 16, 5], "texture": "#0"}
			}
		},
		{
			"from": [0, 11, 4],
			"to": [3, 12, 5],
			"rotation": {"angle": 0, "axis": "y", "origin": [8, 9, 9]},
			"faces": {
				"east": {"uv": [11, 4, 12, 5], "texture": "#0"},
				"south": {"uv": [13, 0, 16, 1], "texture": "#0"},
				"west": {"uv": [5, 4, 4, 5], "texture": "#0", "cullface": "west"},
				"down": {"uv": [0, 11, 3, 12], "texture": "#0"}
			}
		},
		{
			"from": [0, 12, 4],
			"to": [3, 16, 7],
			"rotation": {"angle": 0, "axis": "y", "origin": [8, 10, 9]},
			"faces": {
				"east": {"uv": [9, 0, 12, 4], "texture": "#0"},
				"south": {"uv": [13, 0, 16, 4], "texture": "#0"},
				"west": {"uv": [7, 0, 4, 4], "texture": "#0", "cullface": "west"},
				"up": {"uv": [13, 4, 16, 7], "texture": "#0", "cullface": "up"},
				"down": {"uv": [0, 9, 3, 12], "texture": "#0"}
			}
		},
		{
			"from": [0, 12, 9],
			"to": [3, 16, 12],
			"rotation": {"angle": 0, "axis": "y", "origin": [8, 10, 14]},
			"faces": {
				"north": {"uv": [13, 0, 16, 4], "texture": "#0"},
				"east": {"uv": [4, 0, 7, 4], "texture": "#0"},
				"west": {"uv": [12, 0, 9, 4], "texture": "#0", "cullface": "west"},
				"up": {"uv": [13, 9, 16, 12], "texture": "#0", "cullface": "up"},
				"down": {"uv": [13, 4, 16, 7], "texture": "#0"}
			}
		},
		{
			"from": [0, 13, 7],
			"to": [3, 16, 9],
			"rotation": {"angle": 0, "axis": "y", "origin": [8, 10, 12]},
			"faces": {
				"east": {"uv": [7, 0, 9, 3], "texture": "#0"},
				"west": {"uv": [9, 0, 7, 3], "texture": "#0", "cullface": "west"},
				"up": {"uv": [13, 7, 16, 9], "texture": "#0", "cullface": "up"},
				"down": {"uv": [0, 7, 3, 9], "texture": "#0"}
			}
		},
		{
			"from": [-0.5, 0, 4],
			"to": [0, 1, 5],
			"rotation": {"angle": 0, "axis": "y", "origin": [8, 8, 12]},
			"faces": {
				"north": {"uv": [11, 15, 12, 16], "texture": "#0", "cullface": "west"},
				"south": {"uv": [11, 15, 12, 16], "texture": "#0", "cullface": "west"},
				"west": {"uv": [12, 15, 11, 16], "texture": "#0", "cullface": "west"},
				"down": {"uv": [11, 15, 12, 16], "texture": "#0", "cullface": "west"}
			}
		},
		{
			"from": [-0.5, 1, 2],
			"to": [0, 2, 5],
			"rotation": {"angle": 0, "axis": "y", "origin": [8, 9, 10]},
			"faces": {
				"north": {"uv": [11, 14, 11.5, 15], "texture": "#0", "cullface": "west"},
				"south": {"uv": [13, 14, 13.5, 15], "texture": "#0", "cullface": "west"},
				"west": {"uv": [14, 14, 11, 15], "rotation": 180, "texture": "#0", "cullface": "west"},
				"up": {"uv": [11, 14, 14, 14.5], "rotation": 90, "texture": "#0", "cullface": "west"},
				"down": {"uv": [11, 14, 14, 14.5], "rotation": 270, "texture": "#0", "cullface": "west"}
			}
		},
		{
			"from": [3, 0, 4],
			"to": [3.5, 1, 5],
			"rotation": {"angle": 0, "axis": "y", "origin": [11, 8, 12]},
			"faces": {
				"north": {"uv": [11, 15, 12, 16], "texture": "#0"},
				"east": {"uv": [12, 15, 11, 16], "texture": "#0"},
				"south": {"uv": [11, 15, 12, 16], "texture": "#0"},
				"down": {"uv": [11, 15, 12, 16], "texture": "#0", "cullface": "down"}
			}
		},
		{
			"from": [3, 1, 2],
			"to": [3.5, 2, 5],
			"rotation": {"angle": 0, "axis": "y", "origin": [11, 9, 10]},
			"faces": {
				"north": {"uv": [13, 14, 13.5, 15], "texture": "#0"},
				"east": {"uv": [14, 14, 11, 15], "rotation": 180, "texture": "#0"},
				"south": {"uv": [11, 14, 11.5, 15], "texture": "#0"},
				"up": {"uv": [11, 14, 14, 14.5], "rotation": 270, "texture": "#0"},
				"down": {"uv": [11, 14, 14, 14.5], "rotation": 90, "texture": "#0"}
			}
		}
	],
	"groups": [
		{
			"name": "door_top",
			"origin": [8, 8, 8],
			"children": [0, 1, 2, 3, 4, 5, 6, 7, 8, 9, 10, 11, 12, 13, 14, 15, 16, 17, 18]
		}
	]
}