{
	"credit": "Made with Blockbench",
	"textures": {
		"0": "block/loom_bottom",
		"1": "block/loom_front",
		"2": "block/loom_side",
		"3": "block/loom_top",
		"particle": "block/loom_front"
	},
	"elements": [
		{
			"name": "cube1",
			"from": [1, 2, 1],
			"to": [15, 5, 2],
			"rotation": {"angle": 0, "axis": "y", "origin": [8, 8, 9]},
			"faces": {
				"north": {"uv": [1, 11, 15, 14], "texture": "#1", "cullface": "north"}
			}
		},
		{
			"name": "cube2",
			"from": [1, 14, 1],
			"to": [15, 15, 15],
			"rotation": {"angle": 0, "axis": "y", "origin": [8, 22, 9]},
			"faces": {
				"up": {"uv": [1, 1, 15, 15], "texture": "#3", "cullface": "up"}
			}
		},
		{
			"from": [0, 0, 0],
			"to": [16, 2, 1],
			"faces": {
				"north": {"uv": [0, 14, 16, 16], "texture": "#1", "cullface": "north"},
				"east": {"uv": [0, 0, 1, 2], "texture": "#1", "cullface": "east"},
				"west": {"uv": [0, 14, 1, 16], "texture": "#2", "cullface": "west"},
				"up": {"uv": [0, 14, 16, 15], "texture": "#1", "cullface": "north"},
				"down": {"uv": [0, 15, 16, 16], "texture": "#1", "cullface": "down"}
			}
		},
		{
			"from": [0, 2, 0],
			"to": [1, 15, 1],
			"rotation": {"angle": 0, "axis": "y", "origin": [8, 10, 8]},
			"faces": {
				"north": {"uv": [15, 1, 16, 14], "texture": "#1", "cullface": "north"},
				"east": {"uv": [15, 1, 16, 14], "texture": "#1", "cullface": "north"},
				"south": {"uv": [0, 1, 1, 14], "texture": "#1", "cullface": "west"},
				"west": {"uv": [0, 1, 1, 14], "texture": "#2", "cullface": "west"}
			}
		},
		{
			"from": [15, 2, 0],
			"to": [16, 15, 1],
			"rotation": {"angle": 0, "axis": "y", "origin": [23, 10, 8]},
			"faces": {
				"north": {"uv": [0, 1, 1, 14], "texture": "#1", "cullface": "north"},
				"east": {"uv": [15, 1, 16, 14], "texture": "#1", "cullface": "east"},
				"south": {"uv": [15, 1, 16, 14], "texture": "#1", "cullface": "east"},
				"west": {"uv": [0, 1, 1, 14], "texture": "#1", "cullface": "north"}
			}
		},
		{
			"from": [14, 5, 0],
			"to": [15, 8, 1],
			"rotation": {"angle": 0, "axis": "y", "origin": [22, 10, 8]},
			"faces": {
				"north": {"uv": [1, 8, 2, 11], "texture": "#1", "cullface": "north"},
				"west": {"uv": [0, 0, 1, 3], "texture": "#1", "cullface": "north"},
				"down": {"uv": [0, 0, 1, 1], "texture": "#1", "cullface": "north"}
			}
		},
		{
			"from": [1, 5, 0],
			"to": [2, 8, 1],
			"rotation": {"angle": 0, "axis": "y", "origin": [9, 10, 8]},
			"faces": {
				"north": {"uv": [14, 8, 15, 11], "texture": "#1", "cullface": "north"},
				"east": {"uv": [0, 0, 1, 3], "texture": "#1", "cullface": "north"},
				"up": {"uv": [0, 0, 1, 1], "texture": "#1", "cullface": "north"},
				"down": {"uv": [0, 0, 1, 1], "texture": "#1", "cullface": "north"}
			}
		},
		{
			"from": [2, 7, 0],
			"to": [14, 8, 1],
			"rotation": {"angle": 0, "axis": "y", "origin": [10, 10, 8]},
			"faces": {
				"north": {"uv": [2, 8, 14, 9], "texture": "#1", "cullface": "north"},
				"up": {"uv": [2, 8, 14, 9], "texture": "#1", "cullface": "north"},
				"down": {"uv": [2, 8, 14, 9], "texture": "#1", "cullface": "north"}
			}
		},
		{
			"from": [2, 5, 0],
			"to": [14, 6, 1],
			"rotation": {"angle": 0, "axis": "y", "origin": [10, 8, 8]},
			"faces": {
				"north": {"uv": [2, 10, 14, 11], "texture": "#1", "cullface": "north"},
				"up": {"uv": [2, 10, 14, 11], "texture": "#1", "cullface": "north"},
				"down": {"uv": [2, 10, 14, 11], "texture": "#1", "cullface": "north"}
			}
		},
		{
			"from": [14, 8, 0],
			"to": [15, 15, 1],
			"rotation": {"angle": 0, "axis": "y", "origin": [11, 11, 8]},
			"faces": {
				"north": {"uv": [1, 1, 2, 8], "texture": "#1", "cullface": "north"},
				"east": {"uv": [1, 1, 2, 8], "texture": "#1", "cullface": "north"},
				"west": {"uv": [1, 1, 2, 8], "texture": "#1", "cullface": "north"},
				"up": {"uv": [1, 1, 2, 8], "texture": "#1", "cullface": "north"},
				"down": {"uv": [1, 1, 2, 8], "texture": "#1", "cullface": "north"}
			}
		},
		{
			"from": [12, 8, 0],
			"to": [13, 15, 1],
			"rotation": {"angle": 0, "axis": "y", "origin": [9, 11, 8]},
			"faces": {
				"north": {"uv": [3, 1, 4, 8], "texture": "#1", "cullface": "north"},
				"east": {"uv": [3, 1, 4, 8], "texture": "#1", "cullface": "north"},
				"west": {"uv": [3, 1, 4, 8], "texture": "#1", "cullface": "north"},
				"up": {"uv": [3, 1, 4, 8], "texture": "#1", "cullface": "north"},
				"down": {"uv": [3, 1, 4, 8], "texture": "#1", "cullface": "north"}
			}
		},
		{
			"from": [10, 8, 0],
			"to": [11, 15, 1],
			"rotation": {"angle": 0, "axis": "y", "origin": [7, 11, 8]},
			"faces": {
				"north": {"uv": [5, 1, 6, 8], "texture": "#1", "cullface": "north"},
				"east": {"uv": [5, 1, 6, 8], "texture": "#1", "cullface": "north"},
				"west": {"uv": [5, 1, 6, 8], "texture": "#1", "cullface": "north"},
				"up": {"uv": [5, 1, 6, 8], "texture": "#1", "cullface": "north"},
				"down": {"uv": [5, 1, 6, 8], "texture": "#1", "cullface": "north"}
			}
		},
		{
			"from": [8, 8, 0],
			"to": [9, 15, 1],
			"rotation": {"angle": 0, "axis": "y", "origin": [5, 11, 8]},
			"faces": {
				"north": {"uv": [7, 1, 8, 8], "texture": "#1", "cullface": "north"},
				"east": {"uv": [7, 1, 8, 8], "texture": "#1", "cullface": "north"},
				"west": {"uv": [7, 1, 8, 8], "texture": "#1", "cullface": "north"},
				"up": {"uv": [7, 1, 8, 8], "texture": "#1", "cullface": "north"},
				"down": {"uv": [7, 1, 8, 8], "texture": "#1", "cullface": "north"}
			}
		},
		{
			"from": [6, 8, 0],
			"to": [7, 15, 1],
			"rotation": {"angle": 0, "axis": "y", "origin": [3, 11, 8]},
			"faces": {
				"north": {"uv": [9, 1, 10, 8], "texture": "#1", "cullface": "north"},
				"east": {"uv": [9, 1, 10, 8], "texture": "#1", "cullface": "north"},
				"west": {"uv": [9, 1, 10, 8], "texture": "#1", "cullface": "north"},
				"up": {"uv": [9, 1, 10, 8], "texture": "#1", "cullface": "north"},
				"down": {"uv": [9, 1, 10, 8], "texture": "#1", "cullface": "north"}
			}
		},
		{
			"from": [4, 8, 0],
			"to": [5, 15, 1],
			"rotation": {"angle": 0, "axis": "y", "origin": [1, 11, 8]},
			"faces": {
				"north": {"uv": [11, 1, 12, 8], "texture": "#1", "cullface": "north"},
				"east": {"uv": [11, 1, 12, 8], "texture": "#1", "cullface": "north"},
				"west": {"uv": [11, 1, 12, 8], "texture": "#1", "cullface": "north"},
				"up": {"uv": [11, 1, 12, 8], "texture": "#1", "cullface": "north"},
				"down": {"uv": [11, 1, 12, 8], "texture": "#1", "cullface": "north"}
			}
		},
		{
			"from": [2, 8, 0],
			"to": [3, 15, 1],
			"rotation": {"angle": 0, "axis": "y", "origin": [-1, 11, 8]},
			"faces": {
				"north": {"uv": [13, 1, 14, 8], "texture": "#1", "cullface": "north"},
				"east": {"uv": [13, 1, 14, 8], "texture": "#1", "cullface": "north"},
				"west": {"uv": [13, 1, 14, 8], "texture": "#1", "cullface": "north"},
				"up": {"uv": [13, 1, 14, 8], "texture": "#1", "cullface": "north"},
				"down": {"uv": [13, 1, 14, 8], "texture": "#1", "cullface": "north"}
			}
		},
		{
			"from": [2, 6, 0.3],
			"to": [14, 7, 1],
			"rotation": {"angle": 0, "axis": "y", "origin": [10, 14, 8.3]},
			"faces": {
				"north": {"uv": [2, 9, 14, 10], "texture": "#1"}
			}
		},
		{
			"from": [1, 8, 0.5],
			"to": [14, 15.95, 1],
			"rotation": {"angle": 0, "axis": "y", "origin": [-2, 11, 8.5]},
			"faces": {
				"north": {"uv": [2, 0.05, 15, 8], "texture": "#1", "cullface": "north"},
				"up": {"uv": [0, 0, 13, 0.5], "texture": "#1", "cullface": "up"}
			}
		},
		{
			"from": [0, 15, 0],
			"to": [16, 16, 1],
			"faces": {
				"north": {"uv": [0, 0, 16, 1], "texture": "#1", "cullface": "north"},
				"east": {"uv": [15, 0, 16, 1], "texture": "#1", "cullface": "east"},
				"south": {"uv": [0, 0, 16, 1], "texture": "#3", "cullface": "up"},
				"west": {"uv": [0, 0, 1, 1], "texture": "#1", "cullface": "west"},
				"up": {"uv": [0, 0, 16, 1], "texture": "#3", "cullface": "up"},
				"down": {"uv": [0, 15, 16, 16], "texture": "#1", "cullface": "north"}
			}
		},
		{
			"from": [0, 15, 1],
			"to": [1, 16, 16],
			"rotation": {"angle": 0, "axis": "y", "origin": [8.19231, 15.46058, 8.32692]},
			"faces": {
				"east": {"uv": [0, 0, 15, 1], "texture": "#2", "cullface": "up"},
				"south": {"uv": [0, 0, 1, 1], "texture": "#3", "cullface": "south"},
				"west": {"uv": [1, 0, 16, 1], "texture": "#2", "cullface": "west"},
				"up": {"uv": [0, 1, 1, 16], "texture": "#3", "cullface": "up"},
				"down": {"uv": [0, 0, 1, 15], "texture": "#3", "cullface": "west"}
			}
		},
		{
			"from": [15, 15, 1],
			"to": [16, 16, 16],
			"rotation": {"angle": 0, "axis": "y", "origin": [8.19231, 15.46058, 8.32692]},
			"faces": {
				"east": {"uv": [0, 0, 15, 1], "texture": "#2", "cullface": "east"},
				"south": {"uv": [15, 0, 16, 1], "texture": "#3", "cullface": "south"},
				"west": {"uv": [1, 0, 16, 1], "texture": "#2", "cullface": "up"},
				"up": {"uv": [15, 1, 16, 16], "texture": "#3", "cullface": "up"},
				"down": {"uv": [15, 0, 16, 15], "texture": "#3", "cullface": "east"}
			}
		},
		{
			"from": [1, 15, 7],
			"to": [14, 15.5, 8],
			"rotation": {"angle": 0, "axis": "y", "origin": [8.19231, 15.46058, 8.32692]},
			"faces": {
				"north": {"uv": [1, 7, 14, 8], "texture": "#3", "cullface": "up"},
				"south": {"uv": [1, 7, 14, 8], "texture": "#3", "cullface": "up"},
				"up": {"uv": [1, 7, 2, 8], "texture": "#3", "cullface": "up"}
			}
		},
		{
			"from": [1, 15, 12],
			"to": [15, 16.1, 13],
			"rotation": {"angle": 0, "axis": "y", "origin": [8.19231, 15.46058, 8.32692]},
			"faces": {
				"north": {"uv": [1, 12, 15, 13], "texture": "#3", "cullface": "up"},
				"east": {"uv": [1, 12, 2, 13.1], "texture": "#3", "cullface": "up"},
				"south": {"uv": [1, 12, 15, 13], "texture": "#3", "cullface": "up"},
				"west": {"uv": [1, 12, 2, 13.1], "texture": "#3", "cullface": "up"},
				"up": {"uv": [1, 12, 15, 13], "texture": "#3", "cullface": "up"}
			}
		},
		{
			"from": [1, 15, 15],
			"to": [15, 16, 16],
			"rotation": {"angle": 0, "axis": "y", "origin": [8.19231, 15.46058, 8.32692]},
			"faces": {
				"north": {"uv": [1, 15, 15, 16], "rotation": 180, "texture": "#3", "cullface": "up"},
				"south": {"uv": [1, 15, 15, 16], "texture": "#3", "cullface": "south"},
				"up": {"uv": [1, 15, 15, 16], "texture": "#3", "cullface": "up"},
				"down": {"uv": [1, 0, 15, 1], "texture": "#2", "cullface": "south"}
			}
		},
		{
			"from": [2, 15, 1],
			"to": [3, 16, 14],
			"rotation": {"angle": 0, "axis": "y", "origin": [8.19231, 15.46058, 8.32692]},
			"faces": {
				"east": {"uv": [2, 0, 3, 12], "rotation": 90, "texture": "#3", "cullface": "up"},
				"south": {"uv": [14, 13, 15, 14], "texture": "#3", "cullface": "up"},
				"west": {"uv": [2, 0, 3, 12], "rotation": 90, "texture": "#3", "cullface": "up"},
				"up": {"uv": [2, 0, 3, 12], "texture": "#3", "cullface": "up"}
			}
		},
		{
			"from": [4, 15, 1],
			"to": [5, 16, 14],
			"rotation": {"angle": 0, "axis": "y", "origin": [8.19231, 15.46058, 8.32692]},
			"faces": {
				"east": {"uv": [4, 0, 5, 12], "rotation": 90, "texture": "#3", "cullface": "up"},
				"south": {"uv": [14, 13, 15, 14], "texture": "#3", "cullface": "up"},
				"west": {"uv": [4, 0, 5, 12], "rotation": 90, "texture": "#3", "cullface": "up"},
				"up": {"uv": [4, 0, 5, 12], "texture": "#3", "cullface": "up"}
			}
		},
		{
			"from": [6, 15, 1],
			"to": [7, 16, 14],
			"rotation": {"angle": 0, "axis": "y", "origin": [8.19231, 15.46058, 8.32692]},
			"faces": {
				"east": {"uv": [6, 0, 7, 12], "rotation": 90, "texture": "#3", "cullface": "up"},
				"south": {"uv": [14, 13, 15, 14], "texture": "#3", "cullface": "up"},
				"west": {"uv": [6, 0, 7, 12], "rotation": 90, "texture": "#3", "cullface": "up"},
				"up": {"uv": [6, 0, 7, 12], "texture": "#3", "cullface": "up"}
			}
		},
		{
			"from": [8, 15, 1],
			"to": [9, 16, 14],
			"rotation": {"angle": 0, "axis": "y", "origin": [8.19231, 15.46058, 8.32692]},
			"faces": {
				"east": {"uv": [8, 0, 9, 12], "rotation": 90, "texture": "#3", "cullface": "up"},
				"south": {"uv": [14, 13, 15, 14], "texture": "#3", "cullface": "up"},
				"west": {"uv": [8, 0, 9, 12], "rotation": 90, "texture": "#3", "cullface": "up"},
				"up": {"uv": [8, 0, 9, 12], "texture": "#3", "cullface": "up"}
			}
		},
		{
			"from": [10, 15, 1],
			"to": [11, 16, 14],
			"rotation": {"angle": 0, "axis": "y", "origin": [8.19231, 15.46058, 8.32692]},
			"faces": {
				"east": {"uv": [10, 0, 11, 12], "rotation": 90, "texture": "#3", "cullface": "up"},
				"south": {"uv": [14, 13, 15, 14], "texture": "#3", "cullface": "up"},
				"west": {"uv": [10, 0, 11, 12], "rotation": 90, "texture": "#3", "cullface": "up"},
				"up": {"uv": [10, 0, 11, 12], "texture": "#3", "cullface": "up"}
			}
		},
		{
			"from": [12, 15, 1],
			"to": [13, 16, 14],
			"rotation": {"angle": 0, "axis": "y", "origin": [8.19231, 15.46058, 8.32692]},
			"faces": {
				"east": {"uv": [12, 0, 13, 12], "rotation": 90, "texture": "#3", "cullface": "up"},
				"south": {"uv": [14, 13, 15, 14], "texture": "#3", "cullface": "up"},
				"west": {"uv": [12, 0, 13, 12], "rotation": 90, "texture": "#3", "cullface": "up"},
				"up": {"uv": [12, 0, 13, 12], "texture": "#3", "cullface": "up"}
			}
		},
		{
			"from": [14, 15, 1],
			"to": [15, 16, 14],
			"rotation": {"angle": 0, "axis": "y", "origin": [8.19231, 15.46058, 8.32692]},
			"faces": {
				"south": {"uv": [14, 13, 15, 14], "texture": "#3", "cullface": "up"},
				"west": {"uv": [14, 0, 15, 12], "rotation": 90, "texture": "#3", "cullface": "up"},
				"up": {"uv": [14, 0, 15, 12], "texture": "#3", "cullface": "up"}
			}
		},
		{
			"from": [0.5, 0, 1],
			"to": [0.5, 15, 16],
			"rotation": {"angle": 0, "axis": "y", "origin": [9, 8, 9]},
			"faces": {
				"west": {"uv": [1, 1, 16, 16], "texture": "#2", "cullface": "west"}
			}
		},
		{
			"from": [0, 0, 1],
			"to": [1, 2, 16],
			"rotation": {"angle": 0, "axis": "y", "origin": [8, 8, 9]},
			"faces": {
				"south": {"uv": [0, 14, 1, 16], "texture": "#2", "cullface": "south"},
				"west": {"uv": [1, 14, 16, 16], "texture": "#2", "cullface": "west"},
				"up": {"uv": [0, 0, 1, 15], "texture": "#2", "cullface": "west"},
				"down": {"uv": [1, 15, 16, 16], "rotation": 90, "texture": "#2", "cullface": "down"}
			}
		},
		{
			"from": [0, 7, 1],
			"to": [1, 9, 15],
			"rotation": {"angle": 0, "axis": "y", "origin": [8, 15, 9]},
			"faces": {
				"south": {"uv": [0, 7, 1, 9], "texture": "#2", "cullface": "west"},
				"west": {"uv": [1, 7, 15, 9], "texture": "#2", "cullface": "west"},
				"up": {"uv": [0, 1, 1, 15], "texture": "#2", "cullface": "west"},
				"down": {"uv": [0, 1, 1, 15], "texture": "#2", "cullface": "west"}
			}
		},
		{
			"from": [15, 0, 1],
			"to": [16, 2, 16],
			"rotation": {"angle": 0, "axis": "y", "origin": [23, 8, 9]},
			"faces": {
				"east": {"uv": [0, 14, 15, 16], "texture": "#2", "cullface": "east"},
				"south": {"uv": [15, 14, 16, 16], "texture": "#2", "cullface": "south"},
				"up": {"uv": [0, 0, 1, 15], "texture": "#2", "cullface": "east"},
				"down": {"uv": [0, 0, 1, 15], "texture": "#2", "cullface": "down"}
			}
		},
		{
			"from": [15, 7, 1],
			"to": [16, 9, 15],
			"rotation": {"angle": 0, "axis": "y", "origin": [23, 15, 9]},
			"faces": {
				"east": {"uv": [1, 7, 15, 9], "texture": "#2", "cullface": "east"},
				"up": {"uv": [0, 0, 1, 15], "texture": "#2", "cullface": "east"},
				"down": {"uv": [0, 0, 1, 15], "texture": "#2", "cullface": "east"}
			}
		},
		{
			"from": [15, 2, 15],
			"to": [16, 15, 16],
			"rotation": {"angle": 0, "axis": "y", "origin": [23, 10, 9]},
			"faces": {
				"north": {"uv": [0, 0, 1, 13], "texture": "#2", "cullface": "east"},
				"east": {"uv": [0, 1, 1, 14], "texture": "#2", "cullface": "east"},
				"south": {"uv": [15, 1, 16, 14], "texture": "#2", "cullface": "south"},
				"west": {"uv": [0, 0, 1, 13], "texture": "#2", "cullface": "south"}
			}
		},
		{
			"from": [0, 2, 15],
			"to": [1, 15, 16],
			"rotation": {"angle": 0, "axis": "y", "origin": [23, 10, 9]},
			"faces": {
				"north": {"uv": [15, 1, 16, 14], "texture": "#2", "cullface": "west"},
				"east": {"uv": [0, 1, 1, 14], "texture": "#2", "cullface": "south"},
				"south": {"uv": [0, 1, 1, 14], "texture": "#2", "cullface": "south"},
				"west": {"uv": [15, 1, 16, 14], "texture": "#2", "cullface": "west"}
			}
		},
		{
			"from": [15.5, 2, 1],
			"to": [15.5, 15, 15],
			"rotation": {"angle": 0, "axis": "y", "origin": [22, 10, 9]},
			"faces": {
				"east": {"uv": [1, 1, 15, 14], "texture": "#2", "cullface": "east"}
			}
		},
		{
			"from": [1, 0, 15],
			"to": [15, 2, 16],
			"rotation": {"angle": 0, "axis": "y", "origin": [9, 8, 23]},
			"faces": {
				"south": {"uv": [1, 14, 15, 16], "texture": "#2", "cullface": "south"},
				"up": {"uv": [0, 0, 14, 1], "texture": "#2", "cullface": "south"},
				"down": {"uv": [0, 0, 14, 1], "texture": "#2", "cullface": "down"}
			}
		},
		{
			"from": [1, 7, 15],
			"to": [15, 9, 16],
			"rotation": {"angle": 0, "axis": "y", "origin": [9, 15, 23]},
			"faces": {
				"south": {"uv": [1, 7, 15, 9], "texture": "#2", "cullface": "south"},
				"up": {"uv": [0, 0, 14, 1], "texture": "#2", "cullface": "south"},
				"down": {"uv": [0, 0, 14, 1], "texture": "#2", "cullface": "south"}
			}
		},
		{
			"from": [1, 2, 15.5],
			"to": [15, 15, 15.5],
			"rotation": {"angle": 0, "axis": "y", "origin": [9, 10, 23]},
			"faces": {
				"south": {"uv": [1, 1, 15, 14], "texture": "#2", "cullface": "south"}
			}
		},
		{
			"from": [1, 0.5, 1],
			"to": [15, 0.5, 15],
			"rotation": {"angle": 0, "axis": "y", "origin": [9, 9, 9]},
			"faces": {
				"down": {"uv": [1, 1, 15, 15], "texture": "#0", "cullface": "down"}
			}
		},
		{
			"from": [2, 0, 5],
			"to": [14, 1, 6],
			"rotation": {"angle": 0, "axis": "y", "origin": [9, 8, 13]},
			"faces": {
				"north": {"uv": [2, 10, 14, 11], "texture": "#0", "cullface": "down"},
				"south": {"uv": [2, 4, 14, 5], "texture": "#0", "cullface": "down"},
				"down": {"uv": [2, 10, 14, 11], "texture": "#0", "cullface": "down"}
			}
		},
		{
			"from": [2, 0, 8],
			"to": [14, 1, 9],
			"rotation": {"angle": 0, "axis": "y", "origin": [9, 8, 16]},
			"faces": {
				"north": {"uv": [2, 7, 14, 8], "texture": "#0", "cullface": "down"},
				"south": {"uv": [2, 4, 14, 5], "texture": "#0", "cullface": "down"},
				"down": {"uv": [2, 7, 14, 8], "texture": "#0", "cullface": "down"}
			}
		},
		{
			"from": [2, 0, 11],
			"to": [14, 1, 12],
			"rotation": {"angle": 0, "axis": "y", "origin": [9, 8, 19]},
			"faces": {
				"north": {"uv": [2, 4, 14, 5], "texture": "#0", "cullface": "down"},
				"south": {"uv": [2, 4, 14, 5], "texture": "#0", "cullface": "down"},
				"down": {"uv": [2, 4, 14, 5], "texture": "#0", "cullface": "down"}
			}
		},
		{
			"from": [2, 0, 14],
			"to": [14, 1, 15],
			"rotation": {"angle": 0, "axis": "y", "origin": [9, 8, 22]},
			"faces": {
				"north": {"uv": [2, 1, 14, 2], "texture": "#0", "cullface": "down"},
				"down": {"uv": [2, 1, 14, 2], "texture": "#0", "cullface": "down"}
			}
		},
		{
			"from": [1, 0, 1],
			"to": [2, 1, 15],
			"rotation": {"angle": 0, "axis": "y", "origin": [8, 8, 22]},
			"faces": {
				"east": {"uv": [1, 1, 15, 2], "texture": "#0", "cullface": "down"},
				"down": {"uv": [1, 1, 2, 15], "texture": "#0", "cullface": "down"}
			}
		},
		{
			"from": [14, 0, 1],
			"to": [15, 1, 15],
			"rotation": {"angle": 0, "axis": "y", "origin": [21, 8, 22]},
			"faces": {
				"west": {"uv": [14, 1, 15, 15], "rotation": 90, "texture": "#0", "cullface": "down"},
				"down": {"uv": [14, 1, 15, 15], "texture": "#0", "cullface": "down"}
			}
		},
		{
			"from": [2, 0, 1],
			"to": [14, 1, 3],
			"rotation": {"angle": 0, "axis": "y", "origin": [20, 8, 23]},
			"faces": {
				"south": {"uv": [2, 4, 14, 5], "texture": "#0", "cullface": "down"},
				"down": {"uv": [2, 13, 14, 15], "texture": "#0", "cullface": "down"}
			}
		}
	],
	"display": {
		"thirdperson_righthand": {
			"rotation": [75, 45, 0],
			"translation": [0, 2.5, 0],
			"scale": [0.375, 0.375, 0.375]
		},
		"thirdperson_lefthand": {
			"rotation": [75, 45, 0],
			"translation": [0, 2.5, 0],
			"scale": [0.375, 0.375, 0.375]
		},
		"firstperson_righthand": {
			"rotation": [0, 45, 0],
			"scale": [0.4, 0.4, 0.4]
		},
		"firstperson_lefthand": {
			"rotation": [0, 225, 0],
			"scale": [0.4, 0.4, 0.4]
		},
		"ground": {
			"translation": [0, 3, 0],
			"scale": [0.25, 0.25, 0.25]
		},
		"gui": {
			"rotation": [30, 225, 0],
			"scale": [0.625, 0.625, 0.625]
		},
		"fixed": {
			"scale": [0.5, 0.5, 0.5]
		}
	},
	"groups": [
		0,
		1,
		{
			"name": "1",
			"origin": [8, 8, 9],
			"color": 0,
			"children": [2, 3, 4, 5, 6, 7, 8, 9, 10, 11, 12, 13, 14, 15, 16, 17, 18]
		},
		{
			"name": "2",
			"origin": [8, 8, 8],
			"color": 0,
			"children": [19, 20, 21, 22, 23, 24, 25, 26, 27, 28, 29, 30]
		},
		{
			"name": "3",
			"origin": [8, 8, 8],
			"color": 0,
			"children": [31, 32, 33, 34, 35, 36, 37, 38, 39, 40, 41]
		},
		{
			"name": "4",
			"origin": [8, 8, 8],
			"color": 0,
			"children": [42, 43, 44, 45, 46, 47, 48, 49]
		}
	]
}