{
	"credit": "By GORIBBY. Made with Blockbench.",
	"parent": "minecraft:block/template_orientable_trapdoor_bottom",
	"textures": {
		"0": "block/mangrove_trapdoor",
		"particle": "block/mangrove_trapdoor"
	},
	"elements": [
		{
			"from": [0, 0, 0],
			"to": [16, 3, 16],
			"faces": {
				"north": {"uv": [0, 0, 16, 3], "texture": "#0", "cullface": "north"},
				"east": {"uv": [0, 0, 16, 3], "texture": "#0", "cullface": "east"},
				"south": {"uv": [0, 0, 16, 3], "texture": "#0", "cullface": "south"},
				"west": {"uv": [0, 0, 16, 3], "texture": "#0", "cullface": "west"},
				"up": {"uv": [0, 16, 16, 0], "texture": "#0"},
				"down": {"uv": [0, 0, 16, 16], "texture": "#0", "cullface": "down"}
			}
		},
		{
			"from": [4, 0, 5],
			"to": [5, 3, 11],
			"faces": {
				"east": {"uv": [5, 13, 11, 16], "texture": "#0"},
				"west": {"uv": [5, 13, 11, 16], "texture": "#0"}
			}
		},
		{
			"from": [11, 0, 5],
			"to": [12, 3, 11],
			"faces": {
				"east": {"uv": [5, 13, 11, 16], "texture": "#0"},
				"west": {"uv": [5, 13, 11, 16], "texture": "#0"}
			}
		},
		{
			"from": [5, 0, 4],
			"to": [11, 3, 5],
			"faces": {
				"north": {"uv": [5, 13, 11, 16], "texture": "#0"},
				"south": {"uv": [5, 13, 11, 16], "texture": "#0"}
			}
		},
		{
			"from": [5, 0, 11],
			"to": [11, 3, 12],
			"faces": {
				"north": {"uv": [5, 13, 11, 16], "texture": "#0"},
				"south": {"uv": [5, 13, 11, 16], "texture": "#0"}
			}
		},
		{
			"from": [10, 0, 10],
			"to": [11, 3, 11],
			"faces": {
				"north": {"uv": [5, 13, 6, 16], "texture": "#0"},
				"west": {"uv": [10, 13, 11, 16], "texture": "#0"}
			}
		},
		{
			"from": [10, 0, 5],
			"to": [11, 3, 6],
			"faces": {
				"south": {"uv": [10, 13, 11, 16], "texture": "#0"},
				"west": {"uv": [5, 13, 6, 16], "texture": "#0"}
			}
		},
		{
			"from": [5, 0, 5],
			"to": [6, 3, 6],
			"faces": {
				"east": {"uv": [10, 13, 11, 16], "texture": "#0"},
				"south": {"uv": [5, 13, 6, 16], "texture": "#0"}
			}
		},
		{
			"from": [5, 0, 10],
			"to": [6, 3, 11],
			"faces": {
				"north": {"uv": [10, 13, 11, 16], "texture": "#0"},
				"east": {"uv": [5, 13, 6, 16], "texture": "#0"}
			}
		}
	],
	"display": {
		"thirdperson_righthand": {
			"rotation": [75, 45, 0],
			"translation": [0, 2.5, 0],
			"scale": [0.375, 0.375, 0.375]
		},
		"thirdperson_lefthand": {
			"rotation": [75, 45, 0],
			"translation": [0, 2.5, 0],
			"scale": [0.375, 0.375, 0.375]
		},
		"firstperson_righthand": {
			"rotation": [0, 45, 0],
			"scale": [0.4, 0.4, 0.4]
		},
		"firstperson_lefthand": {
			"rotation": [0, 225, 0],
			"scale": [0.4, 0.4, 0.4]
		},
		"ground": {
			"translation": [0, 3, 0],
			"scale": [0.25, 0.25, 0.25]
		},
		"gui": {
			"rotation": [30, 225, 0],
			"scale": [0.625, 0.625, 0.625]
		},
		"fixed": {
			"scale": [0.5, 0.5, 0.5]
		}
	},
	"groups": [
		0,
		{
			"name": "group",
			"origin": [0, 0, 0],
			"color": 0,
			"children": [1, 2, 3, 4, 5, 6, 7, 8]
		}
	]
}