{
	"credit": "Made with Blockbench",
	"textures": {
		"0": "block/nether_bricks",
		"particle": "block/nether_bricks"
	},
	"elements": [
		{
			"name": "Center post",
			"from": [6.2, 0, 6.2],
			"to": [9.8, 16, 9.8],
			"faces": {
				"north": {"uv": [6, 0, 10, 16], "texture": "#0"},
				"east": {"uv": [6, 0, 10, 16], "texture": "#0"},
				"south": {"uv": [6, 0, 10, 16], "texture": "#0"},
				"west": {"uv": [6, 0, 10, 16], "texture": "#0"},
				"up": {"uv": [6, 6, 10, 10], "texture": "#0"}
			}
		},
		{
			"from": [6, 0, 6],
			"to": [10, 3, 10],
			"rotation": {"angle": 0, "axis": "y", "origin": [14, 8, 14]},
			"faces": {
				"north": {"uv": [6, 13, 10, 16], "texture": "#0", "cullface": "down"},
				"east": {"uv": [6, 13, 10, 16], "texture": "#0", "cullface": "down"},
				"south": {"uv": [6, 13, 10, 16], "texture": "#0", "cullface": "down"},
				"west": {"uv": [6, 13, 10, 16], "texture": "#0", "cullface": "down"},
				"up": {"uv": [6, 6, 10, 10], "texture": "#0", "cullface": "down"},
				"down": {"uv": [6, 6, 10, 10], "texture": "#0", "cullface": "down"}
			}
		},
		{
			"from": [6, 4, 7],
			"to": [7, 7, 10],
			"rotation": {"angle": 0, "axis": "y", "origin": [14, 12, 15]},
			"faces": {
				"south": {"uv": [6, 9, 7, 12], "texture": "#0"},
				"west": {"uv": [7, 9, 10, 12], "texture": "#0"},
				"up": {"uv": [6, 7, 7, 10], "texture": "#0"},
				"down": {"uv": [6, 6, 7, 9], "texture": "#0"}
			}
		},
		{
			"from": [7, 4, 9],
			"to": [10, 7, 10],
			"rotation": {"angle": 0, "axis": "y", "origin": [16, 12, 17]},
			"faces": {
				"east": {"uv": [6, 9, 7, 12], "texture": "#0"},
				"south": {"uv": [7, 9, 10, 12], "texture": "#0"},
				"up": {"uv": [7, 9, 10, 10], "texture": "#0"},
				"down": {"uv": [7, 6, 10, 7], "texture": "#0"}
			}
		},
		{
			"from": [9, 4, 6],
			"to": [10, 7, 9],
			"rotation": {"angle": 0, "axis": "y", "origin": [16, 12, 16]},
			"faces": {
				"north": {"uv": [6, 9, 7, 12], "texture": "#0"},
				"east": {"uv": [7, 9, 10, 12], "texture": "#0"},
				"up": {"uv": [9, 6, 10, 9], "texture": "#0"},
				"down": {"uv": [9, 7, 10, 10], "texture": "#0"}
			}
		},
		{
			"from": [6, 4, 6],
			"to": [9, 7, 7],
			"rotation": {"angle": 0, "axis": "y", "origin": [14, 12, 14]},
			"faces": {
				"north": {"uv": [7, 9, 10, 12], "texture": "#0"},
				"west": {"uv": [6, 9, 7, 12], "texture": "#0"},
				"up": {"uv": [6, 6, 9, 7], "texture": "#0"},
				"down": {"uv": [6, 9, 9, 10], "texture": "#0"}
			}
		},
		{
			"from": [6, 8, 6],
			"to": [7, 11, 8],
			"rotation": {"angle": 0, "axis": "y", "origin": [14, 16, 14]},
			"faces": {
				"north": {"uv": [9, 5, 10, 8], "texture": "#0"},
				"east": {"uv": [8, 5, 10, 8], "texture": "#0"},
				"south": {"uv": [6, 5, 7, 8], "texture": "#0"},
				"west": {"uv": [6, 5, 8, 8], "texture": "#0"},
				"up": {"uv": [6, 6, 7, 8], "texture": "#0"},
				"down": {"uv": [6, 8, 7, 10], "texture": "#0"}
			}
		},
		{
			"from": [6, 8, 9],
			"to": [8, 11, 10],
			"rotation": {"angle": 0, "axis": "y", "origin": [14, 16, 17]},
			"faces": {
				"north": {"uv": [8, 5, 10, 8], "texture": "#0"},
				"east": {"uv": [6, 5, 7, 8], "texture": "#0"},
				"south": {"uv": [6, 5, 8, 8], "texture": "#0"},
				"west": {"uv": [9, 5, 10, 8], "texture": "#0"},
				"up": {"uv": [6, 9, 8, 10], "texture": "#0"},
				"down": {"uv": [6, 6, 8, 7], "texture": "#0"}
			}
		},
		{
			"from": [9, 8, 8],
			"to": [10, 11, 10],
			"rotation": {"angle": 0, "axis": "y", "origin": [16, 16, 17]},
			"faces": {
				"north": {"uv": [6, 5, 7, 8], "texture": "#0"},
				"east": {"uv": [6, 5, 8, 8], "texture": "#0"},
				"south": {"uv": [9, 5, 10, 8], "texture": "#0"},
				"west": {"uv": [8, 5, 10, 8], "texture": "#0"},
				"up": {"uv": [9, 8, 10, 10], "texture": "#0"},
				"down": {"uv": [9, 6, 10, 8], "texture": "#0"}
			}
		},
		{
			"from": [8, 8, 6],
			"to": [10, 11, 7],
			"rotation": {"angle": 0, "axis": "y", "origin": [16, 16, 15]},
			"faces": {
				"north": {"uv": [6, 5, 8, 8], "texture": "#0"},
				"east": {"uv": [9, 5, 10, 8], "texture": "#0"},
				"south": {"uv": [8, 5, 10, 8], "texture": "#0"},
				"west": {"uv": [6, 5, 7, 8], "texture": "#0"},
				"up": {"uv": [8, 6, 10, 7], "texture": "#0"},
				"down": {"uv": [8, 9, 10, 10], "texture": "#0"}
			}
		},
		{
			"from": [6, 12, 6],
			"to": [10, 15, 10],
			"rotation": {"angle": 0, "axis": "y", "origin": [16, 20, 14]},
			"faces": {
				"north": {"uv": [6, 1, 10, 4], "texture": "#0"},
				"east": {"uv": [6, 1, 10, 4], "texture": "#0"},
				"south": {"uv": [6, 1, 10, 4], "texture": "#0"},
				"west": {"uv": [6, 1, 10, 4], "texture": "#0"},
				"up": {"uv": [6, 6, 10, 10], "texture": "#0"},
				"down": {"uv": [6, 6, 10, 10], "texture": "#0"}
			}
		}
	],
	"groups": [0,
		{
			"name": "brick",
			"origin": [8, 8, 8],
			"children": [1, 2, 3, 4, 5, 6, 7, 8, 9, 10]
		}
	]
}