{
	"credit": "Made with Blockbench",
	"parent": "minecraft:block/cube_bottom_top",
	"textures": {
		"bottom": "block/reinforced_deepslate_bottom",
		"side": "block/reinforced_deepslate_side",
		"top": "block/reinforced_deepslate_top"
	},
	"elements": [
		{
			"from": [0.5, 0.5, 0.5],
			"to": [15.5, 15.5, 15.5],
			"faces": {
				"north": {"uv": [0.5, 0.5, 15.5, 15.5], "texture": "#side", "cullface": "north"},
				"east": {"uv": [0.5, 0.5, 15.5, 15.5], "texture": "#side", "cullface": "east"},
				"south": {"uv": [0.5, 0.5, 15.5, 15.5], "texture": "#side", "cullface": "south"},
				"west": {"uv": [0.5, 0.5, 15.5, 15.5], "texture": "#side", "cullface": "west"},
				"up": {"uv": [0.5, 0.5, 15.5, 15.5], "texture": "#top", "cullface": "up"},
				"down": {"uv": [0.5, 0.5, 15.5, 15.5], "texture": "#bottom", "cullface": "down"}
			}
		},
		{
			"from": [0, 0, 0],
			"to": [2, 16, 2],
			"faces": {
				"north": {"uv": [14, 0, 16, 16], "texture": "#side", "cullface": "north"},
				"east": {"uv": [14, 0, 16, 16], "texture": "#side", "cullface": "north"},
				"south": {"uv": [0, 0, 2, 16], "texture": "#side", "cullface": "west"},
				"west": {"uv": [0, 0, 2, 16], "texture": "#side", "cullface": "west"},
				"up": {"uv": [0, 0, 2, 2], "texture": "#top", "cullface": "up"},
				"down": {"uv": [0, 14, 2, 16], "texture": "#bottom", "cullface": "down"}
			}
		},
		{
			"from": [0, 0, 14],
			"to": [2, 16, 16],
			"faces": {
				"north": {"uv": [14, 0, 16, 16], "texture": "#side", "cullface": "west"},
				"east": {"uv": [0, 0, 2, 16], "texture": "#side", "cullface": "south"},
				"south": {"uv": [0, 0, 2, 16], "texture": "#side", "cullface": "south"},
				"west": {"uv": [14, 0, 16, 16], "texture": "#side", "cullface": "west"},
				"up": {"uv": [0, 14, 2, 16], "texture": "#top", "cullface": "up"},
				"down": {"uv": [0, 0, 2, 2], "texture": "#bottom", "cullface": "down"}
			}
		},
		{
			"from": [14, 0, 14],
			"to": [16, 16, 16],
			"faces": {
				"north": {"uv": [0, 0, 2, 16], "texture": "#side", "cullface": "east"},
				"east": {"uv": [0, 0, 2, 16], "texture": "#side", "cullface": "east"},
				"south": {"uv": [14, 0, 16, 16], "texture": "#side", "cullface": "south"},
				"west": {"uv": [14, 0, 16, 16], "texture": "#side", "cullface": "south"},
				"up": {"uv": [14, 14, 16, 16], "texture": "#top", "cullface": "up"},
				"down": {"uv": [14, 0, 16, 2], "texture": "#bottom", "cullface": "down"}
			}
		},
		{
			"from": [14, 0, 0],
			"to": [16, 16, 2],
			"faces": {
				"north": {"uv": [0, 0, 2, 16], "texture": "#side", "cullface": "north"},
				"east": {"uv": [14, 0, 16, 16], "texture": "#side", "cullface": "east"},
				"south": {"uv": [14, 0, 16, 16], "texture": "#side", "cullface": "east"},
				"west": {"uv": [0, 0, 2, 16], "texture": "#side", "cullface": "north"},
				"up": {"uv": [14, 0, 16, 2], "texture": "#top", "cullface": "up"},
				"down": {"uv": [14, 14, 16, 16], "texture": "#bottom", "cullface": "down"}
			}
		},
		{
			"from": [2, 0, 0],
			"to": [14, 1, 1],
			"faces": {
				"north": {"uv": [2, 15, 14, 16], "texture": "#side", "cullface": "north"},
				"south": {"uv": [2, 15, 14, 16], "texture": "#bottom", "cullface": "down"},
				"up": {"uv": [2, 15, 14, 16], "texture": "#side", "cullface": "north"},
				"down": {"uv": [2, 15, 14, 16], "texture": "#bottom", "cullface": "down"}
			}
		},
		{
			"from": [2, 0, 15],
			"to": [14, 1, 16],
			"faces": {
				"north": {"uv": [2, 15, 14, 16], "texture": "#bottom", "cullface": "down"},
				"south": {"uv": [2, 15, 14, 16], "texture": "#side", "cullface": "south"},
				"up": {"uv": [2, 15, 14, 16], "texture": "#side", "cullface": "south"},
				"down": {"uv": [2, 0, 14, 1], "texture": "#bottom", "cullface": "down"}
			}
		},
		{
			"from": [2, 15, 15],
			"to": [14, 16, 16],
			"faces": {
				"north": {"uv": [2, 15, 14, 16], "texture": "#top", "cullface": "up"},
				"south": {"uv": [2, 0, 14, 1], "texture": "#side", "cullface": "south"},
				"up": {"uv": [2, 15, 14, 16], "texture": "#top", "cullface": "up"},
				"down": {"uv": [2, 0, 14, 1], "texture": "#side", "cullface": "south"}
			}
		},
		{
			"from": [2, 15, 0],
			"to": [14, 16, 1],
			"faces": {
				"north": {"uv": [2, 0, 14, 1], "texture": "#side", "cullface": "north"},
				"south": {"uv": [2, 15, 14, 16], "texture": "#top", "cullface": "up"},
				"up": {"uv": [2, 0, 14, 1], "texture": "#top", "cullface": "up"},
				"down": {"uv": [2, 0, 14, 1], "texture": "#side", "cullface": "north"}
			}
		},
		{
			"from": [0, 15, 2],
			"to": [1, 16, 14],
			"faces": {
				"east": {"uv": [2, 0, 14, 1], "texture": "#top", "cullface": "up"},
				"west": {"uv": [2, 0, 14, 1], "texture": "#side", "cullface": "west"},
				"up": {"uv": [0, 2, 1, 14], "texture": "#top", "cullface": "up"},
				"down": {"uv": [2, 0, 14, 1], "rotation": 90, "texture": "#side", "cullface": "west"}
			}
		},
		{
			"from": [15, 15, 2],
			"to": [16, 16, 14],
			"faces": {
				"east": {"uv": [2, 0, 14, 1], "texture": "#side", "cullface": "east"},
				"west": {"uv": [2, 0, 14, 1], "texture": "#top", "cullface": "up"},
				"up": {"uv": [15, 2, 16, 14], "texture": "#top", "cullface": "up"},
				"down": {"uv": [2, 0, 14, 1], "rotation": 90, "texture": "#side", "cullface": "east"}
			}
		},
		{
			"from": [15, 0, 2],
			"to": [16, 1, 14],
			"faces": {
				"east": {"uv": [2, 15, 14, 16], "texture": "#side", "cullface": "east"},
				"west": {"uv": [2, 15, 14, 16], "texture": "#bottom", "cullface": "down"},
				"up": {"uv": [2, 15, 14, 16], "rotation": 90, "texture": "#side", "cullface": "east"},
				"down": {"uv": [15, 2, 16, 14], "texture": "#bottom", "cullface": "down"}
			}
		},
		{
			"from": [0, 0, 2],
			"to": [1, 1, 14],
			"faces": {
				"east": {"uv": [2, 15, 14, 16], "texture": "#bottom", "cullface": "down"},
				"west": {"uv": [2, 15, 14, 16], "texture": "#side", "cullface": "west"},
				"up": {"uv": [2, 15, 14, 16], "rotation": 90, "texture": "#side", "cullface": "west"},
				"down": {"uv": [0, 2, 1, 14], "texture": "#bottom", "cullface": "down"}
			}
		},
		{
			"from": [0, 10, 11],
			"to": [1, 13, 14],
			"faces": {
				"north": {"uv": [15, 3, 16, 6], "texture": "#side", "cullface": "west"},
				"west": {"uv": [11, 3, 14, 6], "texture": "#side", "cullface": "west"},
				"up": {"uv": [11, 3, 14, 4], "rotation": 90, "texture": "#side", "cullface": "west"},
				"down": {"uv": [11, 5, 14, 6], "rotation": 270, "texture": "#side", "cullface": "west"}
			}
		},
		{
			"from": [0, 13, 12],
			"to": [1, 14, 14],
			"faces": {
				"north": {"uv": [15, 2, 16, 3], "texture": "#side", "cullface": "west"},
				"west": {"uv": [12, 2, 14, 3], "texture": "#side", "cullface": "west"},
				"up": {"uv": [12, 2, 14, 3], "rotation": 90, "texture": "#side", "cullface": "west"}
			}
		},
		{
			"from": [0, 13, 2],
			"to": [1, 14, 4],
			"faces": {
				"south": {"uv": [0, 2, 1, 3], "texture": "#side", "cullface": "west"},
				"west": {"uv": [2, 2, 4, 3], "texture": "#side", "cullface": "west"},
				"up": {"uv": [2, 2, 4, 3], "rotation": 90, "texture": "#side", "cullface": "west"}
			}
		},
		{
			"from": [0, 5, 2],
			"to": [1, 6, 4],
			"faces": {
				"south": {"uv": [0, 10, 1, 11], "texture": "#side", "cullface": "west"},
				"west": {"uv": [2, 10, 4, 11], "texture": "#side", "cullface": "west"},
				"up": {"uv": [2, 10, 4, 11], "rotation": 90, "texture": "#side", "cullface": "west"}
			}
		},
		{
			"from": [0, 5, 12],
			"to": [1, 6, 14],
			"faces": {
				"north": {"uv": [15, 10, 16, 11], "texture": "#side", "cullface": "west"},
				"west": {"uv": [12, 10, 14, 11], "texture": "#side", "cullface": "west"},
				"up": {"uv": [12, 10, 14, 11], "rotation": 90, "texture": "#side", "cullface": "west"}
			}
		},
		{
			"from": [0, 10, 2],
			"to": [1, 13, 5],
			"faces": {
				"south": {"uv": [0, 3, 1, 6], "texture": "#side", "cullface": "west"},
				"west": {"uv": [2, 3, 5, 6], "texture": "#side", "cullface": "west"},
				"up": {"uv": [2, 3, 5, 4], "rotation": 90, "texture": "#side", "cullface": "west"},
				"down": {"uv": [2, 5, 5, 6], "rotation": 270, "texture": "#side", "cullface": "west"}
			}
		},
		{
			"from": [0, 2, 11],
			"to": [1, 5, 14],
			"faces": {
				"north": {"uv": [15, 11, 16, 14], "texture": "#side", "cullface": "west"},
				"west": {"uv": [11, 11, 14, 14], "texture": "#side", "cullface": "west"},
				"up": {"uv": [11, 11, 14, 12], "rotation": 90, "texture": "#side", "cullface": "west"},
				"down": {"uv": [11, 13, 14, 14], "rotation": 270, "texture": "#side", "cullface": "west"}
			}
		},
		{
			"from": [0, 2, 2],
			"to": [1, 5, 5],
			"faces": {
				"south": {"uv": [0, 11, 1, 14], "texture": "#side", "cullface": "west"},
				"west": {"uv": [2, 11, 5, 14], "texture": "#side", "cullface": "west"},
				"up": {"uv": [2, 11, 5, 12], "rotation": 90, "texture": "#side", "cullface": "west"},
				"down": {"uv": [2, 13, 5, 14], "rotation": 270, "texture": "#side", "cullface": "west"}
			}
		},
		{
			"from": [11, 10, 0],
			"to": [14, 13, 1],
			"faces": {
				"north": {"uv": [2, 3, 5, 6], "texture": "#side", "cullface": "north"},
				"west": {"uv": [0, 3, 1, 6], "texture": "#side", "cullface": "north"},
				"up": {"uv": [2, 3, 5, 4], "rotation": 180, "texture": "#side", "cullface": "north"},
				"down": {"uv": [2, 5, 5, 6], "rotation": 180, "texture": "#side", "cullface": "north"}
			}
		},
		{
			"from": [12, 13, 0],
			"to": [14, 14, 1],
			"faces": {
				"north": {"uv": [2, 2, 4, 3], "texture": "#side", "cullface": "north"},
				"west": {"uv": [0, 2, 1, 3], "texture": "#side", "cullface": "north"},
				"up": {"uv": [2, 2, 4, 3], "rotation": 180, "texture": "#side", "cullface": "north"}
			}
		},
		{
			"from": [2, 13, 0],
			"to": [4, 14, 1],
			"faces": {
				"north": {"uv": [12, 2, 14, 3], "texture": "#side", "cullface": "north"},
				"east": {"uv": [15, 2, 16, 3], "texture": "#side", "cullface": "north"},
				"up": {"uv": [12, 2, 14, 3], "rotation": 180, "texture": "#side", "cullface": "north"}
			}
		},
		{
			"from": [2, 5, 0],
			"to": [4, 6, 1],
			"faces": {
				"north": {"uv": [12, 10, 14, 11], "texture": "#side", "cullface": "north"},
				"east": {"uv": [15, 10, 16, 11], "texture": "#side", "cullface": "north"},
				"up": {"uv": [12, 10, 14, 11], "rotation": 180, "texture": "#side", "cullface": "north"}
			}
		},
		{
			"from": [12, 5, 0],
			"to": [14, 6, 1],
			"faces": {
				"north": {"uv": [2, 10, 4, 11], "texture": "#side", "cullface": "north"},
				"west": {"uv": [0, 10, 1, 11], "texture": "#side", "cullface": "north"},
				"up": {"uv": [2, 10, 4, 11], "rotation": 180, "texture": "#side", "cullface": "north"}
			}
		},
		{
			"from": [2, 10, 0],
			"to": [5, 13, 1],
			"faces": {
				"north": {"uv": [11, 3, 14, 6], "texture": "#side", "cullface": "north"},
				"east": {"uv": [15, 3, 16, 6], "texture": "#side", "cullface": "north"},
				"up": {"uv": [11, 3, 14, 4], "rotation": 180, "texture": "#side", "cullface": "north"},
				"down": {"uv": [11, 5, 14, 6], "rotation": 180, "texture": "#side", "cullface": "north"}
			}
		},
		{
			"from": [11, 2, 0],
			"to": [14, 5, 1],
			"faces": {
				"north": {"uv": [2, 11, 5, 14], "texture": "#side", "cullface": "north"},
				"west": {"uv": [0, 11, 1, 14], "texture": "#side", "cullface": "north"},
				"up": {"uv": [2, 11, 5, 12], "rotation": 180, "texture": "#side", "cullface": "north"},
				"down": {"uv": [2, 13, 5, 14], "rotation": 180, "texture": "#side", "cullface": "north"}
			}
		},
		{
			"from": [2, 2, 0],
			"to": [5, 5, 1],
			"faces": {
				"north": {"uv": [11, 11, 14, 14], "texture": "#side", "cullface": "north"},
				"east": {"uv": [15, 11, 16, 14], "texture": "#side", "cullface": "north"},
				"up": {"uv": [11, 11, 14, 12], "rotation": 180, "texture": "#side", "cullface": "north"},
				"down": {"uv": [11, 13, 14, 14], "rotation": 180, "texture": "#side", "cullface": "north"}
			}
		},
		{
			"from": [11, 10, 15],
			"to": [14, 13, 16],
			"faces": {
				"south": {"uv": [11, 3, 14, 6], "texture": "#side", "cullface": "south"},
				"west": {"uv": [15, 3, 16, 6], "texture": "#side", "cullface": "south"},
				"up": {"uv": [11, 3, 14, 4], "rotation": 270, "texture": "#side", "cullface": "south"},
				"down": {"uv": [11, 5, 14, 6], "texture": "#side", "cullface": "south"}
			}
		},
		{
			"from": [12, 13, 15],
			"to": [14, 14, 16],
			"faces": {
				"south": {"uv": [12, 2, 14, 3], "texture": "#side", "cullface": "south"},
				"west": {"uv": [15, 2, 16, 3], "texture": "#side", "cullface": "south"},
				"up": {"uv": [12, 2, 14, 3], "rotation": 270, "texture": "#side", "cullface": "south"}
			}
		},
		{
			"from": [2, 13, 15],
			"to": [4, 14, 16],
			"faces": {
				"east": {"uv": [0, 2, 1, 3], "texture": "#side", "cullface": "south"},
				"south": {"uv": [2, 2, 4, 3], "texture": "#side", "cullface": "south"},
				"up": {"uv": [2, 2, 4, 3], "rotation": 270, "texture": "#side", "cullface": "south"}
			}
		},
		{
			"from": [2, 5, 15],
			"to": [4, 6, 16],
			"faces": {
				"east": {"uv": [0, 10, 1, 11], "texture": "#side", "cullface": "south"},
				"south": {"uv": [2, 10, 4, 11], "texture": "#side", "cullface": "south"},
				"up": {"uv": [2, 10, 4, 11], "rotation": 270, "texture": "#side", "cullface": "south"}
			}
		},
		{
			"from": [12, 5, 15],
			"to": [14, 6, 16],
			"faces": {
				"south": {"uv": [12, 10, 14, 11], "texture": "#side", "cullface": "south"},
				"west": {"uv": [15, 10, 16, 11], "texture": "#side", "cullface": "south"},
				"up": {"uv": [12, 10, 14, 11], "rotation": 270, "texture": "#side", "cullface": "south"}
			}
		},
		{
			"from": [2, 10, 15],
			"to": [5, 13, 16],
			"faces": {
				"east": {"uv": [0, 3, 1, 6], "texture": "#side", "cullface": "south"},
				"south": {"uv": [2, 3, 5, 6], "texture": "#side", "cullface": "south"},
				"up": {"uv": [2, 3, 5, 4], "rotation": 270, "texture": "#side", "cullface": "south"},
				"down": {"uv": [2, 5, 5, 6], "texture": "#side", "cullface": "south"}
			}
		},
		{
			"from": [11, 2, 15],
			"to": [14, 5, 16],
			"faces": {
				"south": {"uv": [11, 11, 14, 14], "texture": "#side", "cullface": "south"},
				"west": {"uv": [15, 11, 16, 14], "texture": "#side", "cullface": "south"},
				"up": {"uv": [11, 11, 14, 12], "rotation": 270, "texture": "#side", "cullface": "south"},
				"down": {"uv": [11, 13, 14, 14], "texture": "#side", "cullface": "south"}
			}
		},
		{
			"from": [2, 2, 15],
			"to": [5, 5, 16],
			"faces": {
				"east": {"uv": [0, 11, 1, 14], "texture": "#side", "cullface": "south"},
				"south": {"uv": [2, 11, 5, 14], "texture": "#side", "cullface": "south"},
				"up": {"uv": [2, 11, 5, 12], "rotation": 270, "texture": "#side", "cullface": "south"},
				"down": {"uv": [2, 13, 5, 14], "texture": "#side", "cullface": "south"}
			}
		},
		{
			"from": [15, 10, 2],
			"to": [16, 13, 5],
			"faces": {
				"east": {"uv": [11, 3, 14, 6], "texture": "#side", "cullface": "east"},
				"south": {"uv": [15, 3, 16, 6], "texture": "#side", "cullface": "east"},
				"up": {"uv": [11, 3, 14, 4], "rotation": 90, "texture": "#side", "cullface": "east"},
				"down": {"uv": [11, 5, 14, 6], "rotation": 90, "texture": "#side", "cullface": "east"}
			}
		},
		{
			"from": [15, 13, 2],
			"to": [16, 14, 4],
			"faces": {
				"east": {"uv": [12, 2, 14, 3], "texture": "#side", "cullface": "east"},
				"south": {"uv": [15, 2, 16, 3], "texture": "#side", "cullface": "east"},
				"up": {"uv": [12, 2, 14, 3], "rotation": 90, "texture": "#side", "cullface": "east"}
			}
		},
		{
			"from": [15, 13, 12],
			"to": [16, 14, 14],
			"faces": {
				"north": {"uv": [0, 2, 1, 3], "texture": "#side", "cullface": "east"},
				"east": {"uv": [2, 2, 4, 3], "texture": "#side", "cullface": "east"},
				"up": {"uv": [2, 2, 4, 3], "rotation": 90, "texture": "#side", "cullface": "east"}
			}
		},
		{
			"from": [15, 5, 12],
			"to": [16, 6, 14],
			"faces": {
				"north": {"uv": [0, 10, 1, 11], "texture": "#side", "cullface": "east"},
				"east": {"uv": [2, 10, 4, 11], "texture": "#side", "cullface": "east"},
				"up": {"uv": [2, 10, 4, 11], "rotation": 90, "texture": "#side", "cullface": "east"}
			}
		},
		{
			"from": [15, 5, 2],
			"to": [16, 6, 4],
			"faces": {
				"east": {"uv": [12, 10, 14, 11], "texture": "#side", "cullface": "east"},
				"south": {"uv": [15, 10, 16, 11], "texture": "#side", "cullface": "east"},
				"up": {"uv": [12, 10, 14, 11], "rotation": 90, "texture": "#side", "cullface": "east"}
			}
		},
		{
			"from": [15, 10, 11],
			"to": [16, 13, 14],
			"faces": {
				"north": {"uv": [0, 3, 1, 6], "texture": "#side", "cullface": "east"},
				"east": {"uv": [2, 3, 5, 6], "texture": "#side", "cullface": "east"},
				"up": {"uv": [2, 3, 5, 4], "rotation": 90, "texture": "#side", "cullface": "east"},
				"down": {"uv": [2, 5, 5, 6], "rotation": 90, "texture": "#side", "cullface": "east"}
			}
		},
		{
			"from": [15, 2, 2],
			"to": [16, 5, 5],
			"faces": {
				"east": {"uv": [11, 11, 14, 14], "texture": "#side", "cullface": "east"},
				"south": {"uv": [15, 11, 16, 14], "texture": "#side", "cullface": "east"},
				"up": {"uv": [11, 11, 14, 12], "rotation": 90, "texture": "#side", "cullface": "east"},
				"down": {"uv": [11, 13, 14, 14], "rotation": 90, "texture": "#side", "cullface": "east"}
			}
		},
		{
			"from": [15, 2, 11],
			"to": [16, 5, 14],
			"faces": {
				"north": {"uv": [0, 11, 1, 14], "texture": "#side", "cullface": "east"},
				"east": {"uv": [2, 11, 5, 14], "texture": "#side", "cullface": "east"},
				"up": {"uv": [2, 11, 5, 12], "rotation": 90, "texture": "#side", "cullface": "east"},
				"down": {"uv": [2, 13, 5, 14], "rotation": 90, "texture": "#side", "cullface": "east"}
			}
		},
		{
			"from": [1, 15, 13],
			"to": [2, 16, 14],
			"faces": {
				"north": {"uv": [1, 13, 2, 14], "texture": "#top", "cullface": "up"},
				"east": {"uv": [1, 13, 2, 14], "texture": "#top", "cullface": "up"},
				"up": {"uv": [1, 13, 2, 14], "texture": "#top", "cullface": "up"}
			}
		},
		{
			"from": [14, 15, 13],
			"to": [15, 16, 14],
			"faces": {
				"north": {"uv": [14, 13, 15, 14], "texture": "#top", "cullface": "up"},
				"west": {"uv": [14, 13, 15, 14], "texture": "#top", "cullface": "up"},
				"up": {"uv": [14, 13, 15, 14], "texture": "#top", "cullface": "up"}
			}
		},
		{
			"from": [14, 15, 2],
			"to": [15, 16, 3],
			"faces": {
				"south": {"uv": [14, 2, 15, 3], "texture": "#top", "cullface": "up"},
				"west": {"uv": [14, 2, 15, 3], "texture": "#top", "cullface": "up"},
				"up": {"uv": [14, 2, 15, 3], "texture": "#top", "cullface": "up"}
			}
		},
		{
			"from": [2, 15, 1],
			"to": [3, 16, 2],
			"faces": {
				"east": {"uv": [2, 1, 3, 2], "texture": "#top", "cullface": "up"},
				"south": {"uv": [2, 1, 3, 2], "texture": "#top", "cullface": "up"},
				"up": {"uv": [2, 1, 3, 2], "texture": "#top", "cullface": "up"}
			}
		},
		{
			"from": [13, 15, 1],
			"to": [14, 16, 2],
			"faces": {
				"south": {"uv": [13, 1, 14, 2], "texture": "#top", "cullface": "up"},
				"west": {"uv": [13, 1, 14, 2], "texture": "#top", "cullface": "up"},
				"up": {"uv": [13, 1, 14, 2], "texture": "#top", "cullface": "up"}
			}
		},
		{
			"from": [13, 15, 14],
			"to": [14, 16, 15],
			"faces": {
				"north": {"uv": [13, 14, 14, 15], "texture": "#top", "cullface": "up"},
				"west": {"uv": [13, 14, 14, 15], "texture": "#top", "cullface": "up"},
				"up": {"uv": [13, 14, 14, 15], "texture": "#top", "cullface": "up"}
			}
		},
		{
			"from": [2, 15, 14],
			"to": [3, 16, 15],
			"faces": {
				"north": {"uv": [2, 14, 3, 15], "texture": "#top", "cullface": "up"},
				"east": {"uv": [2, 14, 3, 15], "texture": "#top", "cullface": "up"},
				"up": {"uv": [2, 14, 3, 15], "texture": "#top", "cullface": "up"}
			}
		},
		{
			"from": [1, 15, 2],
			"to": [2, 16, 3],
			"faces": {
				"east": {"uv": [1, 2, 2, 3], "texture": "#top", "cullface": "up"},
				"south": {"uv": [1, 2, 2, 3], "texture": "#top", "cullface": "up"},
				"up": {"uv": [1, 2, 2, 3], "texture": "#top", "cullface": "up"}
			}
		},
		{
			"from": [1, 0, 13],
			"to": [2, 1, 14],
			"faces": {
				"north": {"uv": [1, 2, 2, 3], "texture": "#bottom", "cullface": "down"},
				"east": {"uv": [1, 2, 2, 3], "texture": "#bottom", "cullface": "down"},
				"down": {"uv": [1, 2, 2, 3], "texture": "#bottom", "cullface": "down"}
			}
		},
		{
			"from": [14, 0, 13],
			"to": [15, 1, 14],
			"faces": {
				"north": {"uv": [14, 2, 15, 3], "texture": "#bottom", "cullface": "down"},
				"west": {"uv": [14, 2, 15, 3], "texture": "#bottom", "cullface": "down"},
				"down": {"uv": [14, 2, 15, 3], "texture": "#bottom", "cullface": "down"}
			}
		},
		{
			"from": [14, 0, 2],
			"to": [15, 1, 3],
			"faces": {
				"south": {"uv": [14, 13, 15, 14], "texture": "#bottom", "cullface": "down"},
				"west": {"uv": [14, 13, 15, 14], "texture": "#bottom", "cullface": "down"},
				"down": {"uv": [14, 13, 15, 14], "texture": "#bottom", "cullface": "down"}
			}
		},
		{
			"from": [2, 0, 1],
			"to": [3, 1, 2],
			"faces": {
				"east": {"uv": [2, 14, 3, 15], "texture": "#bottom", "cullface": "down"},
				"south": {"uv": [2, 14, 3, 15], "texture": "#bottom", "cullface": "down"},
				"down": {"uv": [2, 14, 3, 15], "texture": "#bottom", "cullface": "down"}
			}
		},
		{
			"from": [13, 0, 1],
			"to": [14, 1, 2],
			"faces": {
				"south": {"uv": [13, 14, 14, 15], "texture": "#bottom", "cullface": "down"},
				"west": {"uv": [13, 14, 14, 15], "texture": "#bottom", "cullface": "down"},
				"down": {"uv": [13, 14, 14, 15], "texture": "#bottom", "cullface": "down"}
			}
		},
		{
			"from": [13, 0, 14],
			"to": [14, 1, 15],
			"faces": {
				"north": {"uv": [13, 1, 14, 2], "texture": "#bottom", "cullface": "down"},
				"west": {"uv": [13, 1, 14, 2], "texture": "#bottom", "cullface": "down"},
				"down": {"uv": [13, 1, 14, 2], "texture": "#bottom", "cullface": "down"}
			}
		},
		{
			"from": [2, 0, 14],
			"to": [3, 1, 15],
			"faces": {
				"north": {"uv": [2, 1, 3, 2], "texture": "#bottom", "cullface": "down"},
				"east": {"uv": [2, 1, 3, 2], "texture": "#bottom", "cullface": "down"},
				"down": {"uv": [2, 1, 3, 2], "texture": "#bottom", "cullface": "down"}
			}
		},
		{
			"from": [1, 0, 2],
			"to": [2, 1, 3],
			"faces": {
				"east": {"uv": [1, 13, 2, 14], "texture": "#bottom", "cullface": "down"},
				"south": {"uv": [1, 13, 2, 14], "texture": "#bottom", "cullface": "down"},
				"down": {"uv": [1, 13, 2, 14], "texture": "#bottom", "cullface": "down"}
			}
		}
	],
	"display": {
		"thirdperson_righthand": {
			"rotation": [75, 45, 0],
			"translation": [0, 2.5, 0],
			"scale": [0.375, 0.375, 0.375]
		},
		"thirdperson_lefthand": {
			"rotation": [75, 45, 0],
			"translation": [0, 2.5, 0],
			"scale": [0.375, 0.375, 0.375]
		},
		"firstperson_righthand": {
			"rotation": [0, 45, 0],
			"scale": [0.4, 0.4, 0.4]
		},
		"firstperson_lefthand": {
			"rotation": [0, 225, 0],
			"scale": [0.4, 0.4, 0.4]
		},
		"ground": {
			"translation": [0, 3, 0],
			"scale": [0.25, 0.25, 0.25]
		},
		"gui": {
			"rotation": [30, 225, 0],
			"scale": [0.625, 0.625, 0.625]
		},
		"fixed": {
			"scale": [0.5, 0.5, 0.5]
		}
	},
	"groups": [
		0,
		{
			"name": "1",
			"origin": [8, 8, 8],
			"color": 0,
			"children": [
				1,
				2,
				3,
				4,
				5,
				6,
				7,
				8,
				9,
				10,
				11,
				12,
				{
					"name": "1.1",
					"origin": [0, 0, 0],
					"color": 0,
					"children": [13, 14, 15, 16, 17, 18, 19, 20]
				},
				{
					"name": "1.1",
					"origin": [0, 0, 0],
					"color": 0,
					"children": [21, 22, 23, 24, 25, 26, 27, 28]
				},
				{
					"name": "1.1",
					"origin": [0, 0, 0],
					"color": 0,
					"children": [29, 30, 31, 32, 33, 34, 35, 36]
				},
				{
					"name": "1.1",
					"origin": [0, 0, 0],
					"color": 0,
					"children": [37, 38, 39, 40, 41, 42, 43, 44]
				},
				{
					"name": "1.2",
					"origin": [0, 0, 0],
					"color": 0,
					"children": [45, 46, 47, 48, 49, 50, 51, 52]
				},
				{
					"name": "1.2",
					"origin": [0, 0, 0],
					"color": 0,
					"children": [53, 54, 55, 56, 57, 58, 59, 60]
				}
			]
		}
	]
}