{
	"credit": "By GORIBBY. Made with Blockbench.",
	"parent": "minecraft:block/template_orientable_trapdoor_open",
	"textures": {
		"particle": "block/warped_trapdoor",
		"texture": "block/warped_trapdoor"
	},
	"elements": [
		{
			"from": [0, 0, 13],
			"to": [16, 16, 16],
			"faces": {
				"north": {"uv": [0, 16, 16, 0], "texture": "#texture"},
				"east": {"uv": [0, 3, 16, 0], "rotation": 90, "texture": "#texture", "cullface": "east"},
				"south": {"uv": [16, 16, 0, 0], "texture": "#texture", "cullface": "south"},
				"west": {"uv": [0, 0, 16, 3], "rotation": 90, "texture": "#texture", "cullface": "west"},
				"up": {"uv": [0, 3, 16, 0], "texture": "#texture", "cullface": "up"},
				"down": {"uv": [0, 0, 16, 3], "texture": "#texture", "cullface": "down"}
			}
		},
		{
			"from": [13, 3, 13],
			"to": [14, 13, 16],
			"faces": {
				"east": {"uv": [3, 13, 13, 16], "rotation": 90, "texture": "#texture"},
				"west": {"uv": [3, 13, 13, 16], "rotation": 270, "texture": "#texture"}
			}
		},
		{
			"from": [2, 3, 13],
			"to": [3, 13, 16],
			"faces": {
				"east": {"uv": [3, 13, 13, 16], "rotation": 90, "texture": "#texture"},
				"west": {"uv": [3, 13, 13, 16], "rotation": 270, "texture": "#texture"}
			}
		},
		{
			"from": [6, 4, 13],
			"to": [7, 7, 16],
			"faces": {
				"east": {"uv": [9, 13, 12, 16], "rotation": 90, "texture": "#texture"},
				"west": {"uv": [4, 13, 7, 16], "rotation": 270, "texture": "#texture"},
				"up": {"uv": [6, 13, 7, 16], "texture": "#texture"},
				"down": {"uv": [9, 13, 10, 16], "rotation": 180, "texture": "#texture"}
			}
		},
		{
			"from": [2, 2, 13],
			"to": [14, 3, 16],
			"faces": {
				"east": {"uv": [13, 13, 14, 15], "rotation": 90, "texture": "#texture"},
				"west": {"uv": [2, 13, 3, 15], "rotation": 270, "texture": "#texture"},
				"up": {"uv": [2, 13, 14, 15], "texture": "#texture"}
			}
		},
		{
			"from": [2, 13, 13],
			"to": [14, 14, 16],
			"faces": {
				"east": {"uv": [2, 13, 3, 15], "rotation": 90, "texture": "#texture"},
				"west": {"uv": [13, 13, 14, 15], "rotation": 270, "texture": "#texture"},
				"down": {"uv": [2, 13, 14, 15], "rotation": 180, "texture": "#texture"}
			}
		},
		{
			"from": [9, 4, 13],
			"to": [10, 10, 16],
			"faces": {
				"east": {"uv": [6, 13, 12, 16], "rotation": 90, "texture": "#texture"},
				"west": {"uv": [4, 13, 10, 16], "rotation": 270, "texture": "#texture"},
				"up": {"uv": [9, 13, 10, 16], "texture": "#texture"},
				"down": {"uv": [6, 13, 7, 16], "rotation": 180, "texture": "#texture"}
			}
		},
		{
			"from": [5, 5, 13],
			"to": [6, 12, 16],
			"faces": {
				"east": {"uv": [4, 13, 11, 16], "rotation": 90, "texture": "#texture"},
				"west": {"uv": [5, 13, 12, 16], "rotation": 270, "texture": "#texture"},
				"up": {"uv": [5, 13, 6, 16], "texture": "#texture"},
				"down": {"uv": [10, 13, 11, 16], "rotation": 180, "texture": "#texture"}
			}
		},
		{
			"from": [10, 8, 13],
			"to": [11, 13, 16],
			"faces": {
				"east": {"uv": [3, 13, 8, 16], "rotation": 90, "texture": "#texture"},
				"west": {"uv": [8, 13, 13, 16], "rotation": 270, "texture": "#texture"},
				"down": {"uv": [5, 13, 6, 16], "rotation": 180, "texture": "#texture"}
			}
		},
		{
			"from": [11, 9, 13],
			"to": [12, 13, 16],
			"faces": {
				"east": {"uv": [3, 13, 7, 16], "rotation": 90, "texture": "#texture"},
				"west": {"uv": [9, 13, 13, 16], "rotation": 270, "texture": "#texture"},
				"down": {"uv": [4, 13, 5, 16], "rotation": 180, "texture": "#texture"}
			}
		},
		{
			"from": [11, 3, 13],
			"to": [12, 5, 16],
			"faces": {
				"east": {"uv": [11, 13, 13, 16], "rotation": 90, "texture": "#texture"},
				"west": {"uv": [3, 13, 5, 16], "rotation": 270, "texture": "#texture"},
				"up": {"uv": [11, 13, 12, 16], "texture": "#texture"}
			}
		},
		{
			"from": [12, 6, 13],
			"to": [13, 8, 16],
			"faces": {
				"east": {"uv": [8, 13, 10, 16], "rotation": 90, "texture": "#texture"},
				"west": {"uv": [6, 13, 8, 16], "rotation": 270, "texture": "#texture"},
				"up": {"uv": [12, 13, 13, 16], "texture": "#texture"},
				"down": {"uv": [3, 13, 4, 16], "rotation": 180, "texture": "#texture"}
			}
		},
		{
			"from": [6, 10, 13],
			"to": [7, 13, 16],
			"faces": {
				"east": {"uv": [3, 13, 6, 16], "rotation": 90, "texture": "#texture"},
				"west": {"uv": [10, 13, 13, 16], "rotation": 270, "texture": "#texture"},
				"down": {"uv": [9, 13, 10, 16], "rotation": 180, "texture": "#texture"}
			}
		},
		{
			"from": [3, 5, 13],
			"to": [4, 10, 16],
			"faces": {
				"east": {"uv": [6, 13, 11, 16], "rotation": 90, "texture": "#texture"},
				"west": {"uv": [5, 13, 10, 16], "rotation": 270, "texture": "#texture"},
				"up": {"uv": [3, 13, 4, 16], "texture": "#texture"},
				"down": {"uv": [12, 13, 13, 16], "rotation": 180, "texture": "#texture"}
			}
		},
		{
			"from": [10, 3, 13],
			"to": [11, 6, 16],
			"faces": {
				"east": {"uv": [10, 13, 13, 16], "rotation": 90, "texture": "#texture"},
				"west": {"uv": [3, 13, 6, 16], "rotation": 270, "texture": "#texture"},
				"up": {"uv": [10, 13, 11, 16], "texture": "#texture"}
			}
		},
		{
			"from": [5, 3, 13],
			"to": [8, 4, 16],
			"faces": {
				"east": {"uv": [12, 13, 13, 16], "rotation": 90, "texture": "#texture"},
				"west": {"uv": [3, 13, 4, 16], "rotation": 270, "texture": "#texture"},
				"up": {"uv": [5, 13, 8, 16], "texture": "#texture"}
			}
		},
		{
			"from": [4, 12, 13],
			"to": [5, 13, 16],
			"faces": {
				"east": {"uv": [3, 13, 4, 16], "rotation": 90, "texture": "#texture"},
				"west": {"uv": [12, 13, 13, 16], "rotation": 270, "texture": "#texture"},
				"down": {"uv": [11, 13, 12, 16], "rotation": 180, "texture": "#texture"}
			}
		},
		{
			"from": [9, 12, 13],
			"to": [10, 13, 16],
			"faces": {
				"east": {"uv": [3, 13, 4, 16], "rotation": 90, "texture": "#texture"},
				"west": {"uv": [12, 13, 13, 16], "rotation": 270, "texture": "#texture"},
				"down": {"uv": [6, 13, 7, 16], "rotation": 180, "texture": "#texture"}
			}
		}
	],
	"display": {
		"thirdperson_righthand": {
			"rotation": [75, 45, 0],
			"translation": [0, 2.5, 0],
			"scale": [0.375, 0.375, 0.375]
		},
		"thirdperson_lefthand": {
			"rotation": [75, 45, 0],
			"translation": [0, 2.5, 0],
			"scale": [0.375, 0.375, 0.375]
		},
		"firstperson_righthand": {
			"rotation": [0, 45, 0],
			"scale": [0.4, 0.4, 0.4]
		},
		"firstperson_lefthand": {
			"rotation": [0, 225, 0],
			"scale": [0.4, 0.4, 0.4]
		},
		"ground": {
			"translation": [0, 3, 0],
			"scale": [0.25, 0.25, 0.25]
		},
		"gui": {
			"rotation": [30, 225, 0],
			"scale": [0.625, 0.625, 0.625]
		},
		"fixed": {
			"scale": [0.5, 0.5, 0.5]
		}
	},
	"groups": [
		0,
		{
			"name": "group",
			"origin": [0, 0, 0],
			"color": 0,
			"children": [1, 2, 3, 4, 5, 6, 7, 8, 9, 10, 11, 12, 13, 14, 15, 16, 17]
		}
	]
}