{
	"credit": "Made with Blockbench",
	"textures": {
		"0": "item/iron_hoe",
		"particle": "item/iron_hoe"
	},
	"elements": [
		{
			"from": [5, 3, 7.5],
			"to": [6, 4, 8.5],
			"rotation": {"angle": 0, "axis": "y", "origin": [12, 11, 15.5]},
			"faces": {
				"north": {"uv": [5.032, 12.032, 5.968, 12.968], "texture": "#0"},
				"east": {"uv": [5.032, 12.032, 5.968, 12.968], "texture": "#0"},
				"south": {"uv": [5.032, 12.032, 5.968, 12.968], "texture": "#0"},
				"west": {"uv": [5.032, 12.032, 5.968, 12.968], "texture": "#0"},
				"down": {"uv": [5.032, 12.032, 5.968, 12.968], "texture": "#0"}
			}
		},
		{
			"from": [6, 4, 7.5],
			"to": [6.4, 5, 8.5],
			"rotation": {"angle": 0, "axis": "y", "origin": [13, 12, 15.5]},
			"faces": {
				"north": {"uv": [6.032, 11.032, 6.968, 11.968], "texture": "#0"},
				"east": {"uv": [6.032, 11.032, 6.968, 11.968], "texture": "#0"},
				"south": {"uv": [6.032, 11.032, 6.968, 11.968], "texture": "#0"},
				"down": {"uv": [6.032, 11.032, 6.968, 11.968], "texture": "#0"}
			}
		},
		{
			"from": [4, 4, 7.5],
			"to": [5, 5, 8.5],
			"rotation": {"angle": 0, "axis": "y", "origin": [11, 12, 15.5]},
			"faces": {
				"north": {"uv": [4.032, 11.032, 4.968, 11.968], "texture": "#0"},
				"south": {"uv": [4.032, 11.032, 4.968, 11.968], "texture": "#0"},
				"west": {"uv": [4.032, 11.032, 4.968, 11.968], "texture": "#0"},
				"up": {"uv": [4.032, 11.032, 4.968, 11.968], "texture": "#0"},
				"down": {"uv": [4.032, 11.032, 4.968, 11.968], "texture": "#0"}
			}
		},
		{
			"from": [6, 6, 7.5],
			"to": [7, 7, 8.5],
			"rotation": {"angle": 0, "axis": "y", "origin": [13, 14, 15.5]},
			"faces": {
				"north": {"uv": [6.032, 9.032, 6.968, 9.968], "texture": "#0"},
				"south": {"uv": [6.032, 9.032, 6.968, 9.968], "texture": "#0"},
				"west": {"uv": [6.032, 9.032, 6.968, 9.968], "texture": "#0"},
				"up": {"uv": [6.032, 9.032, 6.968, 9.968], "texture": "#0"}
			}
		},
		{
			"from": [9, 7.2, 7.5],
			"to": [9.7, 8, 8.5],
			"rotation": {"angle": 0, "axis": "y", "origin": [16, 15, 15.5]},
			"faces": {
				"north": {"uv": [9.032, 8.032, 9.968, 8.968], "texture": "#0"},
				"east": {"uv": [9.032, 8.032, 9.968, 8.968], "texture": "#0"},
				"south": {"uv": [9.032, 8.032, 9.968, 8.968], "texture": "#0"},
				"down": {"uv": [9.032, 8.032, 9.968, 8.968], "texture": "#0"}
			}
		},
		{
			"from": [7.5, 7, 7.5],
			"to": [8, 7.5, 8.5],
			"rotation": {"angle": 0, "axis": "y", "origin": [14, 15, 15.5]},
			"faces": {
				"north": {"uv": [7.032, 8.032, 7.968, 8.968], "texture": "#0"},
				"south": {"uv": [7.032, 8.032, 7.968, 8.968], "texture": "#0"},
				"west": {"uv": [7.032, 8.032, 7.968, 8.968], "texture": "#0"},
				"up": {"uv": [7.032, 8.032, 7.968, 8.968], "texture": "#0"}
			}
		},
		{
			"from": [8, 6.5, 7.5],
			"to": [8.5, 7, 8.5],
			"rotation": {"angle": 0, "axis": "y", "origin": [14.5, 14.5, 15.5]},
			"faces": {
				"north": {"uv": [7.032, 8.032, 7.968, 8.968], "texture": "#0"},
				"east": {"uv": [7.032, 8.032, 7.968, 8.968], "texture": "#0"},
				"south": {"uv": [7.032, 8.032, 7.968, 8.968], "texture": "#0"},
				"down": {"uv": [7.032, 8.032, 7.968, 8.968], "texture": "#0"}
			}
		},
		{
			"from": [10, 8, 7.5],
			"to": [11, 9, 8.5],
			"rotation": {"angle": 0, "axis": "y", "origin": [17, 16, 15.5]},
			"faces": {
				"north": {"uv": [10.032, 7.032, 10.968, 7.968], "texture": "#0"},
				"east": {"uv": [10.032, 7.032, 10.968, 7.968], "texture": "#0"},
				"south": {"uv": [10.032, 7.032, 10.968, 7.968], "texture": "#0"},
				"up": {"uv": [10.032, 7.032, 10.968, 7.968], "texture": "#0"},
				"down": {"uv": [10.032, 7.032, 10.968, 7.968], "texture": "#0"}
			}
		},
		{
			"from": [9, 9, 7.5],
			"to": [10, 9.7, 8.5],
			"rotation": {"angle": 0, "axis": "y", "origin": [16, 17, 15.5]},
			"faces": {
				"north": {"uv": [9.032, 6.032, 9.968, 6.968], "texture": "#0"},
				"east": {"uv": [9.032, 6.032, 9.968, 6.968], "texture": "#0"},
				"south": {"uv": [9.032, 6.032, 9.968, 6.968], "texture": "#0"},
				"west": {"uv": [9.032, 6.032, 9.968, 6.968], "texture": "#0"},
				"up": {"uv": [9.032, 6.032, 9.968, 6.968], "texture": "#0"}
			}
		},
		{
			"from": [10, 10, 7.5],
			"to": [11, 11, 8.5],
			"rotation": {"angle": 0, "axis": "y", "origin": [17, 18, 15.5]},
			"faces": {
				"north": {"uv": [10.032, 5.032, 10.968, 5.968], "texture": "#0"},
				"south": {"uv": [10.032, 5.032, 10.968, 5.968], "texture": "#0"},
				"west": {"uv": [10.032, 5.032, 10.968, 5.968], "texture": "#0"},
				"up": {"uv": [10.032, 5.032, 10.968, 5.968], "texture": "#0"},
				"down": {"uv": [10.032, 5.032, 10.968, 5.968], "texture": "#0"}
			}
		},
		{
			"from": [13, 10, 7.5],
			"to": [13.4, 11.5, 8.5],
			"rotation": {"angle": 0, "axis": "y", "origin": [20, 19, 15.5]},
			"faces": {
				"north": {"uv": [13.032, 4.032, 13.968, 5.968], "texture": "#0"},
				"east": {"uv": [13.032, 4.032, 13.968, 5.968], "texture": "#0"},
				"south": {"uv": [13.032, 4.032, 13.968, 5.968], "texture": "#0"},
				"up": {"uv": [13.032, 4.032, 13.968, 5.968], "texture": "#0"},
				"down": {"uv": [13.032, 4.032, 13.968, 4.968], "texture": "#0"}
			}
		},
		{
			"from": [11, 9, 7.5],
			"to": [12, 10, 8.5],
			"rotation": {"angle": 0, "axis": "y", "origin": [19, 18, 15.5]},
			"faces": {
				"north": {"uv": [11.032, 6.032, 12.968, 6.968], "texture": "#0"},
				"east": {"uv": [11.032, 6.032, 12.968, 6.968], "texture": "#0"},
				"south": {"uv": [11.032, 6.032, 12.968, 6.968], "texture": "#0"},
				"west": {"uv": [11.032, 6.032, 12.968, 6.968], "texture": "#0"},
				"down": {"uv": [11.032, 6.032, 12.968, 6.968], "texture": "#0"}
			}
		},
		{
			"from": [5, 4, 7.4],
			"to": [6, 5.2, 8.7],
			"rotation": {"angle": 0, "axis": "y", "origin": [13, 12, 15.5]},
			"faces": {
				"north": {"uv": [5.032, 11.032, 5.968, 11.968], "texture": "#0"},
				"east": {"uv": [5.032, 11.032, 5.968, 11.968], "texture": "#0"},
				"south": {"uv": [5.032, 11.032, 5.968, 11.968], "texture": "#0"},
				"west": {"uv": [5.032, 11.032, 5.968, 11.968], "texture": "#0"},
				"up": {"uv": [5.032, 11.032, 5.968, 11.968], "texture": "#0"},
				"down": {"uv": [5.032, 11.032, 5.968, 11.968], "texture": "#0"}
			}
		},
		{
			"from": [6, 5, 7.45],
			"to": [7, 6, 8.6],
			"rotation": {"angle": 0, "axis": "y", "origin": [14, 13, 15.5]},
			"faces": {
				"north": {"uv": [6.032, 10.032, 6.968, 10.968], "texture": "#0"},
				"east": {"uv": [6.032, 10.032, 6.968, 10.968], "texture": "#0"},
				"south": {"uv": [6.032, 10.032, 6.968, 10.968], "texture": "#0"},
				"west": {"uv": [6.032, 10.032, 6.968, 10.968], "texture": "#0"},
				"up": {"uv": [6.032, 10.032, 6.968, 10.968], "texture": "#0"},
				"down": {"uv": [6.032, 10.032, 6.968, 10.968], "texture": "#0"}
			}
		},
		{
			"from": [7, 6, 7.4],
			"to": [8, 7, 8.575],
			"rotation": {"angle": 0, "axis": "y", "origin": [15, 14, 15.5]},
			"faces": {
				"north": {"uv": [7.032, 9.032, 7.968, 9.968], "texture": "#0"},
				"east": {"uv": [7.032, 9.032, 7.968, 9.968], "texture": "#0"},
				"south": {"uv": [7.032, 9.032, 7.968, 9.968], "texture": "#0"},
				"west": {"uv": [7.032, 9.032, 7.968, 9.968], "texture": "#0"},
				"up": {"uv": [7.032, 9.032, 7.968, 9.968], "texture": "#0"},
				"down": {"uv": [7.032, 9.032, 7.968, 9.968], "texture": "#0"}
			}
		},
		{
			"from": [8, 7, 7.4],
			"to": [9, 8, 8.6],
			"rotation": {"angle": 0, "axis": "y", "origin": [16, 15, 15.5]},
			"faces": {
				"north": {"uv": [8.032, 8.032, 8.968, 8.968], "texture": "#0"},
				"east": {"uv": [8.032, 8.032, 8.968, 8.968], "texture": "#0"},
				"south": {"uv": [8.032, 8.032, 8.968, 8.968], "texture": "#0"},
				"west": {"uv": [8.032, 8.032, 8.968, 8.968], "texture": "#0"},
				"up": {"uv": [8.032, 8.032, 8.968, 8.968], "texture": "#0"},
				"down": {"uv": [8.032, 8.032, 8.968, 8.968], "texture": "#0"}
			}
		},
		{
			"from": [9, 8, 7.2],
			"to": [10, 9, 8.6],
			"rotation": {"angle": 0, "axis": "y", "origin": [17, 16, 15.5]},
			"faces": {
				"north": {"uv": [9.032, 7.032, 9.968, 7.968], "texture": "#0"},
				"east": {"uv": [9.032, 7.032, 9.968, 7.968], "texture": "#0"},
				"south": {"uv": [9.032, 7.032, 9.968, 7.968], "texture": "#0"},
				"west": {"uv": [9.032, 7.032, 9.968, 7.968], "texture": "#0"},
				"up": {"uv": [9.032, 7.032, 9.968, 7.968], "texture": "#0"},
				"down": {"uv": [9.032, 7.032, 9.968, 7.968], "texture": "#0"}
			}
		},
		{
			"from": [10, 9, 7.9],
			"to": [11, 10, 8.8],
			"rotation": {"angle": 0, "axis": "y", "origin": [18, 17, 15.5]},
			"faces": {
				"north": {"uv": [10.032, 6.032, 10.968, 6.968], "texture": "#0"},
				"east": {"uv": [10.032, 6.032, 10.968, 6.968], "texture": "#0"},
				"south": {"uv": [10.032, 6.032, 10.968, 6.968], "texture": "#0"},
				"west": {"uv": [10.032, 6.032, 10.968, 6.968], "texture": "#0"},
				"up": {"uv": [10.032, 6.032, 10.968, 6.968], "texture": "#0"},
				"down": {"uv": [10.032, 6.032, 10.968, 6.968], "texture": "#0"}
			}
		},
		{
			"from": [12, 10, 7.2],
			"to": [13, 12, 8.8],
			"rotation": {"angle": 0, "axis": "y", "origin": [19, 18, 15.5]},
			"faces": {
				"north": {"uv": [11.968, 4.032, 11.032, 5.968], "texture": "#0"},
				"east": {"uv": [11.032, 4.032, 12.632, 5.968], "texture": "#0"},
				"south": {"uv": [11.032, 4.032, 11.968, 5.968], "texture": "#0"},
				"west": {"uv": [11.032, 4.032, 12.968, 5.968], "texture": "#0"},
				"up": {"uv": [11.032, 4.032, 11.968, 5.632], "texture": "#0"},
				"down": {"uv": [11.968, 4.032, 11.032, 5.632], "texture": "#0"}
			}
		},
		{
			"from": [11, 10, 7.4],
			"to": [12, 11, 8.7],
			"rotation": {"angle": 0, "axis": "y", "origin": [18, 18, 15.5]},
			"faces": {
				"north": {"uv": [11.968, 4.032, 11.032, 4.968], "texture": "#0"},
				"south": {"uv": [11.032, 4.032, 11.968, 4.968], "texture": "#0"},
				"west": {"uv": [11.032, 4.032, 12.968, 5.968], "texture": "#0"},
				"up": {"uv": [11.032, 4.032, 11.968, 5.632], "texture": "#0"},
				"down": {"uv": [11.968, 4.032, 11.032, 5.632], "texture": "#0"}
			}
		},
		{
			"from": [9.2, 11, 7.6],
			"to": [12, 12.5, 8.6],
			"rotation": {"angle": 0, "axis": "y", "origin": [18, 19, 15.5]},
			"faces": {
				"north": {"uv": [12.832, 4.032, 10.032, 5.532], "texture": "#0"},
				"east": {"uv": [11.968, 4.032, 11.032, 5.532], "texture": "#0"},
				"south": {"uv": [12.832, 4.032, 10.032, 5.532], "texture": "#0"},
				"west": {"uv": [10.968, 4.032, 10.032, 5.532], "texture": "#0"},
				"up": {"uv": [12.832, 4.032, 10.032, 4.968], "texture": "#0"},
				"down": {"uv": [12.832, 4.032, 10.032, 4.968], "texture": "#0"}
			}
		}
	],
	"gui_light": "front",
	"display": {
		"thirdperson_righthand": {
			"rotation": [0, -90, 55],
			"translation": [0, 4, 0.5],
			"scale": [0.85, 0.85, 0.85]
		},
		"thirdperson_lefthand": {
			"rotation": [0, 90, -55],
			"translation": [0, 4, 0.5],
			"scale": [0.85, 0.85, 0.85]
		},
		"firstperson_righthand": {
			"rotation": [0, -90, 25],
			"translation": [1.13, 3.2, 1.13],
			"scale": [0.68, 0.68, 0.68]
		},
		"firstperson_lefthand": {
			"rotation": [0, 90, -25],
			"translation": [1.13, 3.2, 1.13],
			"scale": [0.68, 0.68, 0.68]
		},
		"ground": {
			"translation": [0, 2, 0],
			"scale": [0.5, 0.5, 0.5]
		},
		"head": {
			"rotation": [0, 180, 0],
			"translation": [0, 13, 7]
		},
		"fixed": {
			"rotation": [0, 180, 0]
		}
	},
	"groups": [
		{
			"name": "1",
			"origin": [8, 8, 8],
			"children": [0, 1, 2, 3, 4, 5, 6, 7, 8, 9, 10, 11]
		},
		{
			"name": "2",
			"origin": [8, 8, 8],
			"children": [12, 13, 14, 15, 16, 17, 18, 19, 20]
		}
	]
}