{
	"credit": "Made with Blockbench",
	"textures": {
		"0": "block/emerald_ore",
		"particle": "block/emerald_ore"
	},
	"elements": [
		{
			"name": "base",
			"from": [0, 0, 0],
			"to": [16, 16, 16],
			"faces": {
				"north": {"uv": [0, 0, 16, 16], "texture": "#0", "cullface": "north"},
				"east": {"uv": [0, 0, 16, 16], "texture": "#0", "cullface": "east"},
				"south": {"uv": [0, 0, 16, 16], "texture": "#0", "cullface": "south"},
				"west": {"uv": [0, 0, 16, 16], "texture": "#0", "cullface": "west"},
				"up": {"uv": [0, 0, 16, 16], "texture": "#0", "cullface": "up"},
				"down": {"uv": [0, 0, 16, 16], "texture": "#0", "cullface": "down"}
			}
		},
		{
			"from": [13, 1, -0.3],
			"to": [15, 3, 0],
			"rotation": {"angle": 0, "axis": "y", "origin": [21, 9, 8]},
			"faces": {
				"north": {"uv": [6, 1, 8, 3], "texture": "#0", "cullface": "north"},
				"east": {"uv": [6, 1, 6.3, 3], "texture": "#0", "cullface": "north"},
				"west": {"uv": [6, 1, 6.3, 3], "texture": "#0", "cullface": "north"},
				"up": {"uv": [6, 1, 8, 1.3], "texture": "#0", "cullface": "north"},
				"down": {"uv": [6, 1, 8, 1.3], "texture": "#0", "cullface": "north"}
			}
		},
		{
			"from": [7, 3, -0.3],
			"to": [9, 5, 0],
			"rotation": {"angle": 0, "axis": "y", "origin": [15, 11, 8]},
			"faces": {
				"north": {"uv": [6, 1, 8, 3], "texture": "#0", "cullface": "north"},
				"east": {"uv": [6, 1, 6.3, 3], "texture": "#0", "cullface": "north"},
				"west": {"uv": [6, 1, 6.3, 3], "texture": "#0", "cullface": "north"},
				"up": {"uv": [6, 1, 8, 1.3], "texture": "#0", "cullface": "north"},
				"down": {"uv": [6, 1, 8, 1.3], "texture": "#0", "cullface": "north"}
			}
		},
		{
			"from": [4, 5, -0.3],
			"to": [6, 7, 0],
			"rotation": {"angle": 0, "axis": "y", "origin": [12, 13, 8]},
			"faces": {
				"north": {"uv": [6, 1, 8, 3], "texture": "#0", "cullface": "north"},
				"east": {"uv": [6, 1, 6.3, 3], "texture": "#0", "cullface": "north"},
				"west": {"uv": [6, 1, 6.3, 3], "texture": "#0", "cullface": "north"},
				"up": {"uv": [6, 1, 8, 1.3], "texture": "#0", "cullface": "north"},
				"down": {"uv": [6, 1, 8, 1.3], "texture": "#0", "cullface": "north"}
			}
		},
		{
			"from": [1, 4, -0.3],
			"to": [3, 6, 0],
			"rotation": {"angle": 0, "axis": "y", "origin": [9, 12, 8]},
			"faces": {
				"north": {"uv": [6, 1, 8, 3], "texture": "#0", "cullface": "north"},
				"east": {"uv": [6, 1, 6.3, 3], "texture": "#0", "cullface": "north"},
				"west": {"uv": [6, 1, 6.3, 3], "texture": "#0", "cullface": "north"},
				"up": {"uv": [6, 1, 8, 1.3], "texture": "#0", "cullface": "north"},
				"down": {"uv": [6, 1, 8, 1.3], "texture": "#0", "cullface": "north"}
			}
		},
		{
			"from": [8, 6, -0.3],
			"to": [10, 8, 0],
			"rotation": {"angle": 0, "axis": "y", "origin": [16, 14, 8]},
			"faces": {
				"north": {"uv": [6, 1, 8, 3], "texture": "#0", "cullface": "north"},
				"east": {"uv": [6, 1, 6.3, 3], "texture": "#0", "cullface": "north"},
				"west": {"uv": [6, 1, 6.3, 3], "texture": "#0", "cullface": "north"},
				"up": {"uv": [6, 1, 8, 1.3], "texture": "#0", "cullface": "north"},
				"down": {"uv": [6, 1, 8, 1.3], "texture": "#0", "cullface": "north"}
			}
		},
		{
			"from": [8, 9, -0.3],
			"to": [10, 11, 0],
			"rotation": {"angle": 0, "axis": "y", "origin": [16, 17, 8]},
			"faces": {
				"north": {"uv": [6, 1, 8, 3], "texture": "#0", "cullface": "north"},
				"east": {"uv": [6, 1, 6.3, 3], "texture": "#0", "cullface": "north"},
				"west": {"uv": [6, 1, 6.3, 3], "texture": "#0", "cullface": "north"},
				"up": {"uv": [6, 1, 8, 1.3], "texture": "#0", "cullface": "north"},
				"down": {"uv": [6, 1, 8, 1.3], "texture": "#0", "cullface": "north"}
			}
		},
		{
			"from": [10, 10, -0.3],
			"to": [12, 12, 0],
			"rotation": {"angle": 0, "axis": "y", "origin": [18, 18, 8]},
			"faces": {
				"north": {"uv": [6, 1, 8, 3], "texture": "#0", "cullface": "north"},
				"east": {"uv": [6, 1, 6.3, 3], "texture": "#0", "cullface": "north"},
				"west": {"uv": [6, 1, 6.3, 3], "texture": "#0", "cullface": "north"},
				"up": {"uv": [6, 1, 8, 1.3], "texture": "#0", "cullface": "north"},
				"down": {"uv": [6, 1, 8, 1.3], "texture": "#0", "cullface": "north"}
			}
		},
		{
			"from": [8, 13, -0.3],
			"to": [10, 15, 0],
			"rotation": {"angle": 0, "axis": "y", "origin": [16, 21, 8]},
			"faces": {
				"north": {"uv": [6, 1, 8, 3], "texture": "#0", "cullface": "north"},
				"east": {"uv": [6, 1, 6.3, 3], "texture": "#0", "cullface": "north"},
				"west": {"uv": [6, 1, 6.3, 3], "texture": "#0", "cullface": "north"},
				"up": {"uv": [6, 1, 8, 1.3], "texture": "#0", "cullface": "north"},
				"down": {"uv": [6, 1, 8, 1.3], "texture": "#0", "cullface": "north"}
			}
		},
		{
			"from": [2, 11, -0.3],
			"to": [4, 13, 0],
			"rotation": {"angle": 0, "axis": "y", "origin": [10, 19, 8]},
			"faces": {
				"north": {"uv": [6, 1, 8, 3], "texture": "#0", "cullface": "north"},
				"east": {"uv": [6, 1, 6.3, 3], "texture": "#0", "cullface": "north"},
				"west": {"uv": [6, 1, 6.3, 3], "texture": "#0", "cullface": "north"},
				"up": {"uv": [6, 1, 8, 1.3], "texture": "#0", "cullface": "north"},
				"down": {"uv": [6, 1, 8, 1.3], "texture": "#0", "cullface": "north"}
			}
		},
		{
			"from": [1.00556, 1, 16],
			"to": [3.00556, 3, 16.3],
			"rotation": {"angle": 0, "axis": "y", "origin": [7.77778, 7.88889, 16.15]},
			"faces": {
				"east": {"uv": [6, 1, 6.3, 3], "texture": "#0", "cullface": "south"},
				"south": {"uv": [6, 1, 8, 3], "texture": "#0", "cullface": "south"},
				"west": {"uv": [6, 1, 6.3, 3], "texture": "#0", "cullface": "south"},
				"up": {"uv": [6, 1, 8, 1.3], "rotation": 180, "texture": "#0", "cullface": "south"},
				"down": {"uv": [6, 1, 8, 1.3], "rotation": 180, "texture": "#0", "cullface": "south"}
			}
		},
		{
			"from": [7.00556, 3, 16],
			"to": [9.00556, 5, 16.3],
			"rotation": {"angle": 0, "axis": "y", "origin": [7.77778, 7.88889, 16.15]},
			"faces": {
				"east": {"uv": [6, 1, 6.3, 3], "texture": "#0", "cullface": "south"},
				"south": {"uv": [6, 1, 8, 3], "texture": "#0", "cullface": "south"},
				"west": {"uv": [6, 1, 6.3, 3], "texture": "#0", "cullface": "south"},
				"up": {"uv": [6, 1, 8, 1.3], "rotation": 180, "texture": "#0", "cullface": "south"},
				"down": {"uv": [6, 1, 8, 1.3], "rotation": 180, "texture": "#0", "cullface": "south"}
			}
		},
		{
			"from": [10.00556, 5, 16],
			"to": [12.00556, 7, 16.3],
			"rotation": {"angle": 0, "axis": "y", "origin": [7.77778, 7.88889, 16.15]},
			"faces": {
				"east": {"uv": [6, 1, 6.3, 3], "texture": "#0", "cullface": "south"},
				"south": {"uv": [6, 1, 8, 3], "texture": "#0", "cullface": "south"},
				"west": {"uv": [6, 1, 6.3, 3], "texture": "#0", "cullface": "south"},
				"up": {"uv": [6, 1, 8, 1.3], "rotation": 180, "texture": "#0", "cullface": "south"},
				"down": {"uv": [6, 1, 8, 1.3], "rotation": 180, "texture": "#0", "cullface": "south"}
			}
		},
		{
			"from": [13.00556, 4, 16],
			"to": [15.00556, 6, 16.3],
			"rotation": {"angle": 0, "axis": "y", "origin": [7.77778, 7.88889, 16.15]},
			"faces": {
				"east": {"uv": [6, 1, 6.3, 3], "texture": "#0", "cullface": "south"},
				"south": {"uv": [6, 1, 8, 3], "texture": "#0", "cullface": "south"},
				"west": {"uv": [6, 1, 6.3, 3], "texture": "#0", "cullface": "south"},
				"up": {"uv": [6, 1, 8, 1.3], "rotation": 180, "texture": "#0", "cullface": "south"},
				"down": {"uv": [6, 1, 8, 1.3], "rotation": 180, "texture": "#0", "cullface": "south"}
			}
		},
		{
			"from": [6.00556, 6, 16],
			"to": [8.00556, 8, 16.3],
			"rotation": {"angle": 0, "axis": "y", "origin": [7.77778, 7.88889, 16.15]},
			"faces": {
				"east": {"uv": [6, 1, 6.3, 3], "texture": "#0", "cullface": "south"},
				"south": {"uv": [6, 1, 8, 3], "texture": "#0", "cullface": "south"},
				"west": {"uv": [6, 1, 6.3, 3], "texture": "#0", "cullface": "south"},
				"up": {"uv": [6, 1, 8, 1.3], "rotation": 180, "texture": "#0", "cullface": "south"},
				"down": {"uv": [6, 1, 8, 1.3], "rotation": 180, "texture": "#0", "cullface": "south"}
			}
		},
		{
			"from": [6.00556, 9, 16],
			"to": [8.00556, 11, 16.3],
			"rotation": {"angle": 0, "axis": "y", "origin": [7.77778, 7.88889, 16.15]},
			"faces": {
				"east": {"uv": [6, 1, 6.3, 3], "texture": "#0", "cullface": "south"},
				"south": {"uv": [6, 1, 8, 3], "texture": "#0", "cullface": "south"},
				"west": {"uv": [6, 1, 6.3, 3], "texture": "#0", "cullface": "south"},
				"up": {"uv": [6, 1, 8, 1.3], "rotation": 180, "texture": "#0", "cullface": "south"},
				"down": {"uv": [6, 1, 8, 1.3], "rotation": 180, "texture": "#0", "cullface": "south"}
			}
		},
		{
			"from": [4.00556, 10, 16],
			"to": [6.00556, 12, 16.3],
			"rotation": {"angle": 0, "axis": "y", "origin": [7.77778, 7.88889, 16.15]},
			"faces": {
				"east": {"uv": [6, 1, 6.3, 3], "texture": "#0", "cullface": "south"},
				"south": {"uv": [6, 1, 8, 3], "texture": "#0", "cullface": "south"},
				"west": {"uv": [6, 1, 6.3, 3], "texture": "#0", "cullface": "south"},
				"up": {"uv": [6, 1, 8, 1.3], "rotation": 180, "texture": "#0", "cullface": "south"},
				"down": {"uv": [6, 1, 8, 1.3], "rotation": 180, "texture": "#0", "cullface": "south"}
			}
		},
		{
			"from": [6.00556, 13, 16],
			"to": [8.00556, 15, 16.3],
			"rotation": {"angle": 0, "axis": "y", "origin": [7.77778, 7.88889, 16.15]},
			"faces": {
				"east": {"uv": [6, 1, 6.3, 3], "texture": "#0", "cullface": "south"},
				"south": {"uv": [6, 1, 8, 3], "texture": "#0", "cullface": "south"},
				"west": {"uv": [6, 1, 6.3, 3], "texture": "#0", "cullface": "south"},
				"up": {"uv": [6, 1, 8, 1.3], "rotation": 180, "texture": "#0", "cullface": "south"},
				"down": {"uv": [6, 1, 8, 1.3], "rotation": 180, "texture": "#0", "cullface": "south"}
			}
		},
		{
			"from": [12.00556, 11, 16],
			"to": [14.00556, 13, 16.3],
			"rotation": {"angle": 0, "axis": "y", "origin": [7.77778, 7.88889, 16.15]},
			"faces": {
				"east": {"uv": [6, 1, 6.3, 3], "texture": "#0", "cullface": "south"},
				"south": {"uv": [6, 1, 8, 3], "texture": "#0", "cullface": "south"},
				"west": {"uv": [6, 1, 6.3, 3], "texture": "#0", "cullface": "south"},
				"up": {"uv": [6, 1, 8, 1.3], "rotation": 180, "texture": "#0", "cullface": "south"},
				"down": {"uv": [6, 1, 8, 1.3], "rotation": 180, "texture": "#0", "cullface": "south"}
			}
		},
		{
			"from": [-0.29722, 1, 1.00278],
			"to": [0.00278, 3, 3.00278],
			"rotation": {"angle": 0, "axis": "y", "origin": [-4.22222, 7.88889, -0.15]},
			"faces": {
				"north": {"uv": [6, 1, 6.3, 3], "texture": "#0", "cullface": "west"},
				"south": {"uv": [6, 1, 6.3, 3], "texture": "#0", "cullface": "west"},
				"west": {"uv": [6, 1, 8, 3], "texture": "#0", "cullface": "west"},
				"up": {"uv": [6, 1, 8, 1.3], "rotation": 270, "texture": "#0", "cullface": "west"},
				"down": {"uv": [6, 1, 8, 1.3], "rotation": 90, "texture": "#0", "cullface": "west"}
			}
		},
		{
			"from": [-0.29722, 3, 7.00278],
			"to": [0.00278, 5, 9.00278],
			"rotation": {"angle": 0, "axis": "y", "origin": [-4.22222, 7.88889, -0.15]},
			"faces": {
				"north": {"uv": [6, 1, 6.3, 3], "texture": "#0", "cullface": "west"},
				"south": {"uv": [6, 1, 6.3, 3], "texture": "#0", "cullface": "west"},
				"west": {"uv": [6, 1, 8, 3], "texture": "#0", "cullface": "west"},
				"up": {"uv": [6, 1, 8, 1.3], "rotation": 270, "texture": "#0", "cullface": "west"},
				"down": {"uv": [6, 1, 8, 1.3], "rotation": 90, "texture": "#0", "cullface": "west"}
			}
		},
		{
			"from": [-0.29722, 5, 10.00278],
			"to": [0.00278, 7, 12.00278],
			"rotation": {"angle": 0, "axis": "y", "origin": [-4.22222, 7.88889, -0.15]},
			"faces": {
				"north": {"uv": [6, 1, 6.3, 3], "texture": "#0", "cullface": "west"},
				"south": {"uv": [6, 1, 6.3, 3], "texture": "#0", "cullface": "west"},
				"west": {"uv": [6, 1, 8, 3], "texture": "#0", "cullface": "west"},
				"up": {"uv": [6, 1, 8, 1.3], "rotation": 270, "texture": "#0", "cullface": "west"},
				"down": {"uv": [6, 1, 8, 1.3], "rotation": 90, "texture": "#0", "cullface": "west"}
			}
		},
		{
			"from": [-0.29722, 4, 13.00278],
			"to": [0.00278, 6, 15.00278],
			"rotation": {"angle": 0, "axis": "y", "origin": [-4.22222, 7.88889, -0.15]},
			"faces": {
				"north": {"uv": [6, 1, 6.3, 3], "texture": "#0", "cullface": "west"},
				"south": {"uv": [6, 1, 6.3, 3], "texture": "#0", "cullface": "west"},
				"west": {"uv": [6, 1, 8, 3], "texture": "#0", "cullface": "west"},
				"up": {"uv": [6, 1, 8, 1.3], "rotation": 270, "texture": "#0", "cullface": "west"},
				"down": {"uv": [6, 1, 8, 1.3], "rotation": 90, "texture": "#0", "cullface": "west"}
			}
		},
		{
			"from": [-0.29722, 6, 6.00278],
			"to": [0.00278, 8, 8.00278],
			"rotation": {"angle": 0, "axis": "y", "origin": [-4.22222, 7.88889, -0.15]},
			"faces": {
				"north": {"uv": [6, 1, 6.3, 3], "texture": "#0", "cullface": "west"},
				"south": {"uv": [6, 1, 6.3, 3], "texture": "#0", "cullface": "west"},
				"west": {"uv": [6, 1, 8, 3], "texture": "#0", "cullface": "west"},
				"up": {"uv": [6, 1, 8, 1.3], "rotation": 270, "texture": "#0", "cullface": "west"},
				"down": {"uv": [6, 1, 8, 1.3], "rotation": 90, "texture": "#0", "cullface": "west"}
			}
		},
		{
			"from": [-0.29722, 9, 6.00278],
			"to": [0.00278, 11, 8.00278],
			"rotation": {"angle": 0, "axis": "y", "origin": [-4.22222, 7.88889, -0.15]},
			"faces": {
				"north": {"uv": [6, 1, 6.3, 3], "texture": "#0", "cullface": "west"},
				"south": {"uv": [6, 1, 6.3, 3], "texture": "#0", "cullface": "west"},
				"west": {"uv": [6, 1, 8, 3], "texture": "#0", "cullface": "west"},
				"up": {"uv": [6, 1, 8, 1.3], "rotation": 270, "texture": "#0", "cullface": "west"},
				"down": {"uv": [6, 1, 8, 1.3], "rotation": 90, "texture": "#0", "cullface": "west"}
			}
		},
		{
			"from": [-0.29722, 10, 4.00278],
			"to": [0.00278, 12, 6.00278],
			"rotation": {"angle": 0, "axis": "y", "origin": [-4.22222, 7.88889, -0.15]},
			"faces": {
				"north": {"uv": [6, 1, 6.3, 3], "texture": "#0", "cullface": "west"},
				"south": {"uv": [6, 1, 6.3, 3], "texture": "#0", "cullface": "west"},
				"west": {"uv": [6, 1, 8, 3], "texture": "#0", "cullface": "west"},
				"up": {"uv": [6, 1, 8, 1.3], "rotation": 270, "texture": "#0", "cullface": "west"},
				"down": {"uv": [6, 1, 8, 1.3], "rotation": 90, "texture": "#0", "cullface": "west"}
			}
		},
		{
			"from": [-0.29722, 13, 6.00278],
			"to": [0.00278, 15, 8.00278],
			"rotation": {"angle": 0, "axis": "y", "origin": [-4.22222, 7.88889, -0.15]},
			"faces": {
				"north": {"uv": [6, 1, 6.3, 3], "texture": "#0", "cullface": "west"},
				"south": {"uv": [6, 1, 6.3, 3], "texture": "#0", "cullface": "west"},
				"west": {"uv": [6, 1, 8, 3], "texture": "#0", "cullface": "west"},
				"up": {"uv": [6, 1, 8, 1.3], "rotation": 270, "texture": "#0", "cullface": "west"},
				"down": {"uv": [6, 1, 8, 1.3], "rotation": 90, "texture": "#0", "cullface": "west"}
			}
		},
		{
			"from": [-0.29722, 11, 12.00278],
			"to": [0.00278, 13, 14.00278],
			"rotation": {"angle": 0, "axis": "y", "origin": [-4.22222, 7.88889, -0.15]},
			"faces": {
				"north": {"uv": [6, 1, 6.3, 3], "texture": "#0", "cullface": "west"},
				"south": {"uv": [6, 1, 6.3, 3], "texture": "#0", "cullface": "west"},
				"west": {"uv": [6, 1, 8, 3], "texture": "#0", "cullface": "west"},
				"up": {"uv": [6, 1, 8, 1.3], "rotation": 270, "texture": "#0", "cullface": "west"},
				"down": {"uv": [6, 1, 8, 1.3], "rotation": 90, "texture": "#0", "cullface": "west"}
			}
		},
		{
			"from": [16, 1, 12.99722],
			"to": [16.3, 3, 14.99722],
			"rotation": {"angle": 0, "axis": "y", "origin": [16.15278, 7.88889, 8.225]},
			"faces": {
				"north": {"uv": [6, 1, 6.3, 3], "texture": "#0", "cullface": "east"},
				"east": {"uv": [6, 1, 8, 3], "texture": "#0", "cullface": "east"},
				"south": {"uv": [6, 1, 6.3, 3], "texture": "#0", "cullface": "east"},
				"up": {"uv": [6, 1, 8, 1.3], "rotation": 90, "texture": "#0", "cullface": "east"},
				"down": {"uv": [6, 1, 8, 1.3], "rotation": 270, "texture": "#0", "cullface": "east"}
			}
		},
		{
			"from": [16, 3, 6.99722],
			"to": [16.3, 5, 8.99722],
			"rotation": {"angle": 0, "axis": "y", "origin": [16.15278, 7.88889, 8.225]},
			"faces": {
				"north": {"uv": [6, 1, 6.3, 3], "texture": "#0", "cullface": "east"},
				"east": {"uv": [6, 1, 8, 3], "texture": "#0", "cullface": "east"},
				"south": {"uv": [6, 1, 6.3, 3], "texture": "#0", "cullface": "east"},
				"up": {"uv": [6, 1, 8, 1.3], "rotation": 90, "texture": "#0", "cullface": "east"},
				"down": {"uv": [6, 1, 8, 1.3], "rotation": 270, "texture": "#0", "cullface": "east"}
			}
		},
		{
			"from": [16, 5, 3.99722],
			"to": [16.3, 7, 5.99722],
			"rotation": {"angle": 0, "axis": "y", "origin": [16.15278, 7.88889, 8.225]},
			"faces": {
				"north": {"uv": [6, 1, 6.3, 3], "texture": "#0", "cullface": "east"},
				"east": {"uv": [6, 1, 8, 3], "texture": "#0", "cullface": "east"},
				"south": {"uv": [6, 1, 6.3, 3], "texture": "#0", "cullface": "east"},
				"up": {"uv": [6, 1, 8, 1.3], "rotation": 90, "texture": "#0", "cullface": "east"},
				"down": {"uv": [6, 1, 8, 1.3], "rotation": 270, "texture": "#0", "cullface": "east"}
			}
		},
		{
			"from": [16, 4, 0.99722],
			"to": [16.3, 6, 2.99722],
			"rotation": {"angle": 0, "axis": "y", "origin": [16.15278, 7.88889, 8.225]},
			"faces": {
				"north": {"uv": [6, 1, 6.3, 3], "texture": "#0", "cullface": "east"},
				"east": {"uv": [6, 1, 8, 3], "texture": "#0", "cullface": "east"},
				"south": {"uv": [6, 1, 6.3, 3], "texture": "#0", "cullface": "east"},
				"up": {"uv": [6, 1, 8, 1.3], "rotation": 90, "texture": "#0", "cullface": "east"},
				"down": {"uv": [6, 1, 8, 1.3], "rotation": 270, "texture": "#0", "cullface": "east"}
			}
		},
		{
			"from": [16, 6, 7.99722],
			"to": [16.3, 8, 9.99722],
			"rotation": {"angle": 0, "axis": "y", "origin": [16.15278, 7.88889, 8.225]},
			"faces": {
				"north": {"uv": [6, 1, 6.3, 3], "texture": "#0", "cullface": "east"},
				"east": {"uv": [6, 1, 8, 3], "texture": "#0", "cullface": "east"},
				"south": {"uv": [6, 1, 6.3, 3], "texture": "#0", "cullface": "east"},
				"up": {"uv": [6, 1, 8, 1.3], "rotation": 90, "texture": "#0", "cullface": "east"},
				"down": {"uv": [6, 1, 8, 1.3], "rotation": 270, "texture": "#0", "cullface": "east"}
			}
		},
		{
			"from": [16, 9, 7.99722],
			"to": [16.3, 11, 9.99722],
			"rotation": {"angle": 0, "axis": "y", "origin": [16.15278, 7.88889, 8.225]},
			"faces": {
				"north": {"uv": [6, 1, 6.3, 3], "texture": "#0", "cullface": "east"},
				"east": {"uv": [6, 1, 8, 3], "texture": "#0", "cullface": "east"},
				"south": {"uv": [6, 1, 6.3, 3], "texture": "#0", "cullface": "east"},
				"up": {"uv": [6, 1, 8, 1.3], "rotation": 90, "texture": "#0", "cullface": "east"},
				"down": {"uv": [6, 1, 8, 1.3], "rotation": 270, "texture": "#0", "cullface": "east"}
			}
		},
		{
			"from": [16, 10, 9.99722],
			"to": [16.3, 12, 11.99722],
			"rotation": {"angle": 0, "axis": "y", "origin": [16.15278, 7.88889, 8.225]},
			"faces": {
				"north": {"uv": [6, 1, 6.3, 3], "texture": "#0", "cullface": "east"},
				"east": {"uv": [6, 1, 8, 3], "texture": "#0", "cullface": "east"},
				"south": {"uv": [6, 1, 6.3, 3], "texture": "#0", "cullface": "east"},
				"up": {"uv": [6, 1, 8, 1.3], "rotation": 90, "texture": "#0", "cullface": "east"},
				"down": {"uv": [6, 1, 8, 1.3], "rotation": 270, "texture": "#0", "cullface": "east"}
			}
		},
		{
			"from": [16, 13, 7.99722],
			"to": [16.3, 15, 9.99722],
			"rotation": {"angle": 0, "axis": "y", "origin": [16.15278, 7.88889, 8.225]},
			"faces": {
				"north": {"uv": [6, 1, 6.3, 3], "texture": "#0", "cullface": "east"},
				"east": {"uv": [6, 1, 8, 3], "texture": "#0", "cullface": "east"},
				"south": {"uv": [6, 1, 6.3, 3], "texture": "#0", "cullface": "east"},
				"up": {"uv": [6, 1, 8, 1.3], "rotation": 90, "texture": "#0", "cullface": "east"},
				"down": {"uv": [6, 1, 8, 1.3], "rotation": 270, "texture": "#0", "cullface": "east"}
			}
		},
		{
			"from": [16, 11, 1.99722],
			"to": [16.3, 13, 3.99722],
			"rotation": {"angle": 0, "axis": "y", "origin": [16.15278, 7.88889, 8.225]},
			"faces": {
				"north": {"uv": [6, 1, 6.3, 3], "texture": "#0", "cullface": "east"},
				"east": {"uv": [6, 1, 8, 3], "texture": "#0", "cullface": "east"},
				"south": {"uv": [6, 1, 6.3, 3], "texture": "#0", "cullface": "east"},
				"up": {"uv": [6, 1, 8, 1.3], "rotation": 90, "texture": "#0", "cullface": "east"},
				"down": {"uv": [6, 1, 8, 1.3], "rotation": 270, "texture": "#0", "cullface": "east"}
			}
		},
		{
			"from": [1.00556, 15.98889, 12.98889],
			"to": [3.00556, 16.28889, 14.98889],
			"rotation": {"angle": 0, "axis": "y", "origin": [7.77778, 20.88889, 6.85]},
			"faces": {
				"north": {"uv": [6, 1, 8, 1.3], "texture": "#0", "cullface": "up"},
				"east": {"uv": [6, 1, 6.3, 3], "rotation": 90, "texture": "#0", "cullface": "up"},
				"south": {"uv": [6, 1, 8, 1.3], "rotation": 180, "texture": "#0", "cullface": "up"},
				"west": {"uv": [6, 1, 6.3, 3], "rotation": 270, "texture": "#0", "cullface": "up"},
				"up": {"uv": [6, 1, 8, 3], "texture": "#0", "cullface": "up"}
			}
		},
		{
			"from": [7.00556, 15.98889, 10.98889],
			"to": [9.00556, 16.28889, 12.98889],
			"rotation": {"angle": 0, "axis": "y", "origin": [7.77778, 20.88889, 6.85]},
			"faces": {
				"north": {"uv": [6, 1, 8, 1.3], "texture": "#0", "cullface": "up"},
				"east": {"uv": [6, 1, 6.3, 3], "rotation": 90, "texture": "#0", "cullface": "up"},
				"south": {"uv": [6, 1, 8, 1.3], "rotation": 180, "texture": "#0", "cullface": "up"},
				"west": {"uv": [6, 1, 6.3, 3], "rotation": 270, "texture": "#0", "cullface": "up"},
				"up": {"uv": [6, 1, 8, 3], "texture": "#0", "cullface": "up"}
			}
		},
		{
			"from": [10.00556, 15.98889, 8.98889],
			"to": [12.00556, 16.28889, 10.98889],
			"rotation": {"angle": 0, "axis": "y", "origin": [7.77778, 20.88889, 6.85]},
			"faces": {
				"north": {"uv": [6, 1, 8, 1.3], "texture": "#0", "cullface": "up"},
				"east": {"uv": [6, 1, 6.3, 3], "rotation": 90, "texture": "#0", "cullface": "up"},
				"south": {"uv": [6, 1, 8, 1.3], "rotation": 180, "texture": "#0", "cullface": "up"},
				"west": {"uv": [6, 1, 6.3, 3], "rotation": 270, "texture": "#0", "cullface": "up"},
				"up": {"uv": [6, 1, 8, 3], "texture": "#0", "cullface": "up"}
			}
		},
		{
			"from": [13.00556, 15.98889, 9.98889],
			"to": [15.00556, 16.28889, 11.98889],
			"rotation": {"angle": 0, "axis": "y", "origin": [7.77778, 20.88889, 6.85]},
			"faces": {
				"north": {"uv": [6, 1, 8, 1.3], "texture": "#0", "cullface": "up"},
				"east": {"uv": [6, 1, 6.3, 3], "rotation": 90, "texture": "#0", "cullface": "up"},
				"south": {"uv": [6, 1, 8, 1.3], "rotation": 180, "texture": "#0", "cullface": "up"},
				"west": {"uv": [6, 1, 6.3, 3], "rotation": 270, "texture": "#0", "cullface": "up"},
				"up": {"uv": [6, 1, 8, 3], "texture": "#0", "cullface": "up"}
			}
		},
		{
			"from": [6.00556, 15.98889, 7.98889],
			"to": [8.00556, 16.28889, 9.98889],
			"rotation": {"angle": 0, "axis": "y", "origin": [7.77778, 20.88889, 6.85]},
			"faces": {
				"north": {"uv": [6, 1, 8, 1.3], "texture": "#0", "cullface": "up"},
				"east": {"uv": [6, 1, 6.3, 3], "rotation": 90, "texture": "#0", "cullface": "up"},
				"south": {"uv": [6, 1, 8, 1.3], "rotation": 180, "texture": "#0", "cullface": "up"},
				"west": {"uv": [6, 1, 6.3, 3], "rotation": 270, "texture": "#0", "cullface": "up"},
				"up": {"uv": [6, 1, 8, 3], "texture": "#0", "cullface": "up"}
			}
		},
		{
			"from": [6.00556, 15.98889, 4.98889],
			"to": [8.00556, 16.28889, 6.98889],
			"rotation": {"angle": 0, "axis": "y", "origin": [7.77778, 20.88889, 6.85]},
			"faces": {
				"north": {"uv": [6, 1, 8, 1.3], "texture": "#0", "cullface": "up"},
				"east": {"uv": [6, 1, 6.3, 3], "rotation": 90, "texture": "#0", "cullface": "up"},
				"south": {"uv": [6, 1, 8, 1.3], "rotation": 180, "texture": "#0", "cullface": "up"},
				"west": {"uv": [6, 1, 6.3, 3], "rotation": 270, "texture": "#0", "cullface": "up"},
				"up": {"uv": [6, 1, 8, 3], "texture": "#0", "cullface": "up"}
			}
		},
		{
			"from": [4.00556, 15.98889, 3.98889],
			"to": [6.00556, 16.28889, 5.98889],
			"rotation": {"angle": 0, "axis": "y", "origin": [7.77778, 20.88889, 6.85]},
			"faces": {
				"north": {"uv": [6, 1, 8, 1.3], "texture": "#0", "cullface": "up"},
				"east": {"uv": [6, 1, 6.3, 3], "rotation": 90, "texture": "#0", "cullface": "up"},
				"south": {"uv": [6, 1, 8, 1.3], "rotation": 180, "texture": "#0", "cullface": "up"},
				"west": {"uv": [6, 1, 6.3, 3], "rotation": 270, "texture": "#0", "cullface": "up"},
				"up": {"uv": [6, 1, 8, 3], "texture": "#0", "cullface": "up"}
			}
		},
		{
			"from": [6.00556, 15.98889, 0.98889],
			"to": [8.00556, 16.28889, 2.98889],
			"rotation": {"angle": 0, "axis": "y", "origin": [7.77778, 20.88889, 6.85]},
			"faces": {
				"north": {"uv": [6, 1, 8, 1.3], "texture": "#0", "cullface": "up"},
				"east": {"uv": [6, 1, 6.3, 3], "rotation": 90, "texture": "#0", "cullface": "up"},
				"south": {"uv": [6, 1, 8, 1.3], "rotation": 180, "texture": "#0", "cullface": "up"},
				"west": {"uv": [6, 1, 6.3, 3], "rotation": 270, "texture": "#0", "cullface": "up"},
				"up": {"uv": [6, 1, 8, 3], "texture": "#0", "cullface": "up"}
			}
		},
		{
			"from": [12.00556, 15.98889, 2.98889],
			"to": [14.00556, 16.28889, 4.98889],
			"rotation": {"angle": 0, "axis": "y", "origin": [7.77778, 20.88889, 6.85]},
			"faces": {
				"north": {"uv": [6, 1, 8, 1.3], "texture": "#0", "cullface": "up"},
				"east": {"uv": [6, 1, 6.3, 3], "rotation": 90, "texture": "#0", "cullface": "up"},
				"south": {"uv": [6, 1, 8, 1.3], "rotation": 180, "texture": "#0", "cullface": "up"},
				"west": {"uv": [6, 1, 6.3, 3], "rotation": 270, "texture": "#0", "cullface": "up"},
				"up": {"uv": [6, 1, 8, 3], "texture": "#0", "cullface": "up"}
			}
		},
		{
			"from": [1.00556, -0.28611, 0.98611],
			"to": [3.00556, 0.01389, 2.98611],
			"rotation": {"angle": 0, "axis": "z", "origin": [7.22778, -0.13611, 8.1]},
			"faces": {
				"north": {"uv": [6, 1, 8, 1.3], "texture": "#0", "cullface": "down"},
				"east": {"uv": [6, 1, 6.3, 3], "rotation": 270, "texture": "#0", "cullface": "down"},
				"south": {"uv": [6, 1, 8, 1.3], "rotation": 180, "texture": "#0", "cullface": "down"},
				"west": {"uv": [6, 1, 6.3, 3], "rotation": 90, "texture": "#0", "cullface": "down"},
				"down": {"uv": [6, 1, 8, 3], "texture": "#0", "cullface": "down"}
			}
		},
		{
			"from": [7.00556, -0.28611, 2.98611],
			"to": [9.00556, 0.01389, 4.98611],
			"rotation": {"angle": 0, "axis": "z", "origin": [7.22778, -0.13611, 8.1]},
			"faces": {
				"north": {"uv": [6, 1, 8, 1.3], "texture": "#0", "cullface": "down"},
				"east": {"uv": [6, 1, 6.3, 3], "rotation": 270, "texture": "#0", "cullface": "down"},
				"south": {"uv": [6, 1, 8, 1.3], "rotation": 180, "texture": "#0", "cullface": "down"},
				"west": {"uv": [6, 1, 6.3, 3], "rotation": 90, "texture": "#0", "cullface": "down"},
				"down": {"uv": [6, 1, 8, 3], "texture": "#0", "cullface": "down"}
			}
		},
		{
			"from": [10.00556, -0.28611, 4.98611],
			"to": [12.00556, 0.01389, 6.98611],
			"rotation": {"angle": 0, "axis": "z", "origin": [7.22778, -0.13611, 8.1]},
			"faces": {
				"north": {"uv": [6, 1, 8, 1.3], "texture": "#0", "cullface": "down"},
				"east": {"uv": [6, 1, 6.3, 3], "rotation": 270, "texture": "#0", "cullface": "down"},
				"south": {"uv": [6, 1, 8, 1.3], "rotation": 180, "texture": "#0", "cullface": "down"},
				"west": {"uv": [6, 1, 6.3, 3], "rotation": 90, "texture": "#0", "cullface": "down"},
				"down": {"uv": [6, 1, 8, 3], "texture": "#0", "cullface": "down"}
			}
		},
		{
			"from": [13.00556, -0.28611, 3.98611],
			"to": [15.00556, 0.01389, 5.98611],
			"rotation": {"angle": 0, "axis": "z", "origin": [7.22778, -0.13611, 8.1]},
			"faces": {
				"north": {"uv": [6, 1, 8, 1.3], "texture": "#0", "cullface": "down"},
				"east": {"uv": [6, 1, 6.3, 3], "rotation": 270, "texture": "#0", "cullface": "down"},
				"south": {"uv": [6, 1, 8, 1.3], "rotation": 180, "texture": "#0", "cullface": "down"},
				"west": {"uv": [6, 1, 6.3, 3], "rotation": 90, "texture": "#0", "cullface": "down"},
				"down": {"uv": [6, 1, 8, 3], "texture": "#0", "cullface": "down"}
			}
		},
		{
			"from": [6.00556, -0.28611, 5.98611],
			"to": [8.00556, 0.01389, 7.98611],
			"rotation": {"angle": 0, "axis": "z", "origin": [7.22778, -0.13611, 8.1]},
			"faces": {
				"north": {"uv": [6, 1, 8, 1.3], "texture": "#0", "cullface": "down"},
				"east": {"uv": [6, 1, 6.3, 3], "rotation": 270, "texture": "#0", "cullface": "down"},
				"south": {"uv": [6, 1, 8, 1.3], "rotation": 180, "texture": "#0", "cullface": "down"},
				"west": {"uv": [6, 1, 6.3, 3], "rotation": 90, "texture": "#0", "cullface": "down"},
				"down": {"uv": [6, 1, 8, 3], "texture": "#0", "cullface": "down"}
			}
		},
		{
			"from": [6.00556, -0.28611, 8.98611],
			"to": [8.00556, 0.01389, 10.98611],
			"rotation": {"angle": 0, "axis": "z", "origin": [7.22778, -0.13611, 8.1]},
			"faces": {
				"north": {"uv": [6, 1, 8, 1.3], "texture": "#0", "cullface": "down"},
				"east": {"uv": [6, 1, 6.3, 3], "rotation": 270, "texture": "#0", "cullface": "down"},
				"south": {"uv": [6, 1, 8, 1.3], "rotation": 180, "texture": "#0", "cullface": "down"},
				"west": {"uv": [6, 1, 6.3, 3], "rotation": 90, "texture": "#0", "cullface": "down"},
				"down": {"uv": [6, 1, 8, 3], "texture": "#0", "cullface": "down"}
			}
		},
		{
			"from": [4.00556, -0.28611, 9.98611],
			"to": [6.00556, 0.01389, 11.98611],
			"rotation": {"angle": 0, "axis": "z", "origin": [7.22778, -0.13611, 8.1]},
			"faces": {
				"north": {"uv": [6, 1, 8, 1.3], "texture": "#0", "cullface": "down"},
				"east": {"uv": [6, 1, 6.3, 3], "rotation": 270, "texture": "#0", "cullface": "down"},
				"south": {"uv": [6, 1, 8, 1.3], "rotation": 180, "texture": "#0", "cullface": "down"},
				"west": {"uv": [6, 1, 6.3, 3], "rotation": 90, "texture": "#0", "cullface": "down"},
				"down": {"uv": [6, 1, 8, 3], "texture": "#0", "cullface": "down"}
			}
		},
		{
			"from": [6.00556, -0.28611, 12.98611],
			"to": [8.00556, 0.01389, 14.98611],
			"rotation": {"angle": 0, "axis": "z", "origin": [7.22778, -0.13611, 8.1]},
			"faces": {
				"north": {"uv": [6, 1, 8, 1.3], "texture": "#0", "cullface": "down"},
				"east": {"uv": [6, 1, 6.3, 3], "rotation": 270, "texture": "#0", "cullface": "down"},
				"south": {"uv": [6, 1, 8, 1.3], "rotation": 180, "texture": "#0", "cullface": "down"},
				"west": {"uv": [6, 1, 6.3, 3], "rotation": 90, "texture": "#0", "cullface": "down"},
				"down": {"uv": [6, 1, 8, 3], "texture": "#0", "cullface": "down"}
			}
		},
		{
			"from": [12.00556, -0.28611, 10.98611],
			"to": [14.00556, 0.01389, 12.98611],
			"rotation": {"angle": 0, "axis": "z", "origin": [7.22778, -0.13611, 8.1]},
			"faces": {
				"north": {"uv": [6, 1, 8, 1.3], "texture": "#0", "cullface": "down"},
				"east": {"uv": [6, 1, 6.3, 3], "rotation": 270, "texture": "#0", "cullface": "down"},
				"south": {"uv": [6, 1, 8, 1.3], "rotation": 180, "texture": "#0", "cullface": "down"},
				"west": {"uv": [6, 1, 6.3, 3], "rotation": 90, "texture": "#0", "cullface": "down"},
				"down": {"uv": [6, 1, 8, 3], "texture": "#0", "cullface": "down"}
			}
		}
	],
	"display": {
		"thirdperson_righthand": {
			"rotation": [75, 45, 0],
			"translation": [0, 2.5, 0],
			"scale": [0.375, 0.375, 0.375]
		},
		"thirdperson_lefthand": {
			"rotation": [75, 45, 0],
			"translation": [0, 2.5, 0],
			"scale": [0.375, 0.375, 0.375]
		},
		"firstperson_righthand": {
			"rotation": [0, 45, 0],
			"scale": [0.4, 0.4, 0.4]
		},
		"firstperson_lefthand": {
			"rotation": [0, 225, 0],
			"scale": [0.4, 0.4, 0.4]
		},
		"ground": {
			"translation": [0, 3, 0],
			"scale": [0.25, 0.25, 0.25]
		},
		"gui": {
			"rotation": [30, 225, 0],
			"scale": [0.625, 0.625, 0.625]
		},
		"fixed": {
			"scale": [0.5, 0.5, 0.5]
		}
	},
	"groups": [0,
		{
			"name": "minerios norte",
			"origin": [8, 8, 8],
			"children": [1, 2, 3, 4, 5, 6, 7, 8, 9]
		},
		{
			"name": "minerios sul",
			"origin": [8, 8, 8],
			"children": [10, 11, 12, 13, 14, 15, 16, 17, 18]
		},
		{
			"name": "minerios oeste",
			"origin": [8, 8, 8],
			"children": [19, 20, 21, 22, 23, 24, 25, 26, 27]
		},
		{
			"name": "minerios leste",
			"origin": [8, 8, 8],
			"children": [28, 29, 30, 31, 32, 33, 34, 35, 36]
		},
		{
			"name": "minerios cima",
			"origin": [8, 8, 8],
			"children": [37, 38, 39, 40, 41, 42, 43, 44, 45]
		},
		{
			"name": "minerios baixo",
			"origin": [8, 8, 8],
			"children": [46, 47, 48, 49, 50, 51, 52, 53, 54]
		}
	]
}