{
	"credit": "Made with Blockbench",
	"textures": {
		"0": "block/gold_ore",
		"particle": "block/gold_ore"
	},
	"elements": [
		{
			"name": "base",
			"from": [0, 0, 0],
			"to": [16, 16, 16],
			"faces": {
				"north": {"uv": [0, 0, 16, 16], "texture": "#0", "cullface": "north"},
				"east": {"uv": [0, 0, 16, 16], "texture": "#0", "cullface": "east"},
				"south": {"uv": [0, 0, 16, 16], "texture": "#0", "cullface": "south"},
				"west": {"uv": [0, 0, 16, 16], "texture": "#0", "cullface": "west"},
				"up": {"uv": [0, 0, 16, 16], "texture": "#0", "cullface": "up"},
				"down": {"uv": [0, 0, 16, 16], "texture": "#0", "cullface": "down"}
			}
		},
		{
			"from": [2, 3, -0.3],
			"to": [8, 4, 0],
			"rotation": {"angle": 0, "axis": "y", "origin": [14, 11, 8]},
			"faces": {
				"north": {"uv": [8, 12, 14, 13], "texture": "#0", "cullface": "north"},
				"east": {"uv": [8, 12, 8.3, 13], "texture": "#0", "cullface": "north"},
				"west": {"uv": [8, 12, 8.3, 13], "texture": "#0", "cullface": "north"},
				"up": {"uv": [8, 12, 14, 12.3], "texture": "#0", "cullface": "north"},
				"down": {"uv": [8, 12, 14, 12.3], "texture": "#0", "cullface": "north"}
			}
		},
		{
			"from": [3, 4, -0.3],
			"to": [5, 5, 0],
			"rotation": {"angle": 0, "axis": "y", "origin": [14, 12, 8]},
			"faces": {
				"north": {"uv": [11, 11, 13, 12], "texture": "#0", "cullface": "north"},
				"east": {"uv": [11, 11, 11.3, 12], "texture": "#0", "cullface": "north"},
				"west": {"uv": [11, 11, 11.3, 12], "texture": "#0", "cullface": "north"},
				"up": {"uv": [11, 11, 13, 11.3], "texture": "#0", "cullface": "north"}
			}
		},
		{
			"from": [5, 2, -0.3],
			"to": [7, 3, 0],
			"rotation": {"angle": 0, "axis": "y", "origin": [16, 10, 8]},
			"faces": {
				"north": {"uv": [9, 13, 11, 14], "texture": "#0", "cullface": "north"},
				"east": {"uv": [9, 13, 9.3, 14], "texture": "#0", "cullface": "north"},
				"west": {"uv": [9, 13, 9.3, 14], "texture": "#0", "cullface": "north"},
				"down": {"uv": [9, 13, 11, 13.3], "texture": "#0", "cullface": "north"}
			}
		},
		{
			"from": [11, 5, -0.3],
			"to": [12, 6, 0],
			"rotation": {"angle": 0, "axis": "y", "origin": [21, 13, 8]},
			"faces": {
				"north": {"uv": [4, 10, 5, 11], "texture": "#0", "cullface": "north"},
				"east": {"uv": [4, 10, 4.3, 11], "texture": "#0", "cullface": "north"},
				"west": {"uv": [4, 10, 4.3, 11], "texture": "#0", "cullface": "north"},
				"up": {"uv": [4, 10, 5, 10.3], "texture": "#0", "cullface": "north"},
				"down": {"uv": [4, 10, 5, 10.3], "texture": "#0", "cullface": "north"}
			}
		},
		{
			"from": [11, 13, -0.3],
			"to": [12, 14, 0],
			"rotation": {"angle": 0, "axis": "y", "origin": [21, 21, 8]},
			"faces": {
				"north": {"uv": [4, 2, 5, 3], "texture": "#0", "cullface": "north"},
				"east": {"uv": [4, 2, 4.3, 3], "texture": "#0", "cullface": "north"},
				"west": {"uv": [4, 2, 4.3, 3], "texture": "#0", "cullface": "north"},
				"up": {"uv": [4, 2, 5, 2.3], "texture": "#0", "cullface": "north"},
				"down": {"uv": [4, 2, 5, 2.3], "texture": "#0", "cullface": "north"}
			}
		},
		{
			"from": [4, 9, -0.3],
			"to": [6, 11, 0],
			"rotation": {"angle": 0, "axis": "y", "origin": [15, 18, 8]},
			"faces": {
				"north": {"uv": [10, 5, 12, 7], "texture": "#0", "cullface": "north"},
				"east": {"uv": [10, 5, 10.3, 7], "texture": "#0", "cullface": "north"},
				"west": {"uv": [10, 5, 10.3, 7], "texture": "#0", "cullface": "north"},
				"up": {"uv": [10, 5, 12, 5.3], "texture": "#0", "cullface": "north"},
				"down": {"uv": [10, 5, 12, 5.3], "texture": "#0", "cullface": "north"}
			}
		},
		{
			"from": [6, 7, -0.3],
			"to": [8, 8, 0],
			"rotation": {"angle": 0, "axis": "y", "origin": [17, 15, 8]},
			"faces": {
				"north": {"uv": [8, 8, 10, 9], "texture": "#0", "cullface": "north"},
				"east": {"uv": [8, 8, 8.3, 9], "texture": "#0", "cullface": "north"},
				"west": {"uv": [8, 8, 8.3, 9], "texture": "#0", "cullface": "north"},
				"up": {"uv": [8, 8, 10, 8.3], "texture": "#0", "cullface": "north"}
			}
		},
		{
			"from": [5, 6, -0.3],
			"to": [9, 7, 0],
			"rotation": {"angle": 0, "axis": "y", "origin": [17, 14, 8]},
			"faces": {
				"north": {"uv": [7, 9, 11, 10], "texture": "#0", "cullface": "north"},
				"east": {"uv": [7, 9, 7.3, 10], "texture": "#0", "cullface": "north"},
				"west": {"uv": [7, 9, 7.3, 10], "texture": "#0", "cullface": "north"},
				"up": {"uv": [7, 9, 11, 9.3], "texture": "#0", "cullface": "north"},
				"down": {"uv": [7, 9, 11, 9.3], "texture": "#0", "cullface": "north"}
			}
		},
		{
			"from": [7, 12, -0.3],
			"to": [9, 13, 0],
			"rotation": {"angle": 0, "axis": "y", "origin": [17, 20, 8]},
			"faces": {
				"north": {"uv": [7, 3, 9, 4], "texture": "#0", "cullface": "north"},
				"east": {"uv": [7, 3, 7.3, 4], "texture": "#0", "cullface": "north"},
				"west": {"uv": [7, 3, 7.3, 4], "texture": "#0", "cullface": "north"},
				"up": {"uv": [7, 3, 9, 3.3], "texture": "#0", "cullface": "north"},
				"down": {"uv": [7, 3, 9, 3.3], "texture": "#0", "cullface": "north"}
			}
		},
		{
			"from": [2, 13, -0.3],
			"to": [4, 14, 0],
			"rotation": {"angle": 0, "axis": "y", "origin": [12, 21, 8]},
			"faces": {
				"north": {"uv": [12, 2, 14, 3], "texture": "#0", "cullface": "north"},
				"east": {"uv": [12, 2, 12.3, 3], "texture": "#0", "cullface": "north"},
				"west": {"uv": [12, 2, 12.3, 3], "texture": "#0", "cullface": "north"},
				"up": {"uv": [12, 2, 14, 2.3], "texture": "#0", "cullface": "north"},
				"down": {"uv": [12, 2, 14, 2.3], "texture": "#0", "cullface": "north"}
			}
		},
		{
			"from": [11, 2, -0.3],
			"to": [13, 3, 0],
			"rotation": {"angle": 0, "axis": "y", "origin": [21, 10, 8]},
			"faces": {
				"north": {"uv": [3, 13, 5, 14], "texture": "#0", "cullface": "north"},
				"east": {"uv": [3, 13, 3.3, 14], "texture": "#0", "cullface": "north"},
				"west": {"uv": [3, 13, 3.3, 14], "texture": "#0", "cullface": "north"},
				"up": {"uv": [3, 13, 5, 13.3], "texture": "#0", "cullface": "north"},
				"down": {"uv": [3, 13, 5, 13.3], "texture": "#0", "cullface": "north"}
			}
		},
		{
			"from": [13, 7, -0.3],
			"to": [15, 8, 0],
			"rotation": {"angle": 0, "axis": "y", "origin": [23, 15, 8]},
			"faces": {
				"north": {"uv": [1, 8, 3, 9], "texture": "#0", "cullface": "north"},
				"east": {"uv": [1, 8, 1.3, 9], "texture": "#0", "cullface": "north"},
				"west": {"uv": [1, 8, 1.3, 9], "texture": "#0", "cullface": "north"},
				"up": {"uv": [1, 8, 3, 8.3], "texture": "#0", "cullface": "north"},
				"down": {"uv": [1, 8, 3, 8.3], "texture": "#0", "cullface": "north"}
			}
		},
		{
			"from": [9, 10, -0.3],
			"to": [11, 11, 0],
			"rotation": {"angle": 0, "axis": "y", "origin": [19, 18, 8]},
			"faces": {
				"north": {"uv": [5, 5, 7, 6], "texture": "#0", "cullface": "north"},
				"east": {"uv": [5, 5, 5.3, 6], "texture": "#0", "cullface": "north"},
				"west": {"uv": [5, 5, 5.3, 6], "texture": "#0", "cullface": "north"},
				"up": {"uv": [5, 5, 7, 5.3], "texture": "#0", "cullface": "north"}
			}
		},
		{
			"from": [8, 9, -0.3],
			"to": [13, 10, 0],
			"rotation": {"angle": 0, "axis": "y", "origin": [19, 17, 8]},
			"faces": {
				"north": {"uv": [3, 6, 8, 7], "texture": "#0", "cullface": "north"},
				"east": {"uv": [3, 6, 3.3, 7], "texture": "#0", "cullface": "north"},
				"west": {"uv": [3, 6, 3.3, 7], "texture": "#0", "cullface": "north"},
				"up": {"uv": [3, 6, 8, 6.3], "texture": "#0", "cullface": "north"},
				"down": {"uv": [3, 6, 8, 6.3], "texture": "#0", "cullface": "north"}
			}
		},
		{
			"from": [7.95714, 3, 16],
			"to": [13.95714, 4, 16.3],
			"rotation": {"angle": 0, "axis": "y", "origin": [8.17857, 7.82143, 16.175]},
			"faces": {
				"east": {"uv": [8, 12, 8.3, 13], "texture": "#0", "cullface": "south"},
				"south": {"uv": [8, 12, 14, 13], "texture": "#0", "cullface": "south"},
				"west": {"uv": [8, 12, 8.3, 13], "texture": "#0", "cullface": "south"},
				"up": {"uv": [8, 12, 14, 12.3], "rotation": 180, "texture": "#0", "cullface": "south"},
				"down": {"uv": [8, 12, 14, 12.3], "rotation": 180, "texture": "#0", "cullface": "south"}
			}
		},
		{
			"from": [10.95714, 4, 16],
			"to": [12.95714, 5, 16.3],
			"rotation": {"angle": 0, "axis": "y", "origin": [8.17857, 7.82143, 16.175]},
			"faces": {
				"east": {"uv": [11, 11, 11.3, 12], "texture": "#0", "cullface": "south"},
				"south": {"uv": [11, 11, 13, 12], "texture": "#0", "cullface": "south"},
				"west": {"uv": [11, 11, 11.3, 12], "texture": "#0", "cullface": "south"},
				"up": {"uv": [11, 11, 13, 11.3], "rotation": 180, "texture": "#0", "cullface": "south"}
			}
		},
		{
			"from": [8.95714, 2, 16],
			"to": [10.95714, 3, 16.3],
			"rotation": {"angle": 0, "axis": "y", "origin": [8.17857, 7.82143, 16.175]},
			"faces": {
				"east": {"uv": [9, 13, 9.3, 14], "texture": "#0", "cullface": "south"},
				"south": {"uv": [9, 13, 11, 14], "texture": "#0", "cullface": "south"},
				"west": {"uv": [9, 13, 9.3, 14], "texture": "#0", "cullface": "south"},
				"down": {"uv": [9, 13, 11, 13.3], "rotation": 180, "texture": "#0", "cullface": "south"}
			}
		},
		{
			"from": [3.95714, 5, 16],
			"to": [4.95714, 6, 16.3],
			"rotation": {"angle": 0, "axis": "y", "origin": [8.17857, 7.82143, 16.175]},
			"faces": {
				"east": {"uv": [4, 10, 4.3, 11], "texture": "#0", "cullface": "south"},
				"south": {"uv": [4, 10, 5, 11], "texture": "#0", "cullface": "south"},
				"west": {"uv": [4, 10, 4.3, 11], "texture": "#0", "cullface": "south"},
				"up": {"uv": [4, 10, 5, 10.3], "rotation": 180, "texture": "#0", "cullface": "south"},
				"down": {"uv": [4, 10, 5, 10.3], "rotation": 180, "texture": "#0", "cullface": "south"}
			}
		},
		{
			"from": [3.95714, 13, 16],
			"to": [4.95714, 14, 16.3],
			"rotation": {"angle": 0, "axis": "y", "origin": [8.17857, 7.82143, 16.175]},
			"faces": {
				"east": {"uv": [4, 2, 4.3, 3], "texture": "#0", "cullface": "south"},
				"south": {"uv": [4, 2, 5, 3], "texture": "#0", "cullface": "south"},
				"west": {"uv": [4, 2, 4.3, 3], "texture": "#0", "cullface": "south"},
				"up": {"uv": [4, 2, 5, 2.3], "rotation": 180, "texture": "#0", "cullface": "south"},
				"down": {"uv": [4, 2, 5, 2.3], "rotation": 180, "texture": "#0", "cullface": "south"}
			}
		},
		{
			"from": [9.95714, 9, 16],
			"to": [11.95714, 11, 16.3],
			"rotation": {"angle": 0, "axis": "y", "origin": [8.17857, 7.82143, 16.175]},
			"faces": {
				"east": {"uv": [10, 5, 10.3, 7], "texture": "#0", "cullface": "south"},
				"south": {"uv": [10, 5, 12, 7], "texture": "#0", "cullface": "south"},
				"west": {"uv": [10, 5, 10.3, 7], "texture": "#0", "cullface": "south"},
				"up": {"uv": [10, 5, 12, 5.3], "rotation": 180, "texture": "#0", "cullface": "south"},
				"down": {"uv": [10, 5, 12, 5.3], "rotation": 180, "texture": "#0", "cullface": "south"}
			}
		},
		{
			"from": [7.95714, 7, 16],
			"to": [9.95714, 8, 16.3],
			"rotation": {"angle": 0, "axis": "y", "origin": [8.17857, 7.82143, 16.175]},
			"faces": {
				"east": {"uv": [8, 8, 8.3, 9], "texture": "#0", "cullface": "south"},
				"south": {"uv": [8, 8, 10, 9], "texture": "#0", "cullface": "south"},
				"west": {"uv": [8, 8, 8.3, 9], "texture": "#0", "cullface": "south"},
				"up": {"uv": [8, 8, 10, 8.3], "rotation": 180, "texture": "#0", "cullface": "south"}
			}
		},
		{
			"from": [6.95714, 6, 16],
			"to": [10.95714, 7, 16.3],
			"rotation": {"angle": 0, "axis": "y", "origin": [8.17857, 7.82143, 16.175]},
			"faces": {
				"east": {"uv": [7, 9, 7.3, 10], "texture": "#0", "cullface": "south"},
				"south": {"uv": [7, 9, 11, 10], "texture": "#0", "cullface": "south"},
				"west": {"uv": [7, 9, 7.3, 10], "texture": "#0", "cullface": "south"},
				"up": {"uv": [7, 9, 11, 9.3], "rotation": 180, "texture": "#0", "cullface": "south"},
				"down": {"uv": [7, 9, 11, 9.3], "rotation": 180, "texture": "#0", "cullface": "south"}
			}
		},
		{
			"from": [6.95714, 12, 16],
			"to": [8.95714, 13, 16.3],
			"rotation": {"angle": 0, "axis": "y", "origin": [8.17857, 7.82143, 16.175]},
			"faces": {
				"east": {"uv": [7, 3, 7.3, 4], "texture": "#0", "cullface": "south"},
				"south": {"uv": [7, 3, 9, 4], "texture": "#0", "cullface": "south"},
				"west": {"uv": [7, 3, 7.3, 4], "texture": "#0", "cullface": "south"},
				"up": {"uv": [7, 3, 9, 3.3], "rotation": 180, "texture": "#0", "cullface": "south"},
				"down": {"uv": [7, 3, 9, 3.3], "rotation": 180, "texture": "#0", "cullface": "south"}
			}
		},
		{
			"from": [11.95714, 13, 16],
			"to": [13.95714, 14, 16.3],
			"rotation": {"angle": 0, "axis": "y", "origin": [8.17857, 7.82143, 16.175]},
			"faces": {
				"east": {"uv": [12, 2, 12.3, 3], "texture": "#0", "cullface": "south"},
				"south": {"uv": [12, 2, 14, 3], "texture": "#0", "cullface": "south"},
				"west": {"uv": [12, 2, 12.3, 3], "texture": "#0", "cullface": "south"},
				"up": {"uv": [12, 2, 14, 2.3], "rotation": 180, "texture": "#0", "cullface": "south"},
				"down": {"uv": [12, 2, 14, 2.3], "rotation": 180, "texture": "#0", "cullface": "south"}
			}
		},
		{
			"from": [2.95714, 2, 16],
			"to": [4.95714, 3, 16.3],
			"rotation": {"angle": 0, "axis": "y", "origin": [8.17857, 7.82143, 16.175]},
			"faces": {
				"east": {"uv": [3, 13, 3.3, 14], "texture": "#0", "cullface": "south"},
				"south": {"uv": [3, 13, 5, 14], "texture": "#0", "cullface": "south"},
				"west": {"uv": [3, 13, 3.3, 14], "texture": "#0", "cullface": "south"},
				"up": {"uv": [3, 13, 5, 13.3], "rotation": 180, "texture": "#0", "cullface": "south"},
				"down": {"uv": [3, 13, 5, 13.3], "rotation": 180, "texture": "#0", "cullface": "south"}
			}
		},
		{
			"from": [0.95714, 7, 16],
			"to": [2.95714, 8, 16.3],
			"rotation": {"angle": 0, "axis": "y", "origin": [8.17857, 7.82143, 16.175]},
			"faces": {
				"east": {"uv": [1, 8, 1.3, 9], "texture": "#0", "cullface": "south"},
				"south": {"uv": [1, 8, 3, 9], "texture": "#0", "cullface": "south"},
				"west": {"uv": [1, 8, 1.3, 9], "texture": "#0", "cullface": "south"},
				"up": {"uv": [1, 8, 3, 8.3], "rotation": 180, "texture": "#0", "cullface": "south"},
				"down": {"uv": [1, 8, 3, 8.3], "rotation": 180, "texture": "#0", "cullface": "south"}
			}
		},
		{
			"from": [4.95714, 10, 16],
			"to": [6.95714, 11, 16.3],
			"rotation": {"angle": 0, "axis": "y", "origin": [8.17857, 7.82143, 16.175]},
			"faces": {
				"east": {"uv": [5, 5, 5.3, 6], "texture": "#0", "cullface": "south"},
				"south": {"uv": [5, 5, 7, 6], "texture": "#0", "cullface": "south"},
				"west": {"uv": [5, 5, 5.3, 6], "texture": "#0", "cullface": "south"},
				"up": {"uv": [5, 5, 7, 5.3], "rotation": 180, "texture": "#0", "cullface": "south"}
			}
		},
		{
			"from": [2.95714, 9, 16],
			"to": [7.95714, 10, 16.3],
			"rotation": {"angle": 0, "axis": "y", "origin": [8.17857, 7.82143, 16.175]},
			"faces": {
				"east": {"uv": [3, 6, 3.3, 7], "texture": "#0", "cullface": "south"},
				"south": {"uv": [3, 6, 8, 7], "texture": "#0", "cullface": "south"},
				"west": {"uv": [3, 6, 3.3, 7], "texture": "#0", "cullface": "south"},
				"up": {"uv": [3, 6, 8, 6.3], "rotation": 180, "texture": "#0", "cullface": "south"},
				"down": {"uv": [3, 6, 8, 6.3], "rotation": 180, "texture": "#0", "cullface": "south"}
			}
		},
		{
			"from": [-0.3, 3, 8.02857],
			"to": [0, 4, 14.02857],
			"rotation": {"angle": 0, "axis": "y", "origin": [0.17857, 7.82143, -0.15]},
			"faces": {
				"north": {"uv": [8, 12, 8.3, 13], "texture": "#0", "cullface": "west"},
				"south": {"uv": [8, 12, 8.3, 13], "texture": "#0", "cullface": "west"},
				"west": {"uv": [8, 12, 14, 13], "texture": "#0", "cullface": "west"},
				"up": {"uv": [8, 12, 14, 12.3], "rotation": 270, "texture": "#0", "cullface": "west"},
				"down": {"uv": [8, 12, 14, 12.3], "rotation": 90, "texture": "#0", "cullface": "west"}
			}
		},
		{
			"from": [-0.3, 4, 11.02857],
			"to": [0, 5, 13.02857],
			"rotation": {"angle": 0, "axis": "y", "origin": [0.17857, 7.82143, -0.15]},
			"faces": {
				"north": {"uv": [11, 11, 11.3, 12], "texture": "#0", "cullface": "west"},
				"south": {"uv": [11, 11, 11.3, 12], "texture": "#0", "cullface": "west"},
				"west": {"uv": [11, 11, 13, 12], "texture": "#0", "cullface": "west"},
				"up": {"uv": [11, 11, 13, 11.3], "rotation": 270, "texture": "#0", "cullface": "west"}
			}
		},
		{
			"from": [-0.3, 2, 9.02857],
			"to": [0, 3, 11.02857],
			"rotation": {"angle": 0, "axis": "y", "origin": [0.17857, 7.82143, -0.15]},
			"faces": {
				"north": {"uv": [9, 13, 9.3, 14], "texture": "#0", "cullface": "west"},
				"south": {"uv": [9, 13, 9.3, 14], "texture": "#0", "cullface": "west"},
				"west": {"uv": [9, 13, 11, 14], "texture": "#0", "cullface": "west"},
				"down": {"uv": [9, 13, 11, 13.3], "rotation": 90, "texture": "#0", "cullface": "west"}
			}
		},
		{
			"from": [-0.3, 5, 4.02857],
			"to": [0, 6, 5.02857],
			"rotation": {"angle": 0, "axis": "y", "origin": [0.17857, 7.82143, -0.15]},
			"faces": {
				"north": {"uv": [4, 10, 4.3, 11], "texture": "#0", "cullface": "west"},
				"south": {"uv": [4, 10, 4.3, 11], "texture": "#0", "cullface": "west"},
				"west": {"uv": [4, 10, 5, 11], "texture": "#0", "cullface": "west"},
				"up": {"uv": [4, 10, 5, 10.3], "rotation": 270, "texture": "#0", "cullface": "west"},
				"down": {"uv": [4, 10, 5, 10.3], "rotation": 90, "texture": "#0", "cullface": "west"}
			}
		},
		{
			"from": [-0.3, 13, 4.02857],
			"to": [0, 14, 5.02857],
			"rotation": {"angle": 0, "axis": "y", "origin": [0.17857, 7.82143, -0.15]},
			"faces": {
				"north": {"uv": [4, 2, 4.3, 3], "texture": "#0", "cullface": "west"},
				"south": {"uv": [4, 2, 4.3, 3], "texture": "#0", "cullface": "west"},
				"west": {"uv": [4, 2, 5, 3], "texture": "#0", "cullface": "west"},
				"up": {"uv": [4, 2, 5, 2.3], "rotation": 270, "texture": "#0", "cullface": "west"},
				"down": {"uv": [4, 2, 5, 2.3], "rotation": 90, "texture": "#0", "cullface": "west"}
			}
		},
		{
			"from": [-0.3, 9, 10.02857],
			"to": [0, 11, 12.02857],
			"rotation": {"angle": 0, "axis": "y", "origin": [0.17857, 7.82143, -0.15]},
			"faces": {
				"north": {"uv": [10, 5, 10.3, 7], "texture": "#0", "cullface": "west"},
				"south": {"uv": [10, 5, 10.3, 7], "texture": "#0", "cullface": "west"},
				"west": {"uv": [10, 5, 12, 7], "texture": "#0", "cullface": "west"},
				"up": {"uv": [10, 5, 12, 5.3], "rotation": 270, "texture": "#0", "cullface": "west"},
				"down": {"uv": [10, 5, 12, 5.3], "rotation": 90, "texture": "#0", "cullface": "west"}
			}
		},
		{
			"from": [-0.3, 7, 8.02857],
			"to": [0, 8, 10.02857],
			"rotation": {"angle": 0, "axis": "y", "origin": [0.17857, 7.82143, -0.15]},
			"faces": {
				"north": {"uv": [8, 8, 8.3, 9], "texture": "#0", "cullface": "west"},
				"south": {"uv": [8, 8, 8.3, 9], "texture": "#0", "cullface": "west"},
				"west": {"uv": [8, 8, 10, 9], "texture": "#0", "cullface": "west"},
				"up": {"uv": [8, 8, 10, 8.3], "rotation": 270, "texture": "#0", "cullface": "west"}
			}
		},
		{
			"from": [-0.3, 6, 7.02857],
			"to": [0, 7, 11.02857],
			"rotation": {"angle": 0, "axis": "y", "origin": [0.17857, 7.82143, -0.15]},
			"faces": {
				"north": {"uv": [7, 9, 7.3, 10], "texture": "#0", "cullface": "west"},
				"south": {"uv": [7, 9, 7.3, 10], "texture": "#0", "cullface": "west"},
				"west": {"uv": [7, 9, 11, 10], "texture": "#0", "cullface": "west"},
				"up": {"uv": [7, 9, 11, 9.3], "rotation": 270, "texture": "#0", "cullface": "west"},
				"down": {"uv": [7, 9, 11, 9.3], "rotation": 90, "texture": "#0", "cullface": "west"}
			}
		},
		{
			"from": [-0.3, 12, 7.02857],
			"to": [0, 13, 9.02857],
			"rotation": {"angle": 0, "axis": "y", "origin": [0.17857, 7.82143, -0.15]},
			"faces": {
				"north": {"uv": [7, 3, 7.3, 4], "texture": "#0", "cullface": "west"},
				"south": {"uv": [7, 3, 7.3, 4], "texture": "#0", "cullface": "west"},
				"west": {"uv": [7, 3, 9, 4], "texture": "#0", "cullface": "west"},
				"up": {"uv": [7, 3, 9, 3.3], "rotation": 270, "texture": "#0", "cullface": "west"},
				"down": {"uv": [7, 3, 9, 3.3], "rotation": 90, "texture": "#0", "cullface": "west"}
			}
		},
		{
			"from": [-0.3, 13, 12.02857],
			"to": [0, 14, 14.02857],
			"rotation": {"angle": 0, "axis": "y", "origin": [0.17857, 7.82143, -0.15]},
			"faces": {
				"north": {"uv": [12, 2, 12.3, 3], "texture": "#0", "cullface": "west"},
				"south": {"uv": [12, 2, 12.3, 3], "texture": "#0", "cullface": "west"},
				"west": {"uv": [12, 2, 14, 3], "texture": "#0", "cullface": "west"},
				"up": {"uv": [12, 2, 14, 2.3], "rotation": 270, "texture": "#0", "cullface": "west"},
				"down": {"uv": [12, 2, 14, 2.3], "rotation": 90, "texture": "#0", "cullface": "west"}
			}
		},
		{
			"from": [-0.3, 2, 3.02857],
			"to": [0, 3, 5.02857],
			"rotation": {"angle": 0, "axis": "y", "origin": [0.17857, 7.82143, -0.15]},
			"faces": {
				"north": {"uv": [3, 13, 3.3, 14], "texture": "#0", "cullface": "west"},
				"south": {"uv": [3, 13, 3.3, 14], "texture": "#0", "cullface": "west"},
				"west": {"uv": [3, 13, 5, 14], "texture": "#0", "cullface": "west"},
				"up": {"uv": [3, 13, 5, 13.3], "rotation": 270, "texture": "#0", "cullface": "west"},
				"down": {"uv": [3, 13, 5, 13.3], "rotation": 90, "texture": "#0", "cullface": "west"}
			}
		},
		{
			"from": [-0.3, 7, 1.02857],
			"to": [0, 8, 3.02857],
			"rotation": {"angle": 0, "axis": "y", "origin": [0.17857, 7.82143, -0.15]},
			"faces": {
				"north": {"uv": [1, 8, 1.3, 9], "texture": "#0", "cullface": "west"},
				"south": {"uv": [1, 8, 1.3, 9], "texture": "#0", "cullface": "west"},
				"west": {"uv": [1, 8, 3, 9], "texture": "#0", "cullface": "west"},
				"up": {"uv": [1, 8, 3, 8.3], "rotation": 270, "texture": "#0", "cullface": "west"},
				"down": {"uv": [1, 8, 3, 8.3], "rotation": 90, "texture": "#0", "cullface": "west"}
			}
		},
		{
			"from": [-0.3, 10, 5.02857],
			"to": [0, 11, 7.02857],
			"rotation": {"angle": 0, "axis": "y", "origin": [0.17857, 7.82143, -0.15]},
			"faces": {
				"north": {"uv": [5, 5, 5.3, 6], "texture": "#0", "cullface": "west"},
				"south": {"uv": [5, 5, 5.3, 6], "texture": "#0", "cullface": "west"},
				"west": {"uv": [5, 5, 7, 6], "texture": "#0", "cullface": "west"},
				"up": {"uv": [5, 5, 7, 5.3], "rotation": 270, "texture": "#0", "cullface": "west"}
			}
		},
		{
			"from": [-0.3, 9, 3.02857],
			"to": [0, 10, 8.02857],
			"rotation": {"angle": 0, "axis": "y", "origin": [0.17857, 7.82143, -0.15]},
			"faces": {
				"north": {"uv": [3, 6, 3.3, 7], "texture": "#0", "cullface": "west"},
				"south": {"uv": [3, 6, 3.3, 7], "texture": "#0", "cullface": "west"},
				"west": {"uv": [3, 6, 8, 7], "texture": "#0", "cullface": "west"},
				"up": {"uv": [3, 6, 8, 6.3], "rotation": 270, "texture": "#0", "cullface": "west"},
				"down": {"uv": [3, 6, 8, 6.3], "rotation": 90, "texture": "#0", "cullface": "west"}
			}
		},
		{
			"from": [16, 2.975, 2.02143],
			"to": [16.3, 3.975, 8.02143],
			"rotation": {"angle": 0, "axis": "y", "origin": [16.15357, 7.82143, 7.85]},
			"faces": {
				"north": {"uv": [8, 12, 8.3, 13], "texture": "#0", "cullface": "east"},
				"east": {"uv": [8, 12, 14, 13], "texture": "#0", "cullface": "east"},
				"south": {"uv": [8, 12, 8.3, 13], "texture": "#0", "cullface": "east"},
				"up": {"uv": [8, 12, 14, 12.3], "rotation": 90, "texture": "#0", "cullface": "east"},
				"down": {"uv": [8, 12, 14, 12.3], "rotation": 270, "texture": "#0", "cullface": "east"}
			}
		},
		{
			"from": [16, 3.975, 3.02143],
			"to": [16.3, 4.975, 5.02143],
			"rotation": {"angle": 0, "axis": "y", "origin": [16.15357, 7.82143, 7.85]},
			"faces": {
				"north": {"uv": [11, 11, 11.3, 12], "texture": "#0", "cullface": "east"},
				"east": {"uv": [11, 11, 13, 12], "texture": "#0", "cullface": "east"},
				"south": {"uv": [11, 11, 11.3, 12], "texture": "#0", "cullface": "east"},
				"up": {"uv": [11, 11, 13, 11.3], "rotation": 90, "texture": "#0", "cullface": "east"}
			}
		},
		{
			"from": [16, 1.975, 5.02143],
			"to": [16.3, 2.975, 7.02143],
			"rotation": {"angle": 0, "axis": "y", "origin": [16.15357, 7.82143, 7.85]},
			"faces": {
				"north": {"uv": [9, 13, 9.3, 14], "texture": "#0", "cullface": "east"},
				"east": {"uv": [9, 13, 11, 14], "texture": "#0", "cullface": "east"},
				"south": {"uv": [9, 13, 9.3, 14], "texture": "#0", "cullface": "east"},
				"down": {"uv": [9, 13, 11, 13.3], "rotation": 270, "texture": "#0", "cullface": "east"}
			}
		},
		{
			"from": [16, 4.975, 11.02143],
			"to": [16.3, 5.975, 12.02143],
			"rotation": {"angle": 0, "axis": "y", "origin": [16.15357, 7.82143, 7.85]},
			"faces": {
				"north": {"uv": [4, 10, 4.3, 11], "texture": "#0", "cullface": "east"},
				"east": {"uv": [4, 10, 5, 11], "texture": "#0", "cullface": "east"},
				"south": {"uv": [4, 10, 4.3, 11], "texture": "#0", "cullface": "east"},
				"up": {"uv": [4, 10, 5, 10.3], "rotation": 90, "texture": "#0", "cullface": "east"},
				"down": {"uv": [4, 10, 5, 10.3], "rotation": 270, "texture": "#0", "cullface": "east"}
			}
		},
		{
			"from": [16, 12.975, 11.02143],
			"to": [16.3, 13.975, 12.02143],
			"rotation": {"angle": 0, "axis": "y", "origin": [16.15357, 7.82143, 7.85]},
			"faces": {
				"north": {"uv": [4, 2, 4.3, 3], "texture": "#0", "cullface": "east"},
				"east": {"uv": [4, 2, 5, 3], "texture": "#0", "cullface": "east"},
				"south": {"uv": [4, 2, 4.3, 3], "texture": "#0", "cullface": "east"},
				"up": {"uv": [4, 2, 5, 2.3], "rotation": 90, "texture": "#0", "cullface": "east"},
				"down": {"uv": [4, 2, 5, 2.3], "rotation": 270, "texture": "#0", "cullface": "east"}
			}
		},
		{
			"from": [16, 8.975, 4.02143],
			"to": [16.3, 10.975, 6.02143],
			"rotation": {"angle": 0, "axis": "y", "origin": [16.15357, 7.82143, 7.85]},
			"faces": {
				"north": {"uv": [10, 5, 10.3, 7], "texture": "#0", "cullface": "east"},
				"east": {"uv": [10, 5, 12, 7], "texture": "#0", "cullface": "east"},
				"south": {"uv": [10, 5, 10.3, 7], "texture": "#0", "cullface": "east"},
				"up": {"uv": [10, 5, 12, 5.3], "rotation": 90, "texture": "#0", "cullface": "east"},
				"down": {"uv": [10, 5, 12, 5.3], "rotation": 270, "texture": "#0", "cullface": "east"}
			}
		},
		{
			"from": [16, 6.975, 6.02143],
			"to": [16.3, 7.975, 8.02143],
			"rotation": {"angle": 0, "axis": "y", "origin": [16.15357, 7.82143, 7.85]},
			"faces": {
				"north": {"uv": [8, 8, 8.3, 9], "texture": "#0", "cullface": "east"},
				"east": {"uv": [8, 8, 10, 9], "texture": "#0", "cullface": "east"},
				"south": {"uv": [8, 8, 8.3, 9], "texture": "#0", "cullface": "east"},
				"up": {"uv": [8, 8, 10, 8.3], "rotation": 90, "texture": "#0", "cullface": "east"}
			}
		},
		{
			"from": [16, 5.975, 5.02143],
			"to": [16.3, 6.975, 9.02143],
			"rotation": {"angle": 0, "axis": "y", "origin": [16.15357, 7.82143, 7.85]},
			"faces": {
				"north": {"uv": [7, 9, 7.3, 10], "texture": "#0", "cullface": "east"},
				"east": {"uv": [7, 9, 11, 10], "texture": "#0", "cullface": "east"},
				"south": {"uv": [7, 9, 7.3, 10], "texture": "#0", "cullface": "east"},
				"up": {"uv": [7, 9, 11, 9.3], "rotation": 90, "texture": "#0", "cullface": "east"},
				"down": {"uv": [7, 9, 11, 9.3], "rotation": 270, "texture": "#0", "cullface": "east"}
			}
		},
		{
			"from": [16, 11.975, 7.02143],
			"to": [16.3, 12.975, 9.02143],
			"rotation": {"angle": 0, "axis": "y", "origin": [16.15357, 7.82143, 7.85]},
			"faces": {
				"north": {"uv": [7, 3, 7.3, 4], "texture": "#0", "cullface": "east"},
				"east": {"uv": [7, 3, 9, 4], "texture": "#0", "cullface": "east"},
				"south": {"uv": [7, 3, 7.3, 4], "texture": "#0", "cullface": "east"},
				"up": {"uv": [7, 3, 9, 3.3], "rotation": 90, "texture": "#0", "cullface": "east"},
				"down": {"uv": [7, 3, 9, 3.3], "rotation": 270, "texture": "#0", "cullface": "east"}
			}
		},
		{
			"from": [16, 12.975, 2.02143],
			"to": [16.3, 13.975, 4.02143],
			"rotation": {"angle": 0, "axis": "y", "origin": [16.15357, 7.82143, 7.85]},
			"faces": {
				"north": {"uv": [12, 2, 12.3, 3], "texture": "#0", "cullface": "east"},
				"east": {"uv": [12, 2, 14, 3], "texture": "#0", "cullface": "east"},
				"south": {"uv": [12, 2, 12.3, 3], "texture": "#0", "cullface": "east"},
				"up": {"uv": [12, 2, 14, 2.3], "rotation": 90, "texture": "#0", "cullface": "east"},
				"down": {"uv": [12, 2, 14, 2.3], "rotation": 270, "texture": "#0", "cullface": "east"}
			}
		},
		{
			"from": [16, 1.975, 11.02143],
			"to": [16.3, 2.975, 13.02143],
			"rotation": {"angle": 0, "axis": "y", "origin": [16.15357, 7.82143, 7.85]},
			"faces": {
				"north": {"uv": [3, 13, 3.3, 14], "texture": "#0", "cullface": "east"},
				"east": {"uv": [3, 13, 5, 14], "texture": "#0", "cullface": "east"},
				"south": {"uv": [3, 13, 3.3, 14], "texture": "#0", "cullface": "east"},
				"up": {"uv": [3, 13, 5, 13.3], "rotation": 90, "texture": "#0", "cullface": "east"},
				"down": {"uv": [3, 13, 5, 13.3], "rotation": 270, "texture": "#0", "cullface": "east"}
			}
		},
		{
			"from": [16, 6.975, 13.02143],
			"to": [16.3, 7.975, 15.02143],
			"rotation": {"angle": 0, "axis": "y", "origin": [16.15357, 7.82143, 7.85]},
			"faces": {
				"north": {"uv": [1, 8, 1.3, 9], "texture": "#0", "cullface": "east"},
				"east": {"uv": [1, 8, 3, 9], "texture": "#0", "cullface": "east"},
				"south": {"uv": [1, 8, 1.3, 9], "texture": "#0", "cullface": "east"},
				"up": {"uv": [1, 8, 3, 8.3], "rotation": 90, "texture": "#0", "cullface": "east"},
				"down": {"uv": [1, 8, 3, 8.3], "rotation": 270, "texture": "#0", "cullface": "east"}
			}
		},
		{
			"from": [16, 9.975, 9.02143],
			"to": [16.3, 10.975, 11.02143],
			"rotation": {"angle": 0, "axis": "y", "origin": [16.15357, 7.82143, 7.85]},
			"faces": {
				"north": {"uv": [5, 5, 5.3, 6], "texture": "#0", "cullface": "east"},
				"east": {"uv": [5, 5, 7, 6], "texture": "#0", "cullface": "east"},
				"south": {"uv": [5, 5, 5.3, 6], "texture": "#0", "cullface": "east"},
				"up": {"uv": [5, 5, 7, 5.3], "rotation": 90, "texture": "#0", "cullface": "east"}
			}
		},
		{
			"from": [16, 8.975, 8.02143],
			"to": [16.3, 9.975, 13.02143],
			"rotation": {"angle": 0, "axis": "y", "origin": [16.15357, 7.82143, 7.85]},
			"faces": {
				"north": {"uv": [3, 6, 3.3, 7], "texture": "#0", "cullface": "east"},
				"east": {"uv": [3, 6, 8, 7], "texture": "#0", "cullface": "east"},
				"south": {"uv": [3, 6, 3.3, 7], "texture": "#0", "cullface": "east"},
				"up": {"uv": [3, 6, 8, 6.3], "rotation": 90, "texture": "#0", "cullface": "east"},
				"down": {"uv": [3, 6, 8, 6.3], "rotation": 270, "texture": "#0", "cullface": "east"}
			}
		},
		{
			"from": [7.98214, 16, 11.99643],
			"to": [13.98214, 16.3, 12.99643],
			"rotation": {"angle": 0, "axis": "z", "origin": [8.17857, 16.14643, 7.85]},
			"faces": {
				"north": {"uv": [8, 12, 14, 12.3], "texture": "#0", "cullface": "up"},
				"east": {"uv": [8, 12, 8.3, 13], "rotation": 90, "texture": "#0", "cullface": "up"},
				"south": {"uv": [8, 12, 14, 12.3], "rotation": 180, "texture": "#0", "cullface": "up"},
				"west": {"uv": [8, 12, 8.3, 13], "rotation": 270, "texture": "#0", "cullface": "up"},
				"up": {"uv": [8, 12, 14, 13], "texture": "#0", "cullface": "up"}
			}
		},
		{
			"from": [10.98214, 16, 10.99643],
			"to": [12.98214, 16.3, 11.99643],
			"rotation": {"angle": 0, "axis": "z", "origin": [8.17857, 16.14643, 7.85]},
			"faces": {
				"north": {"uv": [11, 11, 13, 11.3], "texture": "#0", "cullface": "up"},
				"east": {"uv": [11, 11, 11.3, 12], "rotation": 90, "texture": "#0", "cullface": "up"},
				"west": {"uv": [11, 11, 11.3, 12], "rotation": 270, "texture": "#0", "cullface": "up"},
				"up": {"uv": [11, 11, 13, 12], "texture": "#0", "cullface": "up"}
			}
		},
		{
			"from": [8.98214, 16, 12.99643],
			"to": [10.98214, 16.3, 13.99643],
			"rotation": {"angle": 0, "axis": "z", "origin": [8.17857, 16.14643, 7.85]},
			"faces": {
				"east": {"uv": [9, 13, 9.3, 14], "rotation": 90, "texture": "#0", "cullface": "up"},
				"south": {"uv": [9, 13, 11, 13.3], "rotation": 180, "texture": "#0", "cullface": "up"},
				"west": {"uv": [9, 13, 9.3, 14], "rotation": 270, "texture": "#0", "cullface": "up"},
				"up": {"uv": [9, 13, 11, 14], "texture": "#0", "cullface": "up"}
			}
		},
		{
			"from": [3.98214, 16, 9.99643],
			"to": [4.98214, 16.3, 10.99643],
			"rotation": {"angle": 0, "axis": "z", "origin": [8.17857, 16.14643, 7.85]},
			"faces": {
				"north": {"uv": [4, 10, 5, 10.3], "texture": "#0", "cullface": "up"},
				"east": {"uv": [4, 10, 4.3, 11], "rotation": 90, "texture": "#0", "cullface": "up"},
				"south": {"uv": [4, 10, 5, 10.3], "rotation": 180, "texture": "#0", "cullface": "up"},
				"west": {"uv": [4, 10, 4.3, 11], "rotation": 270, "texture": "#0", "cullface": "up"},
				"up": {"uv": [4, 10, 5, 11], "texture": "#0", "cullface": "up"}
			}
		},
		{
			"from": [3.98214, 16, 1.99643],
			"to": [4.98214, 16.3, 2.99643],
			"rotation": {"angle": 0, "axis": "z", "origin": [8.17857, 16.14643, 7.85]},
			"faces": {
				"north": {"uv": [4, 2, 5, 2.3], "texture": "#0", "cullface": "up"},
				"east": {"uv": [4, 2, 4.3, 3], "rotation": 90, "texture": "#0", "cullface": "up"},
				"south": {"uv": [4, 2, 5, 2.3], "rotation": 180, "texture": "#0", "cullface": "up"},
				"west": {"uv": [4, 2, 4.3, 3], "rotation": 270, "texture": "#0", "cullface": "up"},
				"up": {"uv": [4, 2, 5, 3], "texture": "#0", "cullface": "up"}
			}
		},
		{
			"from": [9.98214, 16, 4.99643],
			"to": [11.98214, 16.3, 6.99643],
			"rotation": {"angle": 0, "axis": "z", "origin": [8.17857, 16.14643, 7.85]},
			"faces": {
				"north": {"uv": [10, 5, 12, 5.3], "texture": "#0", "cullface": "up"},
				"east": {"uv": [10, 5, 10.3, 7], "rotation": 90, "texture": "#0", "cullface": "up"},
				"south": {"uv": [10, 5, 12, 5.3], "rotation": 180, "texture": "#0", "cullface": "up"},
				"west": {"uv": [10, 5, 10.3, 7], "rotation": 270, "texture": "#0", "cullface": "up"},
				"up": {"uv": [10, 5, 12, 7], "texture": "#0", "cullface": "up"}
			}
		},
		{
			"from": [7.98214, 16, 7.99643],
			"to": [9.98214, 16.3, 8.99643],
			"rotation": {"angle": 0, "axis": "z", "origin": [8.17857, 16.14643, 7.85]},
			"faces": {
				"north": {"uv": [8, 8, 10, 8.3], "texture": "#0", "cullface": "up"},
				"east": {"uv": [8, 8, 8.3, 9], "rotation": 90, "texture": "#0", "cullface": "up"},
				"west": {"uv": [8, 8, 8.3, 9], "rotation": 270, "texture": "#0", "cullface": "up"},
				"up": {"uv": [8, 8, 10, 9], "texture": "#0", "cullface": "up"}
			}
		},
		{
			"from": [6.98214, 16, 8.99643],
			"to": [10.98214, 16.3, 9.99643],
			"rotation": {"angle": 0, "axis": "z", "origin": [8.17857, 16.14643, 7.85]},
			"faces": {
				"north": {"uv": [7, 9, 11, 9.3], "texture": "#0", "cullface": "up"},
				"east": {"uv": [7, 9, 7.3, 10], "rotation": 90, "texture": "#0", "cullface": "up"},
				"south": {"uv": [7, 9, 11, 9.3], "rotation": 180, "texture": "#0", "cullface": "up"},
				"west": {"uv": [7, 9, 7.3, 10], "rotation": 270, "texture": "#0", "cullface": "up"},
				"up": {"uv": [7, 9, 11, 10], "texture": "#0", "cullface": "up"}
			}
		},
		{
			"from": [6.98214, 16, 2.99643],
			"to": [8.98214, 16.3, 3.99643],
			"rotation": {"angle": 0, "axis": "z", "origin": [8.17857, 16.14643, 7.85]},
			"faces": {
				"north": {"uv": [7, 3, 9, 3.3], "texture": "#0", "cullface": "up"},
				"east": {"uv": [7, 3, 7.3, 4], "rotation": 90, "texture": "#0", "cullface": "up"},
				"south": {"uv": [7, 3, 9, 3.3], "rotation": 180, "texture": "#0", "cullface": "up"},
				"west": {"uv": [7, 3, 7.3, 4], "rotation": 270, "texture": "#0", "cullface": "up"},
				"up": {"uv": [7, 3, 9, 4], "texture": "#0", "cullface": "up"}
			}
		},
		{
			"from": [11.98214, 16, 1.99643],
			"to": [13.98214, 16.3, 2.99643],
			"rotation": {"angle": 0, "axis": "z", "origin": [8.17857, 16.14643, 7.85]},
			"faces": {
				"north": {"uv": [12, 2, 14, 2.3], "texture": "#0", "cullface": "up"},
				"east": {"uv": [12, 2, 12.3, 3], "rotation": 90, "texture": "#0", "cullface": "up"},
				"south": {"uv": [12, 2, 14, 2.3], "rotation": 180, "texture": "#0", "cullface": "up"},
				"west": {"uv": [12, 2, 12.3, 3], "rotation": 270, "texture": "#0", "cullface": "up"},
				"up": {"uv": [12, 2, 14, 3], "texture": "#0", "cullface": "up"}
			}
		},
		{
			"from": [2.98214, 16, 12.99643],
			"to": [4.98214, 16.3, 13.99643],
			"rotation": {"angle": 0, "axis": "z", "origin": [8.17857, 16.14643, 7.85]},
			"faces": {
				"north": {"uv": [3, 13, 5, 13.3], "texture": "#0", "cullface": "up"},
				"east": {"uv": [3, 13, 3.3, 14], "rotation": 90, "texture": "#0", "cullface": "up"},
				"south": {"uv": [3, 13, 5, 13.3], "rotation": 180, "texture": "#0", "cullface": "up"},
				"west": {"uv": [3, 13, 3.3, 14], "rotation": 270, "texture": "#0", "cullface": "up"},
				"up": {"uv": [3, 13, 5, 14], "texture": "#0", "cullface": "up"}
			}
		},
		{
			"from": [0.98214, 16, 7.99643],
			"to": [2.98214, 16.3, 8.99643],
			"rotation": {"angle": 0, "axis": "z", "origin": [8.17857, 16.14643, 7.85]},
			"faces": {
				"north": {"uv": [1, 8, 3, 8.3], "texture": "#0", "cullface": "up"},
				"east": {"uv": [1, 8, 1.3, 9], "rotation": 90, "texture": "#0", "cullface": "up"},
				"south": {"uv": [1, 8, 3, 8.3], "rotation": 180, "texture": "#0", "cullface": "up"},
				"west": {"uv": [1, 8, 1.3, 9], "rotation": 270, "texture": "#0", "cullface": "up"},
				"up": {"uv": [1, 8, 3, 9], "texture": "#0", "cullface": "up"}
			}
		},
		{
			"from": [4.98214, 16, 4.99643],
			"to": [6.98214, 16.3, 5.99643],
			"rotation": {"angle": 0, "axis": "z", "origin": [8.17857, 16.14643, 7.85]},
			"faces": {
				"north": {"uv": [5, 5, 7, 5.3], "texture": "#0", "cullface": "up"},
				"east": {"uv": [5, 5, 5.3, 6], "rotation": 90, "texture": "#0", "cullface": "up"},
				"west": {"uv": [5, 5, 5.3, 6], "rotation": 270, "texture": "#0", "cullface": "up"},
				"up": {"uv": [5, 5, 7, 6], "texture": "#0", "cullface": "up"}
			}
		},
		{
			"from": [2.98214, 16, 5.99643],
			"to": [7.98214, 16.3, 6.99643],
			"rotation": {"angle": 0, "axis": "z", "origin": [8.17857, 16.14643, 7.85]},
			"faces": {
				"north": {"uv": [3, 6, 8, 6.3], "texture": "#0", "cullface": "up"},
				"east": {"uv": [3, 6, 3.3, 7], "rotation": 90, "texture": "#0", "cullface": "up"},
				"south": {"uv": [3, 6, 8, 6.3], "rotation": 180, "texture": "#0", "cullface": "up"},
				"west": {"uv": [3, 6, 3.3, 7], "rotation": 270, "texture": "#0", "cullface": "up"},
				"up": {"uv": [3, 6, 8, 7], "texture": "#0", "cullface": "up"}
			}
		},
		{
			"from": [8.00714, -0.3, 3.02857],
			"to": [14.00714, 0, 4.02857],
			"rotation": {"angle": 0, "axis": "z", "origin": [7.80357, -0.17857, 8.175]},
			"faces": {
				"north": {"uv": [8, 12, 14, 12.3], "texture": "#0", "cullface": "down"},
				"east": {"uv": [8, 12, 8.3, 13], "rotation": 270, "texture": "#0", "cullface": "down"},
				"south": {"uv": [8, 12, 14, 12.3], "rotation": 180, "texture": "#0", "cullface": "down"},
				"west": {"uv": [8, 12, 8.3, 13], "rotation": 90, "texture": "#0", "cullface": "down"},
				"down": {"uv": [8, 12, 14, 13], "texture": "#0", "cullface": "down"}
			}
		},
		{
			"from": [11.00714, -0.3, 4.02857],
			"to": [13.00714, 0, 5.02857],
			"rotation": {"angle": 0, "axis": "z", "origin": [7.80357, -0.17857, 8.175]},
			"faces": {
				"east": {"uv": [11, 11, 11.3, 12], "rotation": 270, "texture": "#0", "cullface": "down"},
				"south": {"uv": [11, 11, 13, 11.3], "rotation": 180, "texture": "#0", "cullface": "down"},
				"west": {"uv": [11, 11, 11.3, 12], "rotation": 90, "texture": "#0", "cullface": "down"},
				"down": {"uv": [11, 11, 13, 12], "texture": "#0", "cullface": "down"}
			}
		},
		{
			"from": [9.00714, -0.3, 2.02857],
			"to": [11.00714, 0, 3.02857],
			"rotation": {"angle": 0, "axis": "z", "origin": [7.80357, -0.17857, 8.175]},
			"faces": {
				"north": {"uv": [9, 13, 11, 13.3], "texture": "#0", "cullface": "down"},
				"east": {"uv": [9, 13, 9.3, 14], "rotation": 270, "texture": "#0", "cullface": "down"},
				"west": {"uv": [9, 13, 9.3, 14], "rotation": 90, "texture": "#0", "cullface": "down"},
				"down": {"uv": [9, 13, 11, 14], "texture": "#0", "cullface": "down"}
			}
		},
		{
			"from": [4.00714, -0.3, 5.02857],
			"to": [5.00714, 0, 6.02857],
			"rotation": {"angle": 0, "axis": "z", "origin": [7.80357, -0.17857, 8.175]},
			"faces": {
				"north": {"uv": [4, 10, 5, 10.3], "texture": "#0", "cullface": "down"},
				"east": {"uv": [4, 10, 4.3, 11], "rotation": 270, "texture": "#0", "cullface": "down"},
				"south": {"uv": [4, 10, 5, 10.3], "rotation": 180, "texture": "#0", "cullface": "down"},
				"west": {"uv": [4, 10, 4.3, 11], "rotation": 90, "texture": "#0", "cullface": "down"},
				"down": {"uv": [4, 10, 5, 11], "texture": "#0", "cullface": "down"}
			}
		},
		{
			"from": [4.00714, -0.3, 13.02857],
			"to": [5.00714, 0, 14.02857],
			"rotation": {"angle": 0, "axis": "z", "origin": [7.80357, -0.17857, 8.175]},
			"faces": {
				"north": {"uv": [4, 2, 5, 2.3], "texture": "#0", "cullface": "down"},
				"east": {"uv": [4, 2, 4.3, 3], "rotation": 270, "texture": "#0", "cullface": "down"},
				"south": {"uv": [4, 2, 5, 2.3], "rotation": 180, "texture": "#0", "cullface": "down"},
				"west": {"uv": [4, 2, 4.3, 3], "rotation": 90, "texture": "#0", "cullface": "down"},
				"down": {"uv": [4, 2, 5, 3], "texture": "#0", "cullface": "down"}
			}
		},
		{
			"from": [10.00714, -0.3, 9.02857],
			"to": [12.00714, 0, 11.02857],
			"rotation": {"angle": 0, "axis": "z", "origin": [7.80357, -0.17857, 8.175]},
			"faces": {
				"north": {"uv": [10, 5, 12, 5.3], "texture": "#0", "cullface": "down"},
				"east": {"uv": [10, 5, 10.3, 7], "rotation": 270, "texture": "#0", "cullface": "down"},
				"south": {"uv": [10, 5, 12, 5.3], "rotation": 180, "texture": "#0", "cullface": "down"},
				"west": {"uv": [10, 5, 10.3, 7], "rotation": 90, "texture": "#0", "cullface": "down"},
				"down": {"uv": [10, 5, 12, 7], "texture": "#0", "cullface": "down"}
			}
		},
		{
			"from": [8.00714, -0.3, 7.02857],
			"to": [10.00714, 0, 8.02857],
			"rotation": {"angle": 0, "axis": "z", "origin": [7.80357, -0.17857, 8.175]},
			"faces": {
				"east": {"uv": [8, 8, 8.3, 9], "rotation": 270, "texture": "#0", "cullface": "down"},
				"south": {"uv": [8, 8, 10, 8.3], "rotation": 180, "texture": "#0", "cullface": "down"},
				"west": {"uv": [8, 8, 8.3, 9], "rotation": 90, "texture": "#0", "cullface": "down"},
				"down": {"uv": [8, 8, 10, 9], "texture": "#0", "cullface": "down"}
			}
		},
		{
			"from": [7.00714, -0.3, 6.02857],
			"to": [11.00714, 0, 7.02857],
			"rotation": {"angle": 0, "axis": "z", "origin": [7.80357, -0.17857, 8.175]},
			"faces": {
				"north": {"uv": [7, 9, 11, 9.3], "texture": "#0", "cullface": "down"},
				"east": {"uv": [7, 9, 7.3, 10], "rotation": 270, "texture": "#0", "cullface": "down"},
				"south": {"uv": [7, 9, 11, 9.3], "rotation": 180, "texture": "#0", "cullface": "down"},
				"west": {"uv": [7, 9, 7.3, 10], "rotation": 90, "texture": "#0", "cullface": "down"},
				"down": {"uv": [7, 9, 11, 10], "texture": "#0", "cullface": "down"}
			}
		},
		{
			"from": [7.00714, -0.3, 12.02857],
			"to": [9.00714, 0, 13.02857],
			"rotation": {"angle": 0, "axis": "z", "origin": [7.80357, -0.17857, 8.175]},
			"faces": {
				"north": {"uv": [7, 3, 9, 3.3], "texture": "#0", "cullface": "down"},
				"east": {"uv": [7, 3, 7.3, 4], "rotation": 270, "texture": "#0", "cullface": "down"},
				"south": {"uv": [7, 3, 9, 3.3], "rotation": 180, "texture": "#0", "cullface": "down"},
				"west": {"uv": [7, 3, 7.3, 4], "rotation": 90, "texture": "#0", "cullface": "down"},
				"down": {"uv": [7, 3, 9, 4], "texture": "#0", "cullface": "down"}
			}
		},
		{
			"from": [12.00714, -0.3, 13.02857],
			"to": [14.00714, 0, 14.02857],
			"rotation": {"angle": 0, "axis": "z", "origin": [7.80357, -0.17857, 8.175]},
			"faces": {
				"north": {"uv": [12, 2, 14, 2.3], "texture": "#0", "cullface": "down"},
				"east": {"uv": [12, 2, 12.3, 3], "rotation": 270, "texture": "#0", "cullface": "down"},
				"south": {"uv": [12, 2, 14, 2.3], "rotation": 180, "texture": "#0", "cullface": "down"},
				"west": {"uv": [12, 2, 12.3, 3], "rotation": 90, "texture": "#0", "cullface": "down"},
				"down": {"uv": [12, 2, 14, 3], "texture": "#0", "cullface": "down"}
			}
		},
		{
			"from": [3.00714, -0.3, 2.02857],
			"to": [5.00714, 0, 3.02857],
			"rotation": {"angle": 0, "axis": "z", "origin": [7.80357, -0.17857, 8.175]},
			"faces": {
				"north": {"uv": [3, 13, 5, 13.3], "texture": "#0", "cullface": "down"},
				"east": {"uv": [3, 13, 3.3, 14], "rotation": 270, "texture": "#0", "cullface": "down"},
				"south": {"uv": [3, 13, 5, 13.3], "rotation": 180, "texture": "#0", "cullface": "down"},
				"west": {"uv": [3, 13, 3.3, 14], "rotation": 90, "texture": "#0", "cullface": "down"},
				"down": {"uv": [3, 13, 5, 14], "texture": "#0", "cullface": "down"}
			}
		},
		{
			"from": [1.00714, -0.3, 7.02857],
			"to": [3.00714, 0, 8.02857],
			"rotation": {"angle": 0, "axis": "z", "origin": [7.80357, -0.17857, 8.175]},
			"faces": {
				"north": {"uv": [1, 8, 3, 8.3], "texture": "#0", "cullface": "down"},
				"east": {"uv": [1, 8, 1.3, 9], "rotation": 270, "texture": "#0", "cullface": "down"},
				"south": {"uv": [1, 8, 3, 8.3], "rotation": 180, "texture": "#0", "cullface": "down"},
				"west": {"uv": [1, 8, 1.3, 9], "rotation": 90, "texture": "#0", "cullface": "down"},
				"down": {"uv": [1, 8, 3, 9], "texture": "#0", "cullface": "down"}
			}
		},
		{
			"from": [5.00714, -0.3, 10.02857],
			"to": [7.00714, 0, 11.02857],
			"rotation": {"angle": 0, "axis": "z", "origin": [7.80357, -0.17857, 8.175]},
			"faces": {
				"east": {"uv": [5, 5, 5.3, 6], "rotation": 270, "texture": "#0", "cullface": "down"},
				"south": {"uv": [5, 5, 7, 5.3], "rotation": 180, "texture": "#0", "cullface": "down"},
				"west": {"uv": [5, 5, 5.3, 6], "rotation": 90, "texture": "#0", "cullface": "down"},
				"down": {"uv": [5, 5, 7, 6], "texture": "#0", "cullface": "down"}
			}
		},
		{
			"from": [3.00714, -0.3, 9.02857],
			"to": [8.00714, 0, 10.02857],
			"rotation": {"angle": 0, "axis": "z", "origin": [7.80357, -0.17857, 8.175]},
			"faces": {
				"north": {"uv": [3, 6, 8, 6.3], "texture": "#0", "cullface": "down"},
				"east": {"uv": [3, 6, 3.3, 7], "rotation": 270, "texture": "#0", "cullface": "down"},
				"south": {"uv": [3, 6, 8, 6.3], "rotation": 180, "texture": "#0", "cullface": "down"},
				"west": {"uv": [3, 6, 3.3, 7], "rotation": 90, "texture": "#0", "cullface": "down"},
				"down": {"uv": [3, 6, 8, 7], "texture": "#0", "cullface": "down"}
			}
		}
	],
	"display": {
		"thirdperson_righthand": {
			"rotation": [75, 45, 0],
			"translation": [0, 2.5, 0],
			"scale": [0.375, 0.375, 0.375]
		},
		"thirdperson_lefthand": {
			"rotation": [75, 45, 0],
			"translation": [0, 2.5, 0],
			"scale": [0.375, 0.375, 0.375]
		},
		"firstperson_righthand": {
			"rotation": [0, 45, 0],
			"scale": [0.4, 0.4, 0.4]
		},
		"firstperson_lefthand": {
			"rotation": [0, 225, 0],
			"scale": [0.4, 0.4, 0.4]
		},
		"ground": {
			"translation": [0, 3, 0],
			"scale": [0.25, 0.25, 0.25]
		},
		"gui": {
			"rotation": [30, 225, 0],
			"scale": [0.625, 0.625, 0.625]
		},
		"fixed": {
			"scale": [0.5, 0.5, 0.5]
		}
	},
	"groups": [0,
		{
			"name": "minérios norte",
			"origin": [8, 8, 8],
			"children": [1, 2, 3, 4, 5, 6, 7, 8, 9, 10, 11, 12, 13, 14]
		},
		{
			"name": "minérios sul",
			"origin": [8, 8, 8],
			"children": [15, 16, 17, 18, 19, 20, 21, 22, 23, 24, 25, 26, 27, 28]
		},
		{
			"name": "minérios esquerda",
			"origin": [8, 8, 8],
			"children": [29, 30, 31, 32, 33, 34, 35, 36, 37, 38, 39, 40, 41, 42]
		},
		{
			"name": "minérios direita",
			"origin": [8, 8, 8],
			"children": [43, 44, 45, 46, 47, 48, 49, 50, 51, 52, 53, 54, 55, 56]
		},
		{
			"name": "minérios up",
			"origin": [8, 8, 8],
			"children": [57, 58, 59, 60, 61, 62, 63, 64, 65, 66, 67, 68, 69, 70]
		},
		{
			"name": "minérios down",
			"origin": [8, 8, 8],
			"children": [71, 72, 73, 74, 75, 76, 77, 78, 79, 80, 81, 82, 83, 84]
		}
	]
}