{
	"credit": "Made with Blockbench",
	"textures": {
		"0": "block/lapis_ore",
		"particle": "block/lapis_ore"
	},
	"elements": [
		{
			"name": "base",
			"from": [0, 0, 0],
			"to": [16, 16, 16],
			"faces": {
				"north": {"uv": [0, 0, 16, 16], "texture": "#0", "cullface": "north"},
				"east": {"uv": [0, 0, 16, 16], "texture": "#0", "cullface": "east"},
				"south": {"uv": [0, 0, 16, 16], "texture": "#0", "cullface": "south"},
				"west": {"uv": [0, 0, 16, 16], "texture": "#0", "cullface": "west"},
				"up": {"uv": [0, 0, 16, 16], "texture": "#0", "cullface": "up"},
				"down": {"uv": [0, 0, 16, 16], "texture": "#0", "cullface": "down"}
			}
		},
		{
			"from": [1, 3, -0.3],
			"to": [3, 7, 0],
			"rotation": {"angle": 0, "axis": "y", "origin": [10, 11, 8]},
			"faces": {
				"north": {"uv": [13, 9, 15, 13], "texture": "#0", "cullface": "north"},
				"east": {"uv": [13, 9, 13.3, 13], "texture": "#0", "cullface": "north"},
				"west": {"uv": [13, 9, 13.3, 13], "texture": "#0", "cullface": "north"},
				"up": {"uv": [13, 9, 15, 9.3], "texture": "#0", "cullface": "north"},
				"down": {"uv": [13, 9, 15, 9.3], "texture": "#0", "cullface": "north"}
			}
		},
		{
			"from": [5, 2, -0.3],
			"to": [8, 4, 0],
			"rotation": {"angle": 0, "axis": "y", "origin": [14, 10, 8]},
			"faces": {
				"north": {"uv": [8, 12, 11, 14], "texture": "#0", "cullface": "north"},
				"east": {"uv": [8, 12, 8.3, 14], "texture": "#0", "cullface": "north"},
				"west": {"uv": [8, 12, 8.3, 14], "texture": "#0", "cullface": "north"},
				"up": {"uv": [8, 12, 11, 12.3], "texture": "#0", "cullface": "north"},
				"down": {"uv": [8, 12, 11, 12.3], "texture": "#0", "cullface": "north"}
			}
		},
		{
			"from": [9, 1, -0.3],
			"to": [12, 3, 0],
			"rotation": {"angle": 0, "axis": "y", "origin": [18, 9, 8]},
			"faces": {
				"north": {"uv": [4, 13, 7, 15], "texture": "#0", "cullface": "north"},
				"east": {"uv": [4, 13, 4.3, 15], "texture": "#0", "cullface": "north"},
				"west": {"uv": [4, 13, 4.3, 15], "texture": "#0", "cullface": "north"},
				"up": {"uv": [4, 13, 7, 13.3], "texture": "#0", "cullface": "north"},
				"down": {"uv": [4, 13, 7, 13.3], "texture": "#0", "cullface": "north"}
			}
		},
		{
			"from": [5, 5, -0.3],
			"to": [8, 7, 0],
			"rotation": {"angle": 0, "axis": "y", "origin": [14, 13, 8]},
			"faces": {
				"north": {"uv": [8, 9, 11, 11], "texture": "#0", "cullface": "north"},
				"east": {"uv": [8, 9, 8.3, 11], "texture": "#0", "cullface": "north"},
				"west": {"uv": [8, 9, 8.3, 11], "texture": "#0", "cullface": "north"},
				"up": {"uv": [8, 9, 11, 9.3], "texture": "#0", "cullface": "north"},
				"down": {"uv": [8, 9, 11, 9.3], "texture": "#0", "cullface": "north"}
			}
		},
		{
			"from": [9, 10, -0.3],
			"to": [11, 11, 0],
			"rotation": {"angle": 0, "axis": "y", "origin": [17, 17, 8]},
			"faces": {
				"north": {"uv": [5, 5, 7, 6], "texture": "#0", "cullface": "north"},
				"east": {"uv": [5, 5, 5.3, 6], "texture": "#0", "cullface": "north"},
				"west": {"uv": [5, 5, 5.3, 6], "texture": "#0", "cullface": "north"},
				"up": {"uv": [5, 5, 7, 5.3], "texture": "#0", "cullface": "north"}
			}
		},
		{
			"from": [4, 9, -0.3],
			"to": [6, 11, 0],
			"rotation": {"angle": 0, "axis": "y", "origin": [12, 17, 8]},
			"faces": {
				"north": {"uv": [10, 5, 12, 7], "texture": "#0", "cullface": "north"},
				"east": {"uv": [10, 5, 10.3, 7], "texture": "#0", "cullface": "north"},
				"west": {"uv": [10, 5, 10.3, 7], "texture": "#0", "cullface": "north"},
				"up": {"uv": [10, 5, 12, 5.3], "texture": "#0", "cullface": "north"},
				"down": {"uv": [10, 5, 12, 5.3], "texture": "#0", "cullface": "north"}
			}
		},
		{
			"from": [4, 6, -0.3],
			"to": [7, 8, 0],
			"rotation": {"angle": 0, "axis": "y", "origin": [13, 14, 8]},
			"faces": {
				"north": {"uv": [9, 8, 12, 10], "texture": "#0", "cullface": "north"},
				"east": {"uv": [9, 8, 9.3, 10], "texture": "#0", "cullface": "north"},
				"west": {"uv": [9, 8, 9.3, 10], "texture": "#0", "cullface": "north"},
				"up": {"uv": [9, 8, 12, 8.3], "texture": "#0", "cullface": "north"},
				"down": {"uv": [9, 8, 12, 8.3], "texture": "#0", "cullface": "north"}
			}
		},
		{
			"from": [8, 6, -0.3],
			"to": [9, 8, 0],
			"rotation": {"angle": 0, "axis": "y", "origin": [15, 14, 8]},
			"faces": {
				"north": {"uv": [7, 8, 8, 10], "texture": "#0", "cullface": "north"},
				"east": {"uv": [7, 8, 7.3, 10], "texture": "#0", "cullface": "north"},
				"west": {"uv": [7, 8, 7.3, 10], "texture": "#0", "cullface": "north"},
				"up": {"uv": [7, 8, 8, 8.3], "texture": "#0", "cullface": "north"},
				"down": {"uv": [7, 8, 8, 8.3], "texture": "#0", "cullface": "north"}
			}
		},
		{
			"from": [8, 9, -0.3],
			"to": [13, 10, 0],
			"rotation": {"angle": 0, "axis": "y", "origin": [15, 16, 8]},
			"faces": {
				"north": {"uv": [3, 6, 8, 7], "texture": "#0", "cullface": "north"},
				"east": {"uv": [3, 6, 3.3, 7], "texture": "#0", "cullface": "north"},
				"west": {"uv": [3, 6, 3.3, 7], "texture": "#0", "cullface": "north"},
				"up": {"uv": [3, 6, 8, 6.3], "texture": "#0", "cullface": "north"},
				"down": {"uv": [3, 6, 8, 6.3], "texture": "#0", "cullface": "north"}
			}
		},
		{
			"from": [10, 13, -0.3],
			"to": [14, 14, 0],
			"rotation": {"angle": 0, "axis": "y", "origin": [16, 20, 8]},
			"faces": {
				"north": {"uv": [2, 2, 6, 3], "texture": "#0", "cullface": "north"},
				"east": {"uv": [2, 2, 2.3, 3], "texture": "#0", "cullface": "north"},
				"west": {"uv": [2, 2, 2.3, 3], "texture": "#0", "cullface": "north"},
				"up": {"uv": [2, 2, 6, 2.3], "texture": "#0", "cullface": "north"},
				"down": {"uv": [2, 2, 6, 2.3], "texture": "#0", "cullface": "north"}
			}
		},
		{
			"from": [11, 4, -0.3],
			"to": [14, 5, 0],
			"rotation": {"angle": 0, "axis": "y", "origin": [16, 11, 8]},
			"faces": {
				"north": {"uv": [2, 11, 5, 12], "texture": "#0", "cullface": "north"},
				"east": {"uv": [2, 11, 2.3, 12], "texture": "#0", "cullface": "north"},
				"west": {"uv": [2, 11, 2.3, 12], "texture": "#0", "cullface": "north"},
				"up": {"uv": [2, 11, 5, 11.3], "texture": "#0", "cullface": "north"},
				"down": {"uv": [2, 11, 5, 11.3], "texture": "#0", "cullface": "north"}
			}
		},
		{
			"from": [13, 7, -0.3],
			"to": [15, 9, 0],
			"rotation": {"angle": 0, "axis": "y", "origin": [17, 14, 8]},
			"faces": {
				"north": {"uv": [1, 7, 3, 9], "texture": "#0", "cullface": "north"},
				"east": {"uv": [1, 7, 1.3, 9], "texture": "#0", "cullface": "north"},
				"west": {"uv": [1, 7, 1.3, 9], "texture": "#0", "cullface": "north"},
				"up": {"uv": [1, 7, 3, 7.3], "texture": "#0", "cullface": "north"},
				"down": {"uv": [1, 7, 3, 7.3], "texture": "#0", "cullface": "north"}
			}
		},
		{
			"from": [7, 12, -0.3],
			"to": [9, 13, 0],
			"rotation": {"angle": 0, "axis": "y", "origin": [11, 18, 8]},
			"faces": {
				"north": {"uv": [7, 3, 9, 4], "texture": "#0", "cullface": "north"},
				"east": {"uv": [7, 3, 7.3, 4], "texture": "#0", "cullface": "north"},
				"west": {"uv": [7, 3, 7.3, 4], "texture": "#0", "cullface": "north"},
				"up": {"uv": [7, 3, 9, 3.3], "texture": "#0", "cullface": "north"},
				"down": {"uv": [7, 3, 9, 3.3], "texture": "#0", "cullface": "north"}
			}
		},
		{
			"from": [2, 13, -0.3],
			"to": [4, 14, 0],
			"rotation": {"angle": 0, "axis": "y", "origin": [6, 19, 8]},
			"faces": {
				"north": {"uv": [12, 2, 14, 3], "texture": "#0", "cullface": "north"},
				"east": {"uv": [12, 2, 12.3, 3], "texture": "#0", "cullface": "north"},
				"west": {"uv": [12, 2, 12.3, 3], "texture": "#0", "cullface": "north"},
				"up": {"uv": [12, 2, 14, 2.3], "texture": "#0", "cullface": "north"},
				"down": {"uv": [12, 2, 14, 2.3], "texture": "#0", "cullface": "north"}
			}
		},
		{
			"from": [10, 12, -0.3],
			"to": [11, 13, 0],
			"rotation": {"angle": 0, "axis": "y", "origin": [13, 18, 8]},
			"faces": {
				"north": {"uv": [5, 3, 6, 4], "texture": "#0", "cullface": "north"},
				"east": {"uv": [5, 3, 5.3, 4], "texture": "#0", "cullface": "north"},
				"west": {"uv": [5, 3, 5.3, 4], "texture": "#0", "cullface": "north"},
				"down": {"uv": [5, 3, 6, 3.3], "texture": "#0", "cullface": "north"}
			}
		},
		{
			"from": [11, 5, -0.3],
			"to": [12, 6, 0],
			"rotation": {"angle": 0, "axis": "y", "origin": [14, 11, 8]},
			"faces": {
				"north": {"uv": [4, 10, 5, 11], "texture": "#0", "cullface": "north"},
				"east": {"uv": [4, 10, 4.3, 11], "texture": "#0", "cullface": "north"},
				"west": {"uv": [4, 10, 4.3, 11], "texture": "#0", "cullface": "north"},
				"up": {"uv": [4, 10, 5, 10.3], "texture": "#0", "cullface": "north"}
			}
		},
		{
			"from": [10, 3, -0.3],
			"to": [11, 4, 0],
			"rotation": {"angle": 0, "axis": "y", "origin": [13, 9, 8]},
			"faces": {
				"north": {"uv": [5, 12, 6, 13], "texture": "#0", "cullface": "north"},
				"east": {"uv": [5, 12, 5.3, 13], "texture": "#0", "cullface": "north"},
				"west": {"uv": [5, 12, 5.3, 13], "texture": "#0", "cullface": "north"},
				"up": {"uv": [5, 12, 6, 12.3], "texture": "#0", "cullface": "north"}
			}
		},
		{
			"from": [12.99412, 3, 16],
			"to": [14.99412, 7, 16.3],
			"rotation": {"angle": 0, "axis": "y", "origin": [8.64706, 7.85294, 16.15]},
			"faces": {
				"east": {"uv": [13, 9, 13.3, 13], "texture": "#0", "cullface": "south"},
				"south": {"uv": [13, 9, 15, 13], "texture": "#0", "cullface": "south"},
				"west": {"uv": [13, 9, 13.3, 13], "texture": "#0", "cullface": "south"},
				"up": {"uv": [13, 9, 15, 9.3], "rotation": 180, "texture": "#0", "cullface": "south"},
				"down": {"uv": [13, 9, 15, 9.3], "rotation": 180, "texture": "#0", "cullface": "south"}
			}
		},
		{
			"from": [7.99412, 2, 16],
			"to": [10.99412, 4, 16.3],
			"rotation": {"angle": 0, "axis": "y", "origin": [8.64706, 7.85294, 16.15]},
			"faces": {
				"east": {"uv": [8, 12, 8.3, 14], "texture": "#0", "cullface": "south"},
				"south": {"uv": [8, 12, 11, 14], "texture": "#0", "cullface": "south"},
				"west": {"uv": [8, 12, 8.3, 14], "texture": "#0", "cullface": "south"},
				"up": {"uv": [8, 12, 11, 12.3], "rotation": 180, "texture": "#0", "cullface": "south"},
				"down": {"uv": [8, 12, 11, 12.3], "rotation": 180, "texture": "#0", "cullface": "south"}
			}
		},
		{
			"from": [3.99412, 1, 16],
			"to": [6.99412, 3, 16.3],
			"rotation": {"angle": 0, "axis": "y", "origin": [8.64706, 7.85294, 16.15]},
			"faces": {
				"east": {"uv": [4, 13, 4.3, 15], "texture": "#0", "cullface": "south"},
				"south": {"uv": [4, 13, 7, 15], "texture": "#0", "cullface": "south"},
				"west": {"uv": [4, 13, 4.3, 15], "texture": "#0", "cullface": "south"},
				"up": {"uv": [4, 13, 7, 13.3], "rotation": 180, "texture": "#0", "cullface": "south"},
				"down": {"uv": [4, 13, 7, 13.3], "rotation": 180, "texture": "#0", "cullface": "south"}
			}
		},
		{
			"from": [7.99412, 5, 16],
			"to": [10.99412, 7, 16.3],
			"rotation": {"angle": 0, "axis": "y", "origin": [8.64706, 7.85294, 16.15]},
			"faces": {
				"east": {"uv": [8, 9, 8.3, 11], "texture": "#0", "cullface": "south"},
				"south": {"uv": [8, 9, 11, 11], "texture": "#0", "cullface": "south"},
				"west": {"uv": [8, 9, 8.3, 11], "texture": "#0", "cullface": "south"},
				"up": {"uv": [8, 9, 11, 9.3], "rotation": 180, "texture": "#0", "cullface": "south"},
				"down": {"uv": [8, 9, 11, 9.3], "rotation": 180, "texture": "#0", "cullface": "south"}
			}
		},
		{
			"from": [4.99412, 10, 16],
			"to": [6.99412, 11, 16.3],
			"rotation": {"angle": 0, "axis": "y", "origin": [8.64706, 7.85294, 16.15]},
			"faces": {
				"east": {"uv": [5, 5, 5.3, 6], "texture": "#0", "cullface": "south"},
				"south": {"uv": [5, 5, 7, 6], "texture": "#0", "cullface": "south"},
				"west": {"uv": [5, 5, 5.3, 6], "texture": "#0", "cullface": "south"},
				"up": {"uv": [5, 5, 7, 5.3], "rotation": 180, "texture": "#0", "cullface": "south"}
			}
		},
		{
			"from": [9.99412, 9, 16],
			"to": [11.99412, 11, 16.3],
			"rotation": {"angle": 0, "axis": "y", "origin": [8.64706, 7.85294, 16.15]},
			"faces": {
				"east": {"uv": [10, 5, 10.3, 7], "texture": "#0", "cullface": "south"},
				"south": {"uv": [10, 5, 12, 7], "texture": "#0", "cullface": "south"},
				"west": {"uv": [10, 5, 10.3, 7], "texture": "#0", "cullface": "south"},
				"up": {"uv": [10, 5, 12, 5.3], "rotation": 180, "texture": "#0", "cullface": "south"},
				"down": {"uv": [10, 5, 12, 5.3], "rotation": 180, "texture": "#0", "cullface": "south"}
			}
		},
		{
			"from": [8.99412, 6, 16],
			"to": [11.99412, 8, 16.3],
			"rotation": {"angle": 0, "axis": "y", "origin": [8.64706, 7.85294, 16.15]},
			"faces": {
				"east": {"uv": [9, 8, 9.3, 10], "texture": "#0", "cullface": "south"},
				"south": {"uv": [9, 8, 12, 10], "texture": "#0", "cullface": "south"},
				"west": {"uv": [9, 8, 9.3, 10], "texture": "#0", "cullface": "south"},
				"up": {"uv": [9, 8, 12, 8.3], "rotation": 180, "texture": "#0", "cullface": "south"},
				"down": {"uv": [9, 8, 12, 8.3], "rotation": 180, "texture": "#0", "cullface": "south"}
			}
		},
		{
			"from": [6.99412, 6, 16],
			"to": [7.99412, 8, 16.3],
			"rotation": {"angle": 0, "axis": "y", "origin": [8.64706, 7.85294, 16.15]},
			"faces": {
				"east": {"uv": [7, 8, 7.3, 10], "texture": "#0", "cullface": "south"},
				"south": {"uv": [7, 8, 8, 10], "texture": "#0", "cullface": "south"},
				"west": {"uv": [7, 8, 7.3, 10], "texture": "#0", "cullface": "south"},
				"up": {"uv": [7, 8, 8, 8.3], "rotation": 180, "texture": "#0", "cullface": "south"},
				"down": {"uv": [7, 8, 8, 8.3], "rotation": 180, "texture": "#0", "cullface": "south"}
			}
		},
		{
			"from": [2.99412, 9, 16],
			"to": [7.99412, 10, 16.3],
			"rotation": {"angle": 0, "axis": "y", "origin": [8.64706, 7.85294, 16.15]},
			"faces": {
				"east": {"uv": [3, 6, 3.3, 7], "texture": "#0", "cullface": "south"},
				"south": {"uv": [3, 6, 8, 7], "texture": "#0", "cullface": "south"},
				"west": {"uv": [3, 6, 3.3, 7], "texture": "#0", "cullface": "south"},
				"up": {"uv": [3, 6, 8, 6.3], "rotation": 180, "texture": "#0", "cullface": "south"},
				"down": {"uv": [3, 6, 8, 6.3], "rotation": 180, "texture": "#0", "cullface": "south"}
			}
		},
		{
			"from": [1.99412, 13, 16],
			"to": [5.99412, 14, 16.3],
			"rotation": {"angle": 0, "axis": "y", "origin": [8.64706, 7.85294, 16.15]},
			"faces": {
				"east": {"uv": [2, 2, 2.3, 3], "texture": "#0", "cullface": "south"},
				"south": {"uv": [2, 2, 6, 3], "texture": "#0", "cullface": "south"},
				"west": {"uv": [2, 2, 2.3, 3], "texture": "#0", "cullface": "south"},
				"up": {"uv": [2, 2, 6, 2.3], "rotation": 180, "texture": "#0", "cullface": "south"},
				"down": {"uv": [2, 2, 6, 2.3], "rotation": 180, "texture": "#0", "cullface": "south"}
			}
		},
		{
			"from": [1.99412, 4, 16],
			"to": [4.99412, 5, 16.3],
			"rotation": {"angle": 0, "axis": "y", "origin": [8.64706, 7.85294, 16.15]},
			"faces": {
				"east": {"uv": [2, 11, 2.3, 12], "texture": "#0", "cullface": "south"},
				"south": {"uv": [2, 11, 5, 12], "texture": "#0", "cullface": "south"},
				"west": {"uv": [2, 11, 2.3, 12], "texture": "#0", "cullface": "south"},
				"up": {"uv": [2, 11, 5, 11.3], "rotation": 180, "texture": "#0", "cullface": "south"},
				"down": {"uv": [2, 11, 5, 11.3], "rotation": 180, "texture": "#0", "cullface": "south"}
			}
		},
		{
			"from": [0.99412, 7, 16],
			"to": [2.99412, 9, 16.3],
			"rotation": {"angle": 0, "axis": "y", "origin": [8.64706, 7.85294, 16.15]},
			"faces": {
				"east": {"uv": [1, 7, 1.3, 9], "texture": "#0", "cullface": "south"},
				"south": {"uv": [1, 7, 3, 9], "texture": "#0", "cullface": "south"},
				"west": {"uv": [1, 7, 1.3, 9], "texture": "#0", "cullface": "south"},
				"up": {"uv": [1, 7, 3, 7.3], "rotation": 180, "texture": "#0", "cullface": "south"},
				"down": {"uv": [1, 7, 3, 7.3], "rotation": 180, "texture": "#0", "cullface": "south"}
			}
		},
		{
			"from": [6.99412, 12, 16],
			"to": [8.99412, 13, 16.3],
			"rotation": {"angle": 0, "axis": "y", "origin": [8.64706, 7.85294, 16.15]},
			"faces": {
				"east": {"uv": [7, 3, 7.3, 4], "texture": "#0", "cullface": "south"},
				"south": {"uv": [7, 3, 9, 4], "texture": "#0", "cullface": "south"},
				"west": {"uv": [7, 3, 7.3, 4], "texture": "#0", "cullface": "south"},
				"up": {"uv": [7, 3, 9, 3.3], "rotation": 180, "texture": "#0", "cullface": "south"},
				"down": {"uv": [7, 3, 9, 3.3], "rotation": 180, "texture": "#0", "cullface": "south"}
			}
		},
		{
			"from": [11.99412, 13, 16],
			"to": [13.99412, 14, 16.3],
			"rotation": {"angle": 0, "axis": "y", "origin": [8.64706, 7.85294, 16.15]},
			"faces": {
				"east": {"uv": [12, 2, 12.3, 3], "texture": "#0", "cullface": "south"},
				"south": {"uv": [12, 2, 14, 3], "texture": "#0", "cullface": "south"},
				"west": {"uv": [12, 2, 12.3, 3], "texture": "#0", "cullface": "south"},
				"up": {"uv": [12, 2, 14, 2.3], "rotation": 180, "texture": "#0", "cullface": "south"},
				"down": {"uv": [12, 2, 14, 2.3], "rotation": 180, "texture": "#0", "cullface": "south"}
			}
		},
		{
			"from": [4.99412, 12, 16],
			"to": [5.99412, 13, 16.3],
			"rotation": {"angle": 0, "axis": "y", "origin": [8.64706, 7.85294, 16.15]},
			"faces": {
				"east": {"uv": [5, 3, 5.3, 4], "texture": "#0", "cullface": "south"},
				"south": {"uv": [5, 3, 6, 4], "texture": "#0", "cullface": "south"},
				"west": {"uv": [5, 3, 5.3, 4], "texture": "#0", "cullface": "south"},
				"down": {"uv": [5, 3, 6, 3.3], "rotation": 180, "texture": "#0", "cullface": "south"}
			}
		},
		{
			"from": [3.99412, 5, 16],
			"to": [4.99412, 6, 16.3],
			"rotation": {"angle": 0, "axis": "y", "origin": [8.64706, 7.85294, 16.15]},
			"faces": {
				"east": {"uv": [4, 10, 4.3, 11], "texture": "#0", "cullface": "south"},
				"south": {"uv": [4, 10, 5, 11], "texture": "#0", "cullface": "south"},
				"west": {"uv": [4, 10, 4.3, 11], "texture": "#0", "cullface": "south"},
				"up": {"uv": [4, 10, 5, 10.3], "rotation": 180, "texture": "#0", "cullface": "south"}
			}
		},
		{
			"from": [4.99412, 3, 16],
			"to": [5.99412, 4, 16.3],
			"rotation": {"angle": 0, "axis": "y", "origin": [8.64706, 7.85294, 16.15]},
			"faces": {
				"east": {"uv": [5, 12, 5.3, 13], "texture": "#0", "cullface": "south"},
				"south": {"uv": [5, 12, 6, 13], "texture": "#0", "cullface": "south"},
				"west": {"uv": [5, 12, 5.3, 13], "texture": "#0", "cullface": "south"},
				"up": {"uv": [5, 12, 6, 12.3], "rotation": 180, "texture": "#0", "cullface": "south"}
			}
		},
		{
			"from": [-0.3, 3, 12.99706],
			"to": [0, 7, 14.99706],
			"rotation": {"angle": 0, "axis": "y", "origin": [-4.65294, 7.85294, 16.15]},
			"faces": {
				"north": {"uv": [13, 9, 13.3, 13], "texture": "#0", "cullface": "west"},
				"south": {"uv": [13, 9, 13.3, 13], "texture": "#0", "cullface": "west"},
				"west": {"uv": [13, 9, 15, 13], "texture": "#0", "cullface": "west"},
				"up": {"uv": [13, 9, 15, 9.3], "rotation": 270, "texture": "#0", "cullface": "west"},
				"down": {"uv": [13, 9, 15, 9.3], "rotation": 90, "texture": "#0", "cullface": "west"}
			}
		},
		{
			"from": [-0.3, 2, 7.99706],
			"to": [0, 4, 10.99706],
			"rotation": {"angle": 0, "axis": "y", "origin": [-4.65294, 7.85294, 16.15]},
			"faces": {
				"north": {"uv": [8, 12, 8.3, 14], "texture": "#0", "cullface": "west"},
				"south": {"uv": [8, 12, 8.3, 14], "texture": "#0", "cullface": "west"},
				"west": {"uv": [8, 12, 11, 14], "texture": "#0", "cullface": "west"},
				"up": {"uv": [8, 12, 11, 12.3], "rotation": 270, "texture": "#0", "cullface": "west"},
				"down": {"uv": [8, 12, 11, 12.3], "rotation": 90, "texture": "#0", "cullface": "west"}
			}
		},
		{
			"from": [-0.3, 1, 3.99706],
			"to": [0, 3, 6.99706],
			"rotation": {"angle": 0, "axis": "y", "origin": [-4.65294, 7.85294, 16.15]},
			"faces": {
				"north": {"uv": [4, 13, 4.3, 15], "texture": "#0", "cullface": "west"},
				"south": {"uv": [4, 13, 4.3, 15], "texture": "#0", "cullface": "west"},
				"west": {"uv": [4, 13, 7, 15], "texture": "#0", "cullface": "west"},
				"up": {"uv": [4, 13, 7, 13.3], "rotation": 270, "texture": "#0", "cullface": "west"},
				"down": {"uv": [4, 13, 7, 13.3], "rotation": 90, "texture": "#0", "cullface": "west"}
			}
		},
		{
			"from": [-0.3, 5, 7.99706],
			"to": [0, 7, 10.99706],
			"rotation": {"angle": 0, "axis": "y", "origin": [-4.65294, 7.85294, 16.15]},
			"faces": {
				"north": {"uv": [8, 9, 8.3, 11], "texture": "#0", "cullface": "west"},
				"south": {"uv": [8, 9, 8.3, 11], "texture": "#0", "cullface": "west"},
				"west": {"uv": [8, 9, 11, 11], "texture": "#0", "cullface": "west"},
				"up": {"uv": [8, 9, 11, 9.3], "rotation": 270, "texture": "#0", "cullface": "west"},
				"down": {"uv": [8, 9, 11, 9.3], "rotation": 90, "texture": "#0", "cullface": "west"}
			}
		},
		{
			"from": [-0.3, 10, 4.99706],
			"to": [0, 11, 6.99706],
			"rotation": {"angle": 0, "axis": "y", "origin": [-4.65294, 7.85294, 16.15]},
			"faces": {
				"north": {"uv": [5, 5, 5.3, 6], "texture": "#0", "cullface": "west"},
				"south": {"uv": [5, 5, 5.3, 6], "texture": "#0", "cullface": "west"},
				"west": {"uv": [5, 5, 7, 6], "texture": "#0", "cullface": "west"},
				"up": {"uv": [5, 5, 7, 5.3], "rotation": 270, "texture": "#0", "cullface": "west"}
			}
		},
		{
			"from": [-0.3, 9, 9.99706],
			"to": [0, 11, 11.99706],
			"rotation": {"angle": 0, "axis": "y", "origin": [-4.65294, 7.85294, 16.15]},
			"faces": {
				"north": {"uv": [10, 5, 10.3, 7], "texture": "#0", "cullface": "west"},
				"south": {"uv": [10, 5, 10.3, 7], "texture": "#0", "cullface": "west"},
				"west": {"uv": [10, 5, 12, 7], "texture": "#0", "cullface": "west"},
				"up": {"uv": [10, 5, 12, 5.3], "rotation": 270, "texture": "#0", "cullface": "west"},
				"down": {"uv": [10, 5, 12, 5.3], "rotation": 90, "texture": "#0", "cullface": "west"}
			}
		},
		{
			"from": [-0.3, 6, 8.99706],
			"to": [0, 8, 11.99706],
			"rotation": {"angle": 0, "axis": "y", "origin": [-4.65294, 7.85294, 16.15]},
			"faces": {
				"north": {"uv": [9, 8, 9.3, 10], "texture": "#0", "cullface": "west"},
				"south": {"uv": [9, 8, 9.3, 10], "texture": "#0", "cullface": "west"},
				"west": {"uv": [9, 8, 12, 10], "texture": "#0", "cullface": "west"},
				"up": {"uv": [9, 8, 12, 8.3], "rotation": 270, "texture": "#0", "cullface": "west"},
				"down": {"uv": [9, 8, 12, 8.3], "rotation": 90, "texture": "#0", "cullface": "west"}
			}
		},
		{
			"from": [-0.3, 6, 6.99706],
			"to": [0, 8, 7.99706],
			"rotation": {"angle": 0, "axis": "y", "origin": [-4.65294, 7.85294, 16.15]},
			"faces": {
				"north": {"uv": [7, 8, 7.3, 10], "texture": "#0", "cullface": "west"},
				"south": {"uv": [7, 8, 7.3, 10], "texture": "#0", "cullface": "west"},
				"west": {"uv": [7, 8, 8, 10], "texture": "#0", "cullface": "west"},
				"up": {"uv": [7, 8, 8, 8.3], "rotation": 270, "texture": "#0", "cullface": "west"},
				"down": {"uv": [7, 8, 8, 8.3], "rotation": 90, "texture": "#0", "cullface": "west"}
			}
		},
		{
			"from": [-0.3, 9, 2.99706],
			"to": [0, 10, 7.99706],
			"rotation": {"angle": 0, "axis": "y", "origin": [-4.65294, 7.85294, 16.15]},
			"faces": {
				"north": {"uv": [3, 6, 3.3, 7], "texture": "#0", "cullface": "west"},
				"south": {"uv": [3, 6, 3.3, 7], "texture": "#0", "cullface": "west"},
				"west": {"uv": [3, 6, 8, 7], "texture": "#0", "cullface": "west"},
				"up": {"uv": [3, 6, 8, 6.3], "rotation": 270, "texture": "#0", "cullface": "west"},
				"down": {"uv": [3, 6, 8, 6.3], "rotation": 90, "texture": "#0", "cullface": "west"}
			}
		},
		{
			"from": [-0.3, 13, 1.99706],
			"to": [0, 14, 5.99706],
			"rotation": {"angle": 0, "axis": "y", "origin": [-4.65294, 7.85294, 16.15]},
			"faces": {
				"north": {"uv": [2, 2, 2.3, 3], "texture": "#0", "cullface": "west"},
				"south": {"uv": [2, 2, 2.3, 3], "texture": "#0", "cullface": "west"},
				"west": {"uv": [2, 2, 6, 3], "texture": "#0", "cullface": "west"},
				"up": {"uv": [2, 2, 6, 2.3], "rotation": 270, "texture": "#0", "cullface": "west"},
				"down": {"uv": [2, 2, 6, 2.3], "rotation": 90, "texture": "#0", "cullface": "west"}
			}
		},
		{
			"from": [-0.3, 4, 1.99706],
			"to": [0, 5, 4.99706],
			"rotation": {"angle": 0, "axis": "y", "origin": [-4.65294, 7.85294, 16.15]},
			"faces": {
				"north": {"uv": [2, 11, 2.3, 12], "texture": "#0", "cullface": "west"},
				"south": {"uv": [2, 11, 2.3, 12], "texture": "#0", "cullface": "west"},
				"west": {"uv": [2, 11, 5, 12], "texture": "#0", "cullface": "west"},
				"up": {"uv": [2, 11, 5, 11.3], "rotation": 270, "texture": "#0", "cullface": "west"},
				"down": {"uv": [2, 11, 5, 11.3], "rotation": 90, "texture": "#0", "cullface": "west"}
			}
		},
		{
			"from": [-0.3, 7, 0.99706],
			"to": [0, 9, 2.99706],
			"rotation": {"angle": 0, "axis": "y", "origin": [-4.65294, 7.85294, 16.15]},
			"faces": {
				"north": {"uv": [1, 7, 1.3, 9], "texture": "#0", "cullface": "west"},
				"south": {"uv": [1, 7, 1.3, 9], "texture": "#0", "cullface": "west"},
				"west": {"uv": [1, 7, 3, 9], "texture": "#0", "cullface": "west"},
				"up": {"uv": [1, 7, 3, 7.3], "rotation": 270, "texture": "#0", "cullface": "west"},
				"down": {"uv": [1, 7, 3, 7.3], "rotation": 90, "texture": "#0", "cullface": "west"}
			}
		},
		{
			"from": [-0.3, 12, 6.99706],
			"to": [0, 13, 8.99706],
			"rotation": {"angle": 0, "axis": "y", "origin": [-4.65294, 7.85294, 16.15]},
			"faces": {
				"north": {"uv": [7, 3, 7.3, 4], "texture": "#0", "cullface": "west"},
				"south": {"uv": [7, 3, 7.3, 4], "texture": "#0", "cullface": "west"},
				"west": {"uv": [7, 3, 9, 4], "texture": "#0", "cullface": "west"},
				"up": {"uv": [7, 3, 9, 3.3], "rotation": 270, "texture": "#0", "cullface": "west"},
				"down": {"uv": [7, 3, 9, 3.3], "rotation": 90, "texture": "#0", "cullface": "west"}
			}
		},
		{
			"from": [-0.3, 13, 11.99706],
			"to": [0, 14, 13.99706],
			"rotation": {"angle": 0, "axis": "y", "origin": [-4.65294, 7.85294, 16.15]},
			"faces": {
				"north": {"uv": [12, 2, 12.3, 3], "texture": "#0", "cullface": "west"},
				"south": {"uv": [12, 2, 12.3, 3], "texture": "#0", "cullface": "west"},
				"west": {"uv": [12, 2, 14, 3], "texture": "#0", "cullface": "west"},
				"up": {"uv": [12, 2, 14, 2.3], "rotation": 270, "texture": "#0", "cullface": "west"},
				"down": {"uv": [12, 2, 14, 2.3], "rotation": 90, "texture": "#0", "cullface": "west"}
			}
		},
		{
			"from": [-0.3, 12, 4.99706],
			"to": [0, 13, 5.99706],
			"rotation": {"angle": 0, "axis": "y", "origin": [-4.65294, 7.85294, 16.15]},
			"faces": {
				"north": {"uv": [5, 3, 5.3, 4], "texture": "#0", "cullface": "west"},
				"south": {"uv": [5, 3, 5.3, 4], "texture": "#0", "cullface": "west"},
				"west": {"uv": [5, 3, 6, 4], "texture": "#0", "cullface": "west"},
				"down": {"uv": [5, 3, 6, 3.3], "rotation": 90, "texture": "#0", "cullface": "west"}
			}
		},
		{
			"from": [-0.3, 5, 3.99706],
			"to": [0, 6, 4.99706],
			"rotation": {"angle": 0, "axis": "y", "origin": [-4.65294, 7.85294, 16.15]},
			"faces": {
				"north": {"uv": [4, 10, 4.3, 11], "texture": "#0", "cullface": "west"},
				"south": {"uv": [4, 10, 4.3, 11], "texture": "#0", "cullface": "west"},
				"west": {"uv": [4, 10, 5, 11], "texture": "#0", "cullface": "west"},
				"up": {"uv": [4, 10, 5, 10.3], "rotation": 270, "texture": "#0", "cullface": "west"}
			}
		},
		{
			"from": [-0.3, 3, 4.99706],
			"to": [0, 4, 5.99706],
			"rotation": {"angle": 0, "axis": "y", "origin": [-4.65294, 7.85294, 16.15]},
			"faces": {
				"north": {"uv": [5, 12, 5.3, 13], "texture": "#0", "cullface": "west"},
				"south": {"uv": [5, 12, 5.3, 13], "texture": "#0", "cullface": "west"},
				"west": {"uv": [5, 12, 6, 13], "texture": "#0", "cullface": "west"},
				"up": {"uv": [5, 12, 6, 12.3], "rotation": 270, "texture": "#0", "cullface": "west"}
			}
		},
		{
			"from": [16, 3, 1.00294],
			"to": [16.3, 7, 3.00294],
			"rotation": {"angle": 0, "axis": "y", "origin": [16.15, 7.85294, 7.35]},
			"faces": {
				"north": {"uv": [13, 9, 13.3, 13], "texture": "#0", "cullface": "east"},
				"east": {"uv": [13, 9, 15, 13], "texture": "#0", "cullface": "east"},
				"south": {"uv": [13, 9, 13.3, 13], "texture": "#0", "cullface": "east"},
				"up": {"uv": [13, 9, 15, 9.3], "rotation": 90, "texture": "#0", "cullface": "east"},
				"down": {"uv": [13, 9, 15, 9.3], "rotation": 270, "texture": "#0", "cullface": "east"}
			}
		},
		{
			"from": [16, 2, 5.00294],
			"to": [16.3, 4, 8.00294],
			"rotation": {"angle": 0, "axis": "y", "origin": [16.15, 7.85294, 7.35]},
			"faces": {
				"north": {"uv": [8, 12, 8.3, 14], "texture": "#0", "cullface": "east"},
				"east": {"uv": [8, 12, 11, 14], "texture": "#0", "cullface": "east"},
				"south": {"uv": [8, 12, 8.3, 14], "texture": "#0", "cullface": "east"},
				"up": {"uv": [8, 12, 11, 12.3], "rotation": 90, "texture": "#0", "cullface": "east"},
				"down": {"uv": [8, 12, 11, 12.3], "rotation": 270, "texture": "#0", "cullface": "east"}
			}
		},
		{
			"from": [16, 1, 9.00294],
			"to": [16.3, 3, 12.00294],
			"rotation": {"angle": 0, "axis": "y", "origin": [16.15, 7.85294, 7.35]},
			"faces": {
				"north": {"uv": [4, 13, 4.3, 15], "texture": "#0", "cullface": "east"},
				"east": {"uv": [4, 13, 7, 15], "texture": "#0", "cullface": "east"},
				"south": {"uv": [4, 13, 4.3, 15], "texture": "#0", "cullface": "east"},
				"up": {"uv": [4, 13, 7, 13.3], "rotation": 90, "texture": "#0", "cullface": "east"},
				"down": {"uv": [4, 13, 7, 13.3], "rotation": 270, "texture": "#0", "cullface": "east"}
			}
		},
		{
			"from": [16, 5, 5.00294],
			"to": [16.3, 7, 8.00294],
			"rotation": {"angle": 0, "axis": "y", "origin": [16.15, 7.85294, 7.35]},
			"faces": {
				"north": {"uv": [8, 9, 8.3, 11], "texture": "#0", "cullface": "east"},
				"east": {"uv": [8, 9, 11, 11], "texture": "#0", "cullface": "east"},
				"south": {"uv": [8, 9, 8.3, 11], "texture": "#0", "cullface": "east"},
				"up": {"uv": [8, 9, 11, 9.3], "rotation": 90, "texture": "#0", "cullface": "east"},
				"down": {"uv": [8, 9, 11, 9.3], "rotation": 270, "texture": "#0", "cullface": "east"}
			}
		},
		{
			"from": [16, 10, 9.00294],
			"to": [16.3, 11, 11.00294],
			"rotation": {"angle": 0, "axis": "y", "origin": [16.15, 7.85294, 7.35]},
			"faces": {
				"north": {"uv": [5, 5, 5.3, 6], "texture": "#0", "cullface": "east"},
				"east": {"uv": [5, 5, 7, 6], "texture": "#0", "cullface": "east"},
				"south": {"uv": [5, 5, 5.3, 6], "texture": "#0", "cullface": "east"},
				"up": {"uv": [5, 5, 7, 5.3], "rotation": 90, "texture": "#0", "cullface": "east"}
			}
		},
		{
			"from": [16, 9, 4.00294],
			"to": [16.3, 11, 6.00294],
			"rotation": {"angle": 0, "axis": "y", "origin": [16.15, 7.85294, 7.35]},
			"faces": {
				"north": {"uv": [10, 5, 10.3, 7], "texture": "#0", "cullface": "east"},
				"east": {"uv": [10, 5, 12, 7], "texture": "#0", "cullface": "east"},
				"south": {"uv": [10, 5, 10.3, 7], "texture": "#0", "cullface": "east"},
				"up": {"uv": [10, 5, 12, 5.3], "rotation": 90, "texture": "#0", "cullface": "east"},
				"down": {"uv": [10, 5, 12, 5.3], "rotation": 270, "texture": "#0", "cullface": "east"}
			}
		},
		{
			"from": [16, 6, 4.00294],
			"to": [16.3, 8, 7.00294],
			"rotation": {"angle": 0, "axis": "y", "origin": [16.15, 7.85294, 7.35]},
			"faces": {
				"north": {"uv": [9, 8, 9.3, 10], "texture": "#0", "cullface": "east"},
				"east": {"uv": [9, 8, 12, 10], "texture": "#0", "cullface": "east"},
				"south": {"uv": [9, 8, 9.3, 10], "texture": "#0", "cullface": "east"},
				"up": {"uv": [9, 8, 12, 8.3], "rotation": 90, "texture": "#0", "cullface": "east"},
				"down": {"uv": [9, 8, 12, 8.3], "rotation": 270, "texture": "#0", "cullface": "east"}
			}
		},
		{
			"from": [16, 6, 8.00294],
			"to": [16.3, 8, 9.00294],
			"rotation": {"angle": 0, "axis": "y", "origin": [16.15, 7.85294, 7.35]},
			"faces": {
				"north": {"uv": [7, 8, 7.3, 10], "texture": "#0", "cullface": "east"},
				"east": {"uv": [7, 8, 8, 10], "texture": "#0", "cullface": "east"},
				"south": {"uv": [7, 8, 7.3, 10], "texture": "#0", "cullface": "east"},
				"up": {"uv": [7, 8, 8, 8.3], "rotation": 90, "texture": "#0", "cullface": "east"},
				"down": {"uv": [7, 8, 8, 8.3], "rotation": 270, "texture": "#0", "cullface": "east"}
			}
		},
		{
			"from": [16, 9, 8.00294],
			"to": [16.3, 10, 13.00294],
			"rotation": {"angle": 0, "axis": "y", "origin": [16.15, 7.85294, 7.35]},
			"faces": {
				"north": {"uv": [3, 6, 3.3, 7], "texture": "#0", "cullface": "east"},
				"east": {"uv": [3, 6, 8, 7], "texture": "#0", "cullface": "east"},
				"south": {"uv": [3, 6, 3.3, 7], "texture": "#0", "cullface": "east"},
				"up": {"uv": [3, 6, 8, 6.3], "rotation": 90, "texture": "#0", "cullface": "east"},
				"down": {"uv": [3, 6, 8, 6.3], "rotation": 270, "texture": "#0", "cullface": "east"}
			}
		},
		{
			"from": [16, 13, 10.00294],
			"to": [16.3, 14, 14.00294],
			"rotation": {"angle": 0, "axis": "y", "origin": [16.15, 7.85294, 7.35]},
			"faces": {
				"north": {"uv": [2, 2, 2.3, 3], "texture": "#0", "cullface": "east"},
				"east": {"uv": [2, 2, 6, 3], "texture": "#0", "cullface": "east"},
				"south": {"uv": [2, 2, 2.3, 3], "texture": "#0", "cullface": "east"},
				"up": {"uv": [2, 2, 6, 2.3], "rotation": 90, "texture": "#0", "cullface": "east"},
				"down": {"uv": [2, 2, 6, 2.3], "rotation": 270, "texture": "#0", "cullface": "east"}
			}
		},
		{
			"from": [16, 4, 11.00294],
			"to": [16.3, 5, 14.00294],
			"rotation": {"angle": 0, "axis": "y", "origin": [16.15, 7.85294, 7.35]},
			"faces": {
				"north": {"uv": [2, 11, 2.3, 12], "texture": "#0", "cullface": "east"},
				"east": {"uv": [2, 11, 5, 12], "texture": "#0", "cullface": "east"},
				"south": {"uv": [2, 11, 2.3, 12], "texture": "#0", "cullface": "east"},
				"up": {"uv": [2, 11, 5, 11.3], "rotation": 90, "texture": "#0", "cullface": "east"},
				"down": {"uv": [2, 11, 5, 11.3], "rotation": 270, "texture": "#0", "cullface": "east"}
			}
		},
		{
			"from": [16, 7, 13.00294],
			"to": [16.3, 9, 15.00294],
			"rotation": {"angle": 0, "axis": "y", "origin": [16.15, 7.85294, 7.35]},
			"faces": {
				"north": {"uv": [1, 7, 1.3, 9], "texture": "#0", "cullface": "east"},
				"east": {"uv": [1, 7, 3, 9], "texture": "#0", "cullface": "east"},
				"south": {"uv": [1, 7, 1.3, 9], "texture": "#0", "cullface": "east"},
				"up": {"uv": [1, 7, 3, 7.3], "rotation": 90, "texture": "#0", "cullface": "east"},
				"down": {"uv": [1, 7, 3, 7.3], "rotation": 270, "texture": "#0", "cullface": "east"}
			}
		},
		{
			"from": [16, 12, 7.00294],
			"to": [16.3, 13, 9.00294],
			"rotation": {"angle": 0, "axis": "y", "origin": [16.15, 7.85294, 7.35]},
			"faces": {
				"north": {"uv": [7, 3, 7.3, 4], "texture": "#0", "cullface": "east"},
				"east": {"uv": [7, 3, 9, 4], "texture": "#0", "cullface": "east"},
				"south": {"uv": [7, 3, 7.3, 4], "texture": "#0", "cullface": "east"},
				"up": {"uv": [7, 3, 9, 3.3], "rotation": 90, "texture": "#0", "cullface": "east"},
				"down": {"uv": [7, 3, 9, 3.3], "rotation": 270, "texture": "#0", "cullface": "east"}
			}
		},
		{
			"from": [16, 13, 2.00294],
			"to": [16.3, 14, 4.00294],
			"rotation": {"angle": 0, "axis": "y", "origin": [16.15, 7.85294, 7.35]},
			"faces": {
				"north": {"uv": [12, 2, 12.3, 3], "texture": "#0", "cullface": "east"},
				"east": {"uv": [12, 2, 14, 3], "texture": "#0", "cullface": "east"},
				"south": {"uv": [12, 2, 12.3, 3], "texture": "#0", "cullface": "east"},
				"up": {"uv": [12, 2, 14, 2.3], "rotation": 90, "texture": "#0", "cullface": "east"},
				"down": {"uv": [12, 2, 14, 2.3], "rotation": 270, "texture": "#0", "cullface": "east"}
			}
		},
		{
			"from": [16, 12, 10.00294],
			"to": [16.3, 13, 11.00294],
			"rotation": {"angle": 0, "axis": "y", "origin": [16.15, 7.85294, 7.35]},
			"faces": {
				"north": {"uv": [5, 3, 5.3, 4], "texture": "#0", "cullface": "east"},
				"east": {"uv": [5, 3, 6, 4], "texture": "#0", "cullface": "east"},
				"south": {"uv": [5, 3, 5.3, 4], "texture": "#0", "cullface": "east"},
				"down": {"uv": [5, 3, 6, 3.3], "rotation": 270, "texture": "#0", "cullface": "east"}
			}
		},
		{
			"from": [16, 5, 11.00294],
			"to": [16.3, 6, 12.00294],
			"rotation": {"angle": 0, "axis": "y", "origin": [16.15, 7.85294, 7.35]},
			"faces": {
				"north": {"uv": [4, 10, 4.3, 11], "texture": "#0", "cullface": "east"},
				"east": {"uv": [4, 10, 5, 11], "texture": "#0", "cullface": "east"},
				"south": {"uv": [4, 10, 4.3, 11], "texture": "#0", "cullface": "east"},
				"up": {"uv": [4, 10, 5, 10.3], "rotation": 90, "texture": "#0", "cullface": "east"}
			}
		},
		{
			"from": [16, 3, 10.00294],
			"to": [16.3, 4, 11.00294],
			"rotation": {"angle": 0, "axis": "y", "origin": [16.15, 7.85294, 7.35]},
			"faces": {
				"north": {"uv": [5, 12, 5.3, 13], "texture": "#0", "cullface": "east"},
				"east": {"uv": [5, 12, 6, 13], "texture": "#0", "cullface": "east"},
				"south": {"uv": [5, 12, 5.3, 13], "texture": "#0", "cullface": "east"},
				"up": {"uv": [5, 12, 6, 12.3], "rotation": 90, "texture": "#0", "cullface": "east"}
			}
		},
		{
			"from": [12.99412, 16, 8.97794],
			"to": [14.99412, 16.3, 12.97794],
			"rotation": {"angle": 0, "axis": "y", "origin": [8.64706, 16.15, 7.85]},
			"faces": {
				"north": {"uv": [13, 9, 15, 9.3], "texture": "#0", "cullface": "up"},
				"east": {"uv": [13, 9, 13.3, 13], "rotation": 90, "texture": "#0", "cullface": "up"},
				"south": {"uv": [13, 9, 15, 9.3], "rotation": 180, "texture": "#0", "cullface": "up"},
				"west": {"uv": [13, 9, 13.3, 13], "rotation": 270, "texture": "#0", "cullface": "up"},
				"up": {"uv": [13, 9, 15, 13], "texture": "#0", "cullface": "up"}
			}
		},
		{
			"from": [7.99412, 16, 11.97794],
			"to": [10.99412, 16.3, 13.97794],
			"rotation": {"angle": 0, "axis": "y", "origin": [8.64706, 16.15, 7.85]},
			"faces": {
				"north": {"uv": [8, 12, 11, 12.3], "texture": "#0", "cullface": "up"},
				"east": {"uv": [8, 12, 8.3, 14], "rotation": 90, "texture": "#0", "cullface": "up"},
				"south": {"uv": [8, 12, 11, 12.3], "rotation": 180, "texture": "#0", "cullface": "up"},
				"west": {"uv": [8, 12, 8.3, 14], "rotation": 270, "texture": "#0", "cullface": "up"},
				"up": {"uv": [8, 12, 11, 14], "texture": "#0", "cullface": "up"}
			}
		},
		{
			"from": [3.99412, 16, 12.97794],
			"to": [6.99412, 16.3, 14.97794],
			"rotation": {"angle": 0, "axis": "y", "origin": [8.64706, 16.15, 7.85]},
			"faces": {
				"north": {"uv": [4, 13, 7, 13.3], "texture": "#0", "cullface": "up"},
				"east": {"uv": [4, 13, 4.3, 15], "rotation": 90, "texture": "#0", "cullface": "up"},
				"south": {"uv": [4, 13, 7, 13.3], "rotation": 180, "texture": "#0", "cullface": "up"},
				"west": {"uv": [4, 13, 4.3, 15], "rotation": 270, "texture": "#0", "cullface": "up"},
				"up": {"uv": [4, 13, 7, 15], "texture": "#0", "cullface": "up"}
			}
		},
		{
			"from": [7.99412, 16, 8.97794],
			"to": [10.99412, 16.3, 10.97794],
			"rotation": {"angle": 0, "axis": "y", "origin": [8.64706, 16.15, 7.85]},
			"faces": {
				"north": {"uv": [8, 9, 11, 9.3], "texture": "#0", "cullface": "up"},
				"east": {"uv": [8, 9, 8.3, 11], "rotation": 90, "texture": "#0", "cullface": "up"},
				"south": {"uv": [8, 9, 11, 9.3], "rotation": 180, "texture": "#0", "cullface": "up"},
				"west": {"uv": [8, 9, 8.3, 11], "rotation": 270, "texture": "#0", "cullface": "up"},
				"up": {"uv": [8, 9, 11, 11], "texture": "#0", "cullface": "up"}
			}
		},
		{
			"from": [4.99412, 16, 4.97794],
			"to": [6.99412, 16.3, 5.97794],
			"rotation": {"angle": 0, "axis": "y", "origin": [8.64706, 16.15, 7.85]},
			"faces": {
				"north": {"uv": [5, 5, 7, 5.3], "texture": "#0", "cullface": "up"},
				"east": {"uv": [5, 5, 5.3, 6], "rotation": 90, "texture": "#0", "cullface": "up"},
				"west": {"uv": [5, 5, 5.3, 6], "rotation": 270, "texture": "#0", "cullface": "up"},
				"up": {"uv": [5, 5, 7, 6], "texture": "#0", "cullface": "up"}
			}
		},
		{
			"from": [9.99412, 16, 4.97794],
			"to": [11.99412, 16.3, 6.97794],
			"rotation": {"angle": 0, "axis": "y", "origin": [8.64706, 16.15, 7.85]},
			"faces": {
				"north": {"uv": [10, 5, 12, 5.3], "texture": "#0", "cullface": "up"},
				"east": {"uv": [10, 5, 10.3, 7], "rotation": 90, "texture": "#0", "cullface": "up"},
				"south": {"uv": [10, 5, 12, 5.3], "rotation": 180, "texture": "#0", "cullface": "up"},
				"west": {"uv": [10, 5, 10.3, 7], "rotation": 270, "texture": "#0", "cullface": "up"},
				"up": {"uv": [10, 5, 12, 7], "texture": "#0", "cullface": "up"}
			}
		},
		{
			"from": [8.99412, 16, 7.97794],
			"to": [11.99412, 16.3, 9.97794],
			"rotation": {"angle": 0, "axis": "y", "origin": [8.64706, 16.15, 7.85]},
			"faces": {
				"north": {"uv": [9, 8, 12, 8.3], "texture": "#0", "cullface": "up"},
				"east": {"uv": [9, 8, 9.3, 10], "rotation": 90, "texture": "#0", "cullface": "up"},
				"south": {"uv": [9, 8, 12, 8.3], "rotation": 180, "texture": "#0", "cullface": "up"},
				"west": {"uv": [9, 8, 9.3, 10], "rotation": 270, "texture": "#0", "cullface": "up"},
				"up": {"uv": [9, 8, 12, 10], "texture": "#0", "cullface": "up"}
			}
		},
		{
			"from": [6.99412, 16, 7.97794],
			"to": [7.99412, 16.3, 9.97794],
			"rotation": {"angle": 0, "axis": "y", "origin": [8.64706, 16.15, 7.85]},
			"faces": {
				"north": {"uv": [7, 8, 8, 8.3], "texture": "#0", "cullface": "up"},
				"east": {"uv": [7, 8, 7.3, 10], "rotation": 90, "texture": "#0", "cullface": "up"},
				"south": {"uv": [7, 8, 8, 8.3], "rotation": 180, "texture": "#0", "cullface": "up"},
				"west": {"uv": [7, 8, 7.3, 10], "rotation": 270, "texture": "#0", "cullface": "up"},
				"up": {"uv": [7, 8, 8, 10], "texture": "#0", "cullface": "up"}
			}
		},
		{
			"from": [2.99412, 16, 5.97794],
			"to": [7.99412, 16.3, 6.97794],
			"rotation": {"angle": 0, "axis": "y", "origin": [8.64706, 16.15, 7.85]},
			"faces": {
				"north": {"uv": [3, 6, 8, 6.3], "texture": "#0", "cullface": "up"},
				"east": {"uv": [3, 6, 3.3, 7], "rotation": 90, "texture": "#0", "cullface": "up"},
				"south": {"uv": [3, 6, 8, 6.3], "rotation": 180, "texture": "#0", "cullface": "up"},
				"west": {"uv": [3, 6, 3.3, 7], "rotation": 270, "texture": "#0", "cullface": "up"},
				"up": {"uv": [3, 6, 8, 7], "texture": "#0", "cullface": "up"}
			}
		},
		{
			"from": [1.99412, 16, 1.97794],
			"to": [5.99412, 16.3, 2.97794],
			"rotation": {"angle": 0, "axis": "y", "origin": [8.64706, 16.15, 7.85]},
			"faces": {
				"north": {"uv": [2, 2, 6, 2.3], "texture": "#0", "cullface": "up"},
				"east": {"uv": [2, 2, 2.3, 3], "rotation": 90, "texture": "#0", "cullface": "up"},
				"south": {"uv": [2, 2, 6, 2.3], "rotation": 180, "texture": "#0", "cullface": "up"},
				"west": {"uv": [2, 2, 2.3, 3], "rotation": 270, "texture": "#0", "cullface": "up"},
				"up": {"uv": [2, 2, 6, 3], "texture": "#0", "cullface": "up"}
			}
		},
		{
			"from": [1.99412, 16, 10.97794],
			"to": [4.99412, 16.3, 11.97794],
			"rotation": {"angle": 0, "axis": "y", "origin": [8.64706, 16.15, 7.85]},
			"faces": {
				"north": {"uv": [2, 11, 5, 11.3], "texture": "#0", "cullface": "up"},
				"east": {"uv": [2, 11, 2.3, 12], "rotation": 90, "texture": "#0", "cullface": "up"},
				"south": {"uv": [2, 11, 5, 11.3], "rotation": 180, "texture": "#0", "cullface": "up"},
				"west": {"uv": [2, 11, 2.3, 12], "rotation": 270, "texture": "#0", "cullface": "up"},
				"up": {"uv": [2, 11, 5, 12], "texture": "#0", "cullface": "up"}
			}
		},
		{
			"from": [0.99412, 16, 6.97794],
			"to": [2.99412, 16.3, 8.97794],
			"rotation": {"angle": 0, "axis": "y", "origin": [8.64706, 16.15, 7.85]},
			"faces": {
				"north": {"uv": [1, 7, 3, 7.3], "texture": "#0", "cullface": "up"},
				"east": {"uv": [1, 7, 1.3, 9], "rotation": 90, "texture": "#0", "cullface": "up"},
				"south": {"uv": [1, 7, 3, 7.3], "rotation": 180, "texture": "#0", "cullface": "up"},
				"west": {"uv": [1, 7, 1.3, 9], "rotation": 270, "texture": "#0", "cullface": "up"},
				"up": {"uv": [1, 7, 3, 9], "texture": "#0", "cullface": "up"}
			}
		},
		{
			"from": [6.99412, 16, 2.97794],
			"to": [8.99412, 16.3, 3.97794],
			"rotation": {"angle": 0, "axis": "y", "origin": [8.64706, 16.15, 7.85]},
			"faces": {
				"north": {"uv": [7, 3, 9, 3.3], "texture": "#0", "cullface": "up"},
				"east": {"uv": [7, 3, 7.3, 4], "rotation": 90, "texture": "#0", "cullface": "up"},
				"south": {"uv": [7, 3, 9, 3.3], "rotation": 180, "texture": "#0", "cullface": "up"},
				"west": {"uv": [7, 3, 7.3, 4], "rotation": 270, "texture": "#0", "cullface": "up"},
				"up": {"uv": [7, 3, 9, 4], "texture": "#0", "cullface": "up"}
			}
		},
		{
			"from": [11.99412, 16, 1.97794],
			"to": [13.99412, 16.3, 2.97794],
			"rotation": {"angle": 0, "axis": "y", "origin": [8.64706, 16.15, 7.85]},
			"faces": {
				"north": {"uv": [12, 2, 14, 2.3], "texture": "#0", "cullface": "up"},
				"east": {"uv": [12, 2, 12.3, 3], "rotation": 90, "texture": "#0", "cullface": "up"},
				"south": {"uv": [12, 2, 14, 2.3], "rotation": 180, "texture": "#0", "cullface": "up"},
				"west": {"uv": [12, 2, 12.3, 3], "rotation": 270, "texture": "#0", "cullface": "up"},
				"up": {"uv": [12, 2, 14, 3], "texture": "#0", "cullface": "up"}
			}
		},
		{
			"from": [4.99412, 16, 2.97794],
			"to": [5.99412, 16.3, 3.97794],
			"rotation": {"angle": 0, "axis": "y", "origin": [8.64706, 16.15, 7.85]},
			"faces": {
				"east": {"uv": [5, 3, 5.3, 4], "rotation": 90, "texture": "#0", "cullface": "up"},
				"south": {"uv": [5, 3, 6, 3.3], "rotation": 180, "texture": "#0", "cullface": "up"},
				"west": {"uv": [5, 3, 5.3, 4], "rotation": 270, "texture": "#0", "cullface": "up"},
				"up": {"uv": [5, 3, 6, 4], "texture": "#0", "cullface": "up"}
			}
		},
		{
			"from": [3.99412, 16, 9.97794],
			"to": [4.99412, 16.3, 10.97794],
			"rotation": {"angle": 0, "axis": "y", "origin": [8.64706, 16.15, 7.85]},
			"faces": {
				"north": {"uv": [4, 10, 5, 10.3], "texture": "#0", "cullface": "up"},
				"east": {"uv": [4, 10, 4.3, 11], "rotation": 90, "texture": "#0", "cullface": "up"},
				"west": {"uv": [4, 10, 4.3, 11], "rotation": 270, "texture": "#0", "cullface": "up"},
				"up": {"uv": [4, 10, 5, 11], "texture": "#0", "cullface": "up"}
			}
		},
		{
			"from": [4.99412, 16, 11.97794],
			"to": [5.99412, 16.3, 12.97794],
			"rotation": {"angle": 0, "axis": "y", "origin": [8.64706, 16.15, 7.85]},
			"faces": {
				"north": {"uv": [5, 12, 6, 12.3], "texture": "#0", "cullface": "up"},
				"east": {"uv": [5, 12, 5.3, 13], "rotation": 90, "texture": "#0", "cullface": "up"},
				"west": {"uv": [5, 12, 5.3, 13], "rotation": 270, "texture": "#0", "cullface": "up"},
				"up": {"uv": [5, 12, 6, 13], "texture": "#0", "cullface": "up"}
			}
		},
		{
			"from": [12.99412, -0.3, 2.99706],
			"to": [14.99412, 0, 6.99706],
			"rotation": {"angle": 0, "axis": "y", "origin": [7.34706, -0.15, 8.125]},
			"faces": {
				"north": {"uv": [13, 9, 15, 9.3], "texture": "#0", "cullface": "down"},
				"east": {"uv": [13, 9, 13.3, 13], "rotation": 270, "texture": "#0", "cullface": "down"},
				"south": {"uv": [13, 9, 15, 9.3], "rotation": 180, "texture": "#0", "cullface": "down"},
				"west": {"uv": [13, 9, 13.3, 13], "rotation": 90, "texture": "#0", "cullface": "down"},
				"down": {"uv": [13, 9, 15, 13], "texture": "#0", "cullface": "down"}
			}
		},
		{
			"from": [7.99412, -0.3, 1.99706],
			"to": [10.99412, 0, 3.99706],
			"rotation": {"angle": 0, "axis": "y", "origin": [7.34706, -0.15, 8.125]},
			"faces": {
				"north": {"uv": [8, 12, 11, 12.3], "texture": "#0", "cullface": "down"},
				"east": {"uv": [8, 12, 8.3, 14], "rotation": 270, "texture": "#0", "cullface": "down"},
				"south": {"uv": [8, 12, 11, 12.3], "rotation": 180, "texture": "#0", "cullface": "down"},
				"west": {"uv": [8, 12, 8.3, 14], "rotation": 90, "texture": "#0", "cullface": "down"},
				"down": {"uv": [8, 12, 11, 14], "texture": "#0", "cullface": "down"}
			}
		},
		{
			"from": [3.99412, -0.3, 0.99706],
			"to": [6.99412, 0, 2.99706],
			"rotation": {"angle": 0, "axis": "y", "origin": [7.34706, -0.15, 8.125]},
			"faces": {
				"north": {"uv": [4, 13, 7, 13.3], "texture": "#0", "cullface": "down"},
				"east": {"uv": [4, 13, 4.3, 15], "rotation": 270, "texture": "#0", "cullface": "down"},
				"south": {"uv": [4, 13, 7, 13.3], "rotation": 180, "texture": "#0", "cullface": "down"},
				"west": {"uv": [4, 13, 4.3, 15], "rotation": 90, "texture": "#0", "cullface": "down"},
				"down": {"uv": [4, 13, 7, 15], "texture": "#0", "cullface": "down"}
			}
		},
		{
			"from": [7.99412, -0.3, 4.99706],
			"to": [10.99412, 0, 6.99706],
			"rotation": {"angle": 0, "axis": "y", "origin": [7.34706, -0.15, 8.125]},
			"faces": {
				"north": {"uv": [8, 9, 11, 9.3], "texture": "#0", "cullface": "down"},
				"east": {"uv": [8, 9, 8.3, 11], "rotation": 270, "texture": "#0", "cullface": "down"},
				"south": {"uv": [8, 9, 11, 9.3], "rotation": 180, "texture": "#0", "cullface": "down"},
				"west": {"uv": [8, 9, 8.3, 11], "rotation": 90, "texture": "#0", "cullface": "down"},
				"down": {"uv": [8, 9, 11, 11], "texture": "#0", "cullface": "down"}
			}
		},
		{
			"from": [4.99412, -0.3, 9.99706],
			"to": [6.99412, 0, 10.99706],
			"rotation": {"angle": 0, "axis": "y", "origin": [7.34706, -0.15, 8.125]},
			"faces": {
				"east": {"uv": [5, 5, 5.3, 6], "rotation": 270, "texture": "#0", "cullface": "down"},
				"south": {"uv": [5, 5, 7, 5.3], "rotation": 180, "texture": "#0", "cullface": "down"},
				"west": {"uv": [5, 5, 5.3, 6], "rotation": 90, "texture": "#0", "cullface": "down"},
				"down": {"uv": [5, 5, 7, 6], "texture": "#0", "cullface": "down"}
			}
		},
		{
			"from": [9.99412, -0.3, 8.99706],
			"to": [11.99412, 0, 10.99706],
			"rotation": {"angle": 0, "axis": "y", "origin": [7.34706, -0.15, 8.125]},
			"faces": {
				"north": {"uv": [10, 5, 12, 5.3], "texture": "#0", "cullface": "down"},
				"east": {"uv": [10, 5, 10.3, 7], "rotation": 270, "texture": "#0", "cullface": "down"},
				"south": {"uv": [10, 5, 12, 5.3], "rotation": 180, "texture": "#0", "cullface": "down"},
				"west": {"uv": [10, 5, 10.3, 7], "rotation": 90, "texture": "#0", "cullface": "down"},
				"down": {"uv": [10, 5, 12, 7], "texture": "#0", "cullface": "down"}
			}
		},
		{
			"from": [8.99412, -0.3, 5.99706],
			"to": [11.99412, 0, 7.99706],
			"rotation": {"angle": 0, "axis": "y", "origin": [7.34706, -0.15, 8.125]},
			"faces": {
				"north": {"uv": [9, 8, 12, 8.3], "texture": "#0", "cullface": "down"},
				"east": {"uv": [9, 8, 9.3, 10], "rotation": 270, "texture": "#0", "cullface": "down"},
				"south": {"uv": [9, 8, 12, 8.3], "rotation": 180, "texture": "#0", "cullface": "down"},
				"west": {"uv": [9, 8, 9.3, 10], "rotation": 90, "texture": "#0", "cullface": "down"},
				"down": {"uv": [9, 8, 12, 10], "texture": "#0", "cullface": "down"}
			}
		},
		{
			"from": [6.99412, -0.3, 5.99706],
			"to": [7.99412, 0, 7.99706],
			"rotation": {"angle": 0, "axis": "y", "origin": [7.34706, -0.15, 8.125]},
			"faces": {
				"north": {"uv": [7, 8, 8, 8.3], "texture": "#0", "cullface": "down"},
				"east": {"uv": [7, 8, 7.3, 10], "rotation": 270, "texture": "#0", "cullface": "down"},
				"south": {"uv": [7, 8, 8, 8.3], "rotation": 180, "texture": "#0", "cullface": "down"},
				"west": {"uv": [7, 8, 7.3, 10], "rotation": 90, "texture": "#0", "cullface": "down"},
				"down": {"uv": [7, 8, 8, 10], "texture": "#0", "cullface": "down"}
			}
		},
		{
			"from": [2.99412, -0.3, 8.99706],
			"to": [7.99412, 0, 9.99706],
			"rotation": {"angle": 0, "axis": "y", "origin": [7.34706, -0.15, 8.125]},
			"faces": {
				"north": {"uv": [3, 6, 8, 6.3], "texture": "#0", "cullface": "down"},
				"east": {"uv": [3, 6, 3.3, 7], "rotation": 270, "texture": "#0", "cullface": "down"},
				"south": {"uv": [3, 6, 8, 6.3], "rotation": 180, "texture": "#0", "cullface": "down"},
				"west": {"uv": [3, 6, 3.3, 7], "rotation": 90, "texture": "#0", "cullface": "down"},
				"down": {"uv": [3, 6, 8, 7], "texture": "#0", "cullface": "down"}
			}
		},
		{
			"from": [1.99412, -0.3, 12.99706],
			"to": [5.99412, 0, 13.99706],
			"rotation": {"angle": 0, "axis": "y", "origin": [7.34706, -0.15, 8.125]},
			"faces": {
				"north": {"uv": [2, 2, 6, 2.3], "texture": "#0", "cullface": "down"},
				"east": {"uv": [2, 2, 2.3, 3], "rotation": 270, "texture": "#0", "cullface": "down"},
				"south": {"uv": [2, 2, 6, 2.3], "rotation": 180, "texture": "#0", "cullface": "down"},
				"west": {"uv": [2, 2, 2.3, 3], "rotation": 90, "texture": "#0", "cullface": "down"},
				"down": {"uv": [2, 2, 6, 3], "texture": "#0", "cullface": "down"}
			}
		},
		{
			"from": [1.99412, -0.3, 3.99706],
			"to": [4.99412, 0, 4.99706],
			"rotation": {"angle": 0, "axis": "y", "origin": [7.34706, -0.15, 8.125]},
			"faces": {
				"north": {"uv": [2, 11, 5, 11.3], "texture": "#0", "cullface": "down"},
				"east": {"uv": [2, 11, 2.3, 12], "rotation": 270, "texture": "#0", "cullface": "down"},
				"south": {"uv": [2, 11, 5, 11.3], "rotation": 180, "texture": "#0", "cullface": "down"},
				"west": {"uv": [2, 11, 2.3, 12], "rotation": 90, "texture": "#0", "cullface": "down"},
				"down": {"uv": [2, 11, 5, 12], "texture": "#0", "cullface": "down"}
			}
		},
		{
			"from": [0.99412, -0.3, 6.99706],
			"to": [2.99412, 0, 8.99706],
			"rotation": {"angle": 0, "axis": "y", "origin": [7.34706, -0.15, 8.125]},
			"faces": {
				"north": {"uv": [1, 7, 3, 7.3], "texture": "#0", "cullface": "down"},
				"east": {"uv": [1, 7, 1.3, 9], "rotation": 270, "texture": "#0", "cullface": "down"},
				"south": {"uv": [1, 7, 3, 7.3], "rotation": 180, "texture": "#0", "cullface": "down"},
				"west": {"uv": [1, 7, 1.3, 9], "rotation": 90, "texture": "#0", "cullface": "down"},
				"down": {"uv": [1, 7, 3, 9], "texture": "#0", "cullface": "down"}
			}
		},
		{
			"from": [6.99412, -0.3, 11.99706],
			"to": [8.99412, 0, 12.99706],
			"rotation": {"angle": 0, "axis": "y", "origin": [7.34706, -0.15, 8.125]},
			"faces": {
				"north": {"uv": [7, 3, 9, 3.3], "texture": "#0", "cullface": "down"},
				"east": {"uv": [7, 3, 7.3, 4], "rotation": 270, "texture": "#0", "cullface": "down"},
				"south": {"uv": [7, 3, 9, 3.3], "rotation": 180, "texture": "#0", "cullface": "down"},
				"west": {"uv": [7, 3, 7.3, 4], "rotation": 90, "texture": "#0", "cullface": "down"},
				"down": {"uv": [7, 3, 9, 4], "texture": "#0", "cullface": "down"}
			}
		},
		{
			"from": [11.99412, -0.3, 12.99706],
			"to": [13.99412, 0, 13.99706],
			"rotation": {"angle": 0, "axis": "y", "origin": [7.34706, -0.15, 8.125]},
			"faces": {
				"north": {"uv": [12, 2, 14, 2.3], "texture": "#0", "cullface": "down"},
				"east": {"uv": [12, 2, 12.3, 3], "rotation": 270, "texture": "#0", "cullface": "down"},
				"south": {"uv": [12, 2, 14, 2.3], "rotation": 180, "texture": "#0", "cullface": "down"},
				"west": {"uv": [12, 2, 12.3, 3], "rotation": 90, "texture": "#0", "cullface": "down"},
				"down": {"uv": [12, 2, 14, 3], "texture": "#0", "cullface": "down"}
			}
		},
		{
			"from": [4.99412, -0.3, 11.99706],
			"to": [5.99412, 0, 12.99706],
			"rotation": {"angle": 0, "axis": "y", "origin": [7.34706, -0.15, 8.125]},
			"faces": {
				"north": {"uv": [5, 3, 6, 3.3], "texture": "#0", "cullface": "down"},
				"east": {"uv": [5, 3, 5.3, 4], "rotation": 270, "texture": "#0", "cullface": "down"},
				"west": {"uv": [5, 3, 5.3, 4], "rotation": 90, "texture": "#0", "cullface": "down"},
				"down": {"uv": [5, 3, 6, 4], "texture": "#0", "cullface": "down"}
			}
		},
		{
			"from": [3.99412, -0.3, 4.99706],
			"to": [4.99412, 0, 5.99706],
			"rotation": {"angle": 0, "axis": "y", "origin": [7.34706, -0.15, 8.125]},
			"faces": {
				"east": {"uv": [4, 10, 4.3, 11], "rotation": 270, "texture": "#0", "cullface": "down"},
				"south": {"uv": [4, 10, 5, 10.3], "rotation": 180, "texture": "#0", "cullface": "down"},
				"west": {"uv": [4, 10, 4.3, 11], "rotation": 90, "texture": "#0", "cullface": "down"},
				"down": {"uv": [4, 10, 5, 11], "texture": "#0", "cullface": "down"}
			}
		},
		{
			"from": [4.99412, -0.3, 2.99706],
			"to": [5.99412, 0, 3.99706],
			"rotation": {"angle": 0, "axis": "y", "origin": [7.34706, -0.15, 8.125]},
			"faces": {
				"east": {"uv": [5, 12, 5.3, 13], "rotation": 270, "texture": "#0", "cullface": "down"},
				"south": {"uv": [5, 12, 6, 12.3], "rotation": 180, "texture": "#0", "cullface": "down"},
				"west": {"uv": [5, 12, 5.3, 13], "rotation": 90, "texture": "#0", "cullface": "down"},
				"down": {"uv": [5, 12, 6, 13], "texture": "#0", "cullface": "down"}
			}
		}
	],
	"display": {
		"thirdperson_righthand": {
			"rotation": [75, 45, 0],
			"translation": [0, 2.5, 0],
			"scale": [0.375, 0.375, 0.375]
		},
		"thirdperson_lefthand": {
			"rotation": [75, 45, 0],
			"translation": [0, 2.5, 0],
			"scale": [0.375, 0.375, 0.375]
		},
		"firstperson_righthand": {
			"rotation": [0, 45, 0],
			"scale": [0.4, 0.4, 0.4]
		},
		"firstperson_lefthand": {
			"rotation": [0, 225, 0],
			"scale": [0.4, 0.4, 0.4]
		},
		"ground": {
			"translation": [0, 3, 0],
			"scale": [0.25, 0.25, 0.25]
		},
		"gui": {
			"rotation": [30, 225, 0],
			"scale": [0.625, 0.625, 0.625]
		},
		"fixed": {
			"scale": [0.5, 0.5, 0.5]
		}
	},
	"groups": [0,
		{
			"name": "norte",
			"origin": [8, 8, 8],
			"children": [1, 2, 3, 4, 5, 6, 7, 8, 9, 10, 11, 12, 13, 14, 15, 16, 17]
		},
		{
			"name": "sul",
			"origin": [8, 8, 8],
			"children": [18, 19, 20, 21, 22, 23, 24, 25, 26, 27, 28, 29, 30, 31, 32, 33, 34]
		},
		{
			"name": "oeste",
			"origin": [8, 8, 8],
			"children": [35, 36, 37, 38, 39, 40, 41, 42, 43, 44, 45, 46, 47, 48, 49, 50, 51]
		},
		{
			"name": "leste",
			"origin": [8, 8, 8],
			"children": [52, 53, 54, 55, 56, 57, 58, 59, 60, 61, 62, 63, 64, 65, 66, 67, 68]
		},
		{
			"name": "cima",
			"origin": [8, 8, 8],
			"children": [69, 70, 71, 72, 73, 74, 75, 76, 77, 78, 79, 80, 81, 82, 83, 84, 85]
		},
		{
			"name": "baixo",
			"origin": [8, 8, 8],
			"children": [86, 87, 88, 89, 90, 91, 92, 93, 94, 95, 96, 97, 98, 99, 100, 101, 102]
		}
	]
}