{
	"credit": "Made with Blockbench",
	"parent": "minecraft:block/door_top_rh",
	"ambientocclusion": false,
	"textures": {
		"particle": "block/acacia_door_top",
		"top": "block/acacia_door_top"
	},
	"elements": [
		{
			"from": [0, 0, 0],
			"to": [3, 1, 16],
			"faces": {
				"north": {"uv": [3, 15, 0, 16], "texture": "#top", "cullface": "north"},
				"east": {"uv": [0, 15, 16, 16], "texture": "#top"},
				"south": {"uv": [0, 15, 3, 16], "texture": "#top", "cullface": "south"},
				"west": {"uv": [16, 15, 0, 16], "texture": "#top", "cullface": "west"},
				"up": {"uv": [0, 0, 16, 3], "rotation": 90, "texture": "#top"}
			}
		},
		{
			"from": [0, 13, 0],
			"to": [3, 16, 16],
			"rotation": {"angle": 0, "axis": "y", "origin": [8, 21, 8]},
			"faces": {
				"north": {"uv": [16, 0, 13, 3], "texture": "#top", "cullface": "north"},
				"east": {"uv": [0, 0, 16, 3], "texture": "#top"},
				"south": {"uv": [0, 0, 3, 3], "texture": "#top", "cullface": "south"},
				"west": {"uv": [16, 0, 0, 3], "texture": "#top", "cullface": "west"},
				"up": {"uv": [13, 2, 16, 16], "texture": "#top", "cullface": "up"},
				"down": {"uv": [0, 0, 16, 3], "rotation": 90, "texture": "#top"}
			}
		},
		{
			"from": [0, 1, 0],
			"to": [3, 13, 3],
			"rotation": {"angle": 0, "axis": "y", "origin": [8, 18, 8]},
			"faces": {
				"north": {"uv": [3, 3, 0, 15], "texture": "#top", "cullface": "north"},
				"east": {"uv": [13, 3, 16, 15], "texture": "#top"},
				"south": {"uv": [13, 3, 16, 15], "texture": "#top"},
				"west": {"uv": [16, 3, 13, 15], "texture": "#top", "cullface": "west"}
			}
		},
		{
			"from": [0, 1, 13],
			"to": [3, 13, 16],
			"rotation": {"angle": 0, "axis": "y", "origin": [8, 18, 21]},
			"faces": {
				"north": {"uv": [16, 3, 13, 15], "texture": "#top"},
				"east": {"uv": [0, 3, 3, 15], "texture": "#top"},
				"south": {"uv": [0, 3, 3, 15], "texture": "#top", "cullface": "south"},
				"west": {"uv": [3, 3, 0, 15], "texture": "#top", "cullface": "west"}
			}
		},
		{
			"from": [0, 1, 9],
			"to": [3, 13, 11],
			"rotation": {"angle": 0, "axis": "y", "origin": [8, 18, 17]},
			"faces": {
				"north": {"uv": [16, 3, 13, 15], "texture": "#top"},
				"east": {"uv": [5, 3, 7, 15], "texture": "#top"},
				"south": {"uv": [13, 3, 16, 15], "texture": "#top"},
				"west": {"uv": [11, 3, 9, 15], "texture": "#top", "cullface": "west"}
			}
		},
		{
			"from": [0, 1, 5],
			"to": [3, 13, 7],
			"rotation": {"angle": 0, "axis": "y", "origin": [8, 18, 13]},
			"faces": {
				"north": {"uv": [16, 3, 13, 15], "texture": "#top"},
				"east": {"uv": [9, 3, 11, 15], "texture": "#top"},
				"south": {"uv": [13, 3, 16, 15], "texture": "#top"},
				"west": {"uv": [7, 3, 5, 15], "texture": "#top", "cullface": "west"}
			}
		},
		{
			"from": [-0.5, 0, 1],
			"to": [0, 1, 4],
			"rotation": {"angle": 0, "axis": "y", "origin": [8, 8, 9]},
			"faces": {
				"north": {"uv": [14, 15, 14.5, 16], "rotation": 180, "texture": "#top", "cullface": "west"},
				"south": {"uv": [12, 15, 12.5, 16], "rotation": 180, "texture": "#top", "cullface": "west"},
				"west": {"uv": [12, 15, 15, 16], "rotation": 180, "texture": "#top", "cullface": "west"},
				"up": {"uv": [12, 15, 15, 15.5], "rotation": 270, "texture": "#top", "cullface": "west"},
				"down": {"uv": [12, 15, 15, 15.5], "rotation": 90, "texture": "#top", "cullface": "west"}
			}
		},
		{
			"from": [3, 0, 1],
			"to": [3.5, 1, 4],
			"rotation": {"angle": 0, "axis": "y", "origin": [11.5, 8, 9]},
			"faces": {
				"north": {"uv": [14, 15, 14.5, 16], "rotation": 180, "texture": "#top"},
				"east": {"uv": [12, 15, 15, 16], "texture": "#top"},
				"south": {"uv": [12, 15, 12.5, 16], "rotation": 180, "texture": "#top"},
				"up": {"uv": [12, 15, 15, 15.5], "rotation": 270, "texture": "#top"},
				"down": {"uv": [12, 15, 15, 15.5], "rotation": 90, "texture": "#top", "cullface": "down"}
			}
		}
	],
	"display": {
		"thirdperson_righthand": {
			"rotation": [75, 45, 0],
			"translation": [0, 2.5, 0],
			"scale": [0.375, 0.375, 0.375]
		},
		"thirdperson_lefthand": {
			"rotation": [75, 45, 0],
			"translation": [0, 2.5, 0],
			"scale": [0.375, 0.375, 0.375]
		},
		"firstperson_righthand": {
			"rotation": [0, 45, 0],
			"scale": [0.4, 0.4, 0.4]
		},
		"firstperson_lefthand": {
			"rotation": [0, 225, 0],
			"scale": [0.4, 0.4, 0.4]
		},
		"ground": {
			"translation": [0, 3, 0],
			"scale": [0.25, 0.25, 0.25]
		},
		"gui": {
			"rotation": [30, 225, 0],
			"scale": [0.625, 0.625, 0.625]
		},
		"fixed": {
			"scale": [0.5, 0.5, 0.5]
		}
	},
	"groups": [
		{
			"name": "door_top_rh",
			"origin": [8, 8, 8],
			"children": [0, 1, 2, 3, 4, 5, 6, 7]
		}
	]
}