{
	"credit": "Made with Blockbench",
	"textures": {
		"0": "block/bee_nest_bottom",
		"1": "block/bee_nest_front",
		"3": "block/bee_nest_side",
		"4": "block/bee_nest_top",
		"particle": "block/bee_nest_side"
	},
	"elements": [
		{
			"from": [1, 15, 1],
			"to": [15, 15.5, 15],
			"rotation": {"angle": 0, "axis": "y", "origin": [17, 23, 8]},
			"faces": {
				"up": {"uv": [1, 1, 15, 15], "texture": "#4", "cullface": "up"}
			}
		},
		{
			"from": [1, 7, -0.5],
			"to": [6, 9, 0],
			"rotation": {"angle": 0, "axis": "y", "origin": [9, 15, 7]},
			"faces": {
				"north": {"uv": [10, 7, 15, 9], "texture": "#1", "cullface": "north"},
				"east": {"uv": [10, 7, 10.5, 9], "texture": "#1", "cullface": "north"},
				"west": {"uv": [10, 7, 10.5, 9], "texture": "#1", "cullface": "north"},
				"up": {"uv": [10, 7, 15, 7.5], "texture": "#1", "cullface": "north"},
				"down": {"uv": [10, 7, 15, 7.5], "texture": "#1", "cullface": "north"}
			}
		},
		{
			"from": [1, 12, -0.5],
			"to": [6, 13, 0],
			"rotation": {"angle": 0, "axis": "y", "origin": [9, 19, 7]},
			"faces": {
				"north": {"uv": [10, 3, 15, 4], "texture": "#1", "cullface": "north"},
				"east": {"uv": [10, 3, 10.5, 4], "texture": "#1", "cullface": "north"},
				"west": {"uv": [10, 3, 10.5, 4], "texture": "#1", "cullface": "north"},
				"up": {"uv": [10, 3, 15, 3.5], "texture": "#1", "cullface": "north"},
				"down": {"uv": [10, 3, 15, 3.5], "texture": "#1", "cullface": "north"}
			}
		},
		{
			"from": [5, 9, -0.5],
			"to": [6, 12, 0],
			"rotation": {"angle": 0, "axis": "y", "origin": [9, 18, 7]},
			"faces": {
				"north": {"uv": [10, 4, 11, 7], "texture": "#1", "cullface": "north"},
				"east": {"uv": [10, 4, 10.5, 7], "texture": "#1", "cullface": "north"},
				"west": {"uv": [10, 4, 10.5, 7], "texture": "#1", "cullface": "north"}
			}
		},
		{
			"from": [1, 9, -0.5],
			"to": [2, 12, 0],
			"rotation": {"angle": 0, "axis": "y", "origin": [5, 18, 7]},
			"faces": {
				"north": {"uv": [14, 4, 15, 7], "texture": "#1", "cullface": "north"},
				"east": {"uv": [14, 4, 14.5, 7], "texture": "#1", "cullface": "north"},
				"west": {"uv": [14, 4, 14.5, 7], "texture": "#1", "cullface": "north"}
			}
		},
		{
			"from": [10, 1, -0.5],
			"to": [11, 4, 0],
			"rotation": {"angle": 0, "axis": "y", "origin": [14, 10, 7]},
			"faces": {
				"north": {"uv": [5, 12, 6, 15], "texture": "#1", "cullface": "north"},
				"east": {"uv": [5, 12, 5.5, 15], "texture": "#1", "cullface": "north"},
				"west": {"uv": [5, 12, 5.5, 15], "texture": "#1", "cullface": "north"}
			}
		},
		{
			"from": [14, 1, -0.5],
			"to": [15, 4, 0],
			"rotation": {"angle": 0, "axis": "y", "origin": [18, 10, 7]},
			"faces": {
				"north": {"uv": [1, 12, 2, 15], "texture": "#1", "cullface": "north"},
				"east": {"uv": [1, 12, 1.5, 15], "texture": "#1", "cullface": "north"},
				"west": {"uv": [1, 12, 1.5, 15], "texture": "#1", "cullface": "north"}
			}
		},
		{
			"from": [10, 4, -0.5],
			"to": [15, 5, 0],
			"rotation": {"angle": 0, "axis": "y", "origin": [18, 11, 7]},
			"faces": {
				"north": {"uv": [1, 11, 6, 12], "texture": "#1", "cullface": "north"},
				"east": {"uv": [1, 11, 1.5, 12], "texture": "#1", "cullface": "north"},
				"west": {"uv": [1, 11, 1.5, 12], "texture": "#1", "cullface": "north"},
				"up": {"uv": [1, 11, 6, 11.5], "texture": "#1", "cullface": "north"},
				"down": {"uv": [1, 11, 6, 11.5], "texture": "#1", "cullface": "north"}
			}
		},
		{
			"from": [10, 0, -0.5],
			"to": [15, 1, 0],
			"rotation": {"angle": 0, "axis": "y", "origin": [18, 7, 7]},
			"faces": {
				"north": {"uv": [1, 15, 6, 16], "texture": "#1", "cullface": "north"},
				"east": {"uv": [1, 15, 1.5, 16], "texture": "#1", "cullface": "north"},
				"west": {"uv": [1, 15, 1.5, 16], "texture": "#1", "cullface": "north"},
				"up": {"uv": [1, 15, 6, 15.5], "rotation": 180, "texture": "#1", "cullface": "north"},
				"down": {"uv": [1, 15, 6, 15.5], "texture": "#1", "cullface": "north"}
			}
		},
		{
			"from": [0, 15, 0],
			"to": [16, 16, 1],
			"rotation": {"angle": 0, "axis": "y", "origin": [8, 23, 8]},
			"faces": {
				"north": {"uv": [0, 0, 16, 1], "texture": "#4", "cullface": "north"},
				"east": {"uv": [0, 0, 1, 1], "texture": "#4", "cullface": "east"},
				"south": {"uv": [0, 0, 16, 1], "texture": "#4", "cullface": "up"},
				"west": {"uv": [0, 0, 1, 1], "texture": "#4", "cullface": "west"},
				"up": {"uv": [0, 0, 16, 1], "texture": "#4", "cullface": "up"}
			}
		},
		{
			"from": [0, 15, 15],
			"to": [16, 16, 16],
			"rotation": {"angle": 0, "axis": "y", "origin": [8, 23, 23]},
			"faces": {
				"north": {"uv": [0, 0, 16, 1], "texture": "#4", "cullface": "up"},
				"east": {"uv": [0, 0, 1, 1], "texture": "#4", "cullface": "east"},
				"south": {"uv": [0, 0, 16, 1], "texture": "#4", "cullface": "south"},
				"west": {"uv": [15, 0, 16, 1], "texture": "#4", "cullface": "west"},
				"up": {"uv": [0, 15, 16, 16], "texture": "#4", "cullface": "up"}
			}
		},
		{
			"from": [15, 15, 1],
			"to": [16, 16, 15],
			"rotation": {"angle": 0, "axis": "y", "origin": [8, 23, 22]},
			"faces": {
				"east": {"uv": [0, 0, 14, 1], "texture": "#4", "cullface": "east"},
				"west": {"uv": [0, 0, 14, 1], "texture": "#4", "cullface": "up"},
				"up": {"uv": [15, 1, 16, 15], "texture": "#4", "cullface": "up"}
			}
		},
		{
			"from": [0, 15, 1],
			"to": [1, 16, 15],
			"rotation": {"angle": 0, "axis": "y", "origin": [-7, 23, 22]},
			"faces": {
				"east": {"uv": [0, 0, 14, 1], "texture": "#4", "cullface": "up"},
				"west": {"uv": [1, 0, 15, 1], "texture": "#4", "cullface": "west"},
				"up": {"uv": [0, 1, 1, 15], "texture": "#4", "cullface": "up"}
			}
		},
		{
			"from": [3, 15, 3],
			"to": [4, 16, 13],
			"rotation": {"angle": 0, "axis": "y", "origin": [-4, 23, 22]},
			"faces": {
				"north": {"uv": [12, 0, 13, 1], "texture": "#4", "cullface": "up"},
				"east": {"uv": [0, 0, 10, 1], "texture": "#4", "cullface": "up"},
				"south": {"uv": [3, 0, 4, 1], "texture": "#4", "cullface": "up"},
				"west": {"uv": [3, 0, 13, 1], "texture": "#4", "cullface": "up"},
				"up": {"uv": [3, 3, 4, 13], "texture": "#4", "cullface": "up"}
			}
		},
		{
			"from": [12, 15, 3],
			"to": [13, 16, 13],
			"rotation": {"angle": 0, "axis": "y", "origin": [5, 23, 22]},
			"faces": {
				"north": {"uv": [3, 0, 4, 1], "texture": "#4", "cullface": "up"},
				"east": {"uv": [3, 0, 13, 1], "texture": "#4", "cullface": "up"},
				"south": {"uv": [12, 0, 13, 1], "texture": "#4", "cullface": "up"},
				"west": {"uv": [0, 0, 10, 1], "texture": "#4", "cullface": "up"},
				"up": {"uv": [12, 3, 13, 13], "texture": "#4", "cullface": "up"}
			}
		},
		{
			"from": [4, 15, 3],
			"to": [12, 16, 4],
			"rotation": {"angle": 0, "axis": "y", "origin": [4, 23, 22]},
			"faces": {
				"north": {"uv": [4, 0, 12, 1], "texture": "#4", "cullface": "up"},
				"south": {"uv": [0, 0, 8, 1], "texture": "#4", "cullface": "up"},
				"up": {"uv": [4, 3, 12, 4], "texture": "#4", "cullface": "up"}
			}
		},
		{
			"from": [4, 15, 12],
			"to": [12, 16, 13],
			"rotation": {"angle": 0, "axis": "y", "origin": [4, 23, 31]},
			"faces": {
				"north": {"uv": [0, 0, 8, 1], "texture": "#4", "cullface": "up"},
				"south": {"uv": [4, 0, 12, 1], "texture": "#4", "cullface": "up"},
				"up": {"uv": [4, 12, 12, 13], "texture": "#4", "cullface": "up"}
			}
		},
		{
			"from": [6, 15, 9],
			"to": [10, 16, 10],
			"rotation": {"angle": 0, "axis": "y", "origin": [4, 23, 28]},
			"faces": {
				"north": {"uv": [0, 0, 4, 1], "texture": "#4", "cullface": "up"},
				"east": {"uv": [0, 0, 1, 1], "texture": "#4", "cullface": "up"},
				"south": {"uv": [0, 0, 4, 1], "texture": "#4", "cullface": "up"},
				"west": {"uv": [0, 0, 1, 1], "texture": "#4", "cullface": "up"},
				"up": {"uv": [6, 9, 10, 10], "texture": "#4", "cullface": "up"}
			}
		},
		{
			"from": [6, 15, 6],
			"to": [10, 16, 7],
			"rotation": {"angle": 0, "axis": "y", "origin": [4, 23, 25]},
			"faces": {
				"north": {"uv": [0, 0, 4, 1], "texture": "#4", "cullface": "up"},
				"east": {"uv": [0, 0, 1, 1], "texture": "#4", "cullface": "up"},
				"south": {"uv": [0, 0, 4, 1], "texture": "#4", "cullface": "up"},
				"west": {"uv": [0, 0, 1, 1], "texture": "#4", "cullface": "up"},
				"up": {"uv": [6, 6, 10, 7], "texture": "#4", "cullface": "up"}
			}
		},
		{
			"from": [6, 15, 7],
			"to": [7, 16, 9],
			"rotation": {"angle": 0, "axis": "y", "origin": [4, 23, 27]},
			"faces": {
				"east": {"uv": [0, 0, 2, 1], "texture": "#4", "cullface": "up"},
				"west": {"uv": [0, 0, 2, 1], "texture": "#4", "cullface": "up"},
				"up": {"uv": [6, 7, 7, 9], "texture": "#4", "cullface": "up"}
			}
		},
		{
			"from": [9, 15, 7],
			"to": [10, 16, 9],
			"rotation": {"angle": 0, "axis": "y", "origin": [7, 23, 27]},
			"faces": {
				"east": {"uv": [0, 0, 2, 1], "texture": "#4", "cullface": "up"},
				"west": {"uv": [0, 0, 2, 1], "texture": "#4", "cullface": "up"},
				"up": {"uv": [9, 7, 10, 9], "texture": "#4", "cullface": "up"}
			}
		},
		{
			"from": [0, 0, 0],
			"to": [10, 4, 1],
			"faces": {
				"north": {"uv": [6, 12, 16, 16], "texture": "#1", "cullface": "north"},
				"east": {"uv": [15, 12, 16, 16], "texture": "#3", "cullface": "north"},
				"west": {"uv": [0, 12, 1, 16], "texture": "#3", "cullface": "west"},
				"down": {"uv": [0, 15, 10, 16], "texture": "#0", "cullface": "down"}
			}
		},
		{
			"from": [10, 0, 0],
			"to": [15, 1, 1],
			"rotation": {"angle": 0, "axis": "y", "origin": [13, 8, 8]},
			"faces": {
				"up": {"uv": [0, 0, 10, 1], "texture": "#3", "cullface": "north"},
				"down": {"uv": [10, 15, 15, 16], "texture": "#0", "cullface": "down"}
			}
		},
		{
			"from": [15, 0, 0],
			"to": [16, 4, 1],
			"rotation": {"angle": 0, "axis": "y", "origin": [14, 8, 8]},
			"faces": {
				"north": {"uv": [0, 12, 1, 16], "texture": "#1", "cullface": "north"},
				"east": {"uv": [15, 12, 16, 16], "texture": "#3", "cullface": "east"},
				"west": {"uv": [0, 12, 1, 16], "texture": "#3", "cullface": "north"},
				"down": {"uv": [15, 15, 16, 16], "texture": "#0", "cullface": "down"}
			}
		},
		{
			"from": [5, 4, 0],
			"to": [16, 15, 1],
			"rotation": {"angle": 0, "axis": "y", "origin": [14, 13, 8]},
			"faces": {
				"north": {"uv": [0, 1, 11, 12], "texture": "#1", "cullface": "north"},
				"east": {"uv": [15, 1, 16, 12], "texture": "#3", "cullface": "east"},
				"west": {"uv": [0, 1, 1, 12], "texture": "#3", "cullface": "north"},
				"down": {"uv": [5, 15, 16, 16], "texture": "#3", "cullface": "north"}
			}
		},
		{
			"from": [0, 12, 0],
			"to": [5, 15, 1],
			"rotation": {"angle": 0, "axis": "y", "origin": [8, 13, 8]},
			"faces": {
				"north": {"uv": [11, 1, 16, 4], "texture": "#1", "cullface": "north"},
				"west": {"uv": [0, 1, 1, 4], "texture": "#3", "cullface": "west"},
				"down": {"uv": [0, 15, 5, 16], "texture": "#3", "cullface": "north"}
			}
		},
		{
			"from": [0, 9, 0],
			"to": [1, 12, 1],
			"rotation": {"angle": 0, "axis": "y", "origin": [8, 10, 8]},
			"faces": {
				"north": {"uv": [15, 4, 16, 7], "texture": "#1", "cullface": "north"},
				"east": {"uv": [15, 4, 16, 7], "texture": "#3", "cullface": "north"},
				"west": {"uv": [0, 4, 1, 7], "texture": "#3", "cullface": "west"}
			}
		},
		{
			"from": [0, 4, 0],
			"to": [5, 9, 1],
			"rotation": {"angle": 0, "axis": "y", "origin": [8, 13, 8]},
			"faces": {
				"north": {"uv": [11, 7, 16, 12], "texture": "#1", "cullface": "north"},
				"west": {"uv": [0, 7, 1, 12], "texture": "#3", "cullface": "west"},
				"up": {"uv": [3, 7, 8, 8], "texture": "#3", "cullface": "north"}
			}
		},
		{
			"from": [0, 0, 1],
			"to": [1, 15, 16],
			"rotation": {"angle": 0, "axis": "y", "origin": [8, 8, 9]},
			"faces": {
				"east": {"uv": [0, 1, 15, 16], "texture": "#3", "cullface": "north"},
				"south": {"uv": [0, 1, 1, 16], "texture": "#3", "cullface": "south"},
				"west": {"uv": [1, 1, 16, 16], "texture": "#3", "cullface": "west"},
				"down": {"uv": [0, 0, 1, 15], "texture": "#0", "cullface": "down"}
			}
		},
		{
			"from": [15, 0, 1],
			"to": [16, 15, 16],
			"rotation": {"angle": 0, "axis": "y", "origin": [23, 8, 9]},
			"faces": {
				"east": {"uv": [0, 1, 15, 16], "texture": "#3", "cullface": "east"},
				"south": {"uv": [15, 1, 16, 16], "texture": "#3", "cullface": "south"},
				"west": {"uv": [1, 1, 16, 16], "texture": "#3", "cullface": "north"},
				"down": {"uv": [15, 0, 16, 15], "texture": "#0", "cullface": "down"}
			}
		},
		{
			"from": [1, 0, 15],
			"to": [15, 15, 16],
			"rotation": {"angle": 0, "axis": "y", "origin": [9, 8, 23]},
			"faces": {
				"north": {"uv": [1, 1, 15, 16], "texture": "#3", "cullface": "north"},
				"south": {"uv": [1, 1, 15, 16], "texture": "#3", "cullface": "south"},
				"down": {"uv": [1, 0, 15, 1], "texture": "#0", "cullface": "down"}
			}
		},
		{
			"from": [1, 0, 1],
			"to": [15, 1, 15],
			"rotation": {"angle": 0, "axis": "y", "origin": [9, 8, 9]},
			"faces": {
				"up": {"uv": [1, 1, 15, 15], "texture": "#3", "cullface": "north"},
				"down": {"uv": [1, 1, 15, 15], "texture": "#0", "cullface": "down"}
			}
		},
		{
			"from": [1, 14, 1],
			"to": [15, 15, 15],
			"rotation": {"angle": 0, "axis": "y", "origin": [9, 22, 9]},
			"faces": {
				"down": {"uv": [1, 1, 15, 15], "texture": "#3", "cullface": "north"}
			}
		}
	],
	"display": {
		"thirdperson_righthand": {
			"rotation": [75, 45, 0],
			"translation": [0, 2.5, 0],
			"scale": [0.375, 0.375, 0.375]
		},
		"thirdperson_lefthand": {
			"rotation": [75, 45, 0],
			"translation": [0, 2.5, 0],
			"scale": [0.375, 0.375, 0.375]
		},
		"firstperson_righthand": {
			"rotation": [0, 45, 0],
			"scale": [0.4, 0.4, 0.4]
		},
		"firstperson_lefthand": {
			"rotation": [0, 225, 0],
			"scale": [0.4, 0.4, 0.4]
		},
		"ground": {
			"translation": [0, 3, 0],
			"scale": [0.25, 0.25, 0.25]
		},
		"gui": {
			"rotation": [30, 225, 0],
			"scale": [0.625, 0.625, 0.625]
		},
		"fixed": {
			"scale": [0.5, 0.5, 0.5]
		}
	},
	"groups": [
		{
			"name": "2",
			"origin": [7, 23, 27],
			"color": 0,
			"children": [0, 1, 2, 3, 4, 5, 6, 7, 8, 9, 10, 11, 12, 13, 14, 15, 16, 17, 18, 19, 20]
		},
		{
			"name": "1",
			"origin": [8, 8, 8],
			"color": 0,
			"children": [21, 22, 23, 24, 25, 26, 27, 28, 29, 30, 31, 32]
		}
	]
}