{
	"credit": "Made with Blockbench",
	"textures": {
		"0": "block/beehive_end",
		"1": "block/beehive_front",
		"3": "block/beehive_side",
		"particle": "block/beehive_end"
	},
	"elements": [
		{
			"from": [0, 0, 0],
			"to": [16, 1, 1],
			"rotation": {"angle": 0, "axis": "y", "origin": [23, 8, 8]},
			"faces": {
				"north": {"uv": [0, 15, 16, 16], "texture": "#1", "cullface": "north"},
				"east": {"uv": [15, 15, 16, 16], "texture": "#3", "cullface": "east"},
				"south": {"uv": [0, 15, 16, 16], "texture": "#3", "cullface": "down"},
				"west": {"uv": [0, 15, 1, 16], "texture": "#3", "cullface": "west"},
				"up": {"uv": [0, 15, 16, 16], "texture": "#1", "cullface": "north"},
				"down": {"uv": [0, 15, 16, 16], "texture": "#0", "cullface": "down"}
			}
		},
		{
			"from": [15, 1, 0],
			"to": [16, 13, 1],
			"rotation": {"angle": 0, "axis": "y", "origin": [23, 9, 8]},
			"faces": {
				"north": {"uv": [0, 3, 1, 15], "texture": "#1", "cullface": "north"},
				"east": {"uv": [15, 3, 16, 15], "texture": "#3", "cullface": "east"},
				"south": {"uv": [15, 3, 16, 15], "texture": "#3", "cullface": "east"},
				"west": {"uv": [0, 3, 1, 15], "texture": "#3", "cullface": "north"}
			}
		},
		{
			"from": [0, 1, 0],
			"to": [1, 13, 1],
			"rotation": {"angle": 0, "axis": "y", "origin": [8, 9, 8]},
			"faces": {
				"north": {"uv": [15, 3, 16, 15], "texture": "#1", "cullface": "north"},
				"east": {"uv": [15, 3, 16, 15], "texture": "#3", "cullface": "north"},
				"south": {"uv": [0, 3, 1, 15], "texture": "#3", "cullface": "west"},
				"west": {"uv": [0, 3, 1, 15], "texture": "#3", "cullface": "west"}
			}
		},
		{
			"from": [1, 12, 0],
			"to": [15, 13, 1],
			"rotation": {"angle": 0, "axis": "y", "origin": [9, 9, 8]},
			"faces": {
				"north": {"uv": [1, 3, 15, 4], "texture": "#1", "cullface": "north"},
				"down": {"uv": [1, 15, 15, 16], "texture": "#1", "cullface": "north"}
			}
		},
		{
			"name": "b",
			"from": [-0.5, 12.5, -0.5],
			"to": [16.5, 16.5, 16.5],
			"rotation": {"angle": 0, "axis": "y", "origin": [23, 21, 8]},
			"faces": {
				"north": {"uv": [0, 0, 16, 3], "texture": "#1"},
				"east": {"uv": [0, 0, 16, 3], "texture": "#3"},
				"south": {"uv": [0, 0, 16, 3], "texture": "#3"},
				"west": {"uv": [0, 0, 16, 3], "texture": "#3"},
				"up": {"uv": [0, 0, 16, 16], "texture": "#0"},
				"down": {"uv": [0, 0, 16, 16], "texture": "#0"}
			}
		},
		{
			"from": [0, 0, 15],
			"to": [16, 1, 16],
			"rotation": {"angle": 0, "axis": "y", "origin": [23, 8, 23]},
			"faces": {
				"north": {"uv": [0, 15, 16, 16], "texture": "#1", "cullface": "down"},
				"east": {"uv": [0, 15, 1, 16], "texture": "#3", "cullface": "east"},
				"south": {"uv": [0, 15, 16, 16], "texture": "#3", "cullface": "south"},
				"west": {"uv": [15, 15, 16, 16], "texture": "#3", "cullface": "west"},
				"up": {"uv": [0, 15, 16, 16], "texture": "#3", "cullface": "south"},
				"down": {"uv": [0, 0, 16, 1], "texture": "#0", "cullface": "down"}
			}
		},
		{
			"from": [15, 1, 15],
			"to": [16, 13, 16],
			"rotation": {"angle": 0, "axis": "y", "origin": [23, 9, 23]},
			"faces": {
				"north": {"uv": [0, 3, 1, 15], "texture": "#1", "cullface": "east"},
				"east": {"uv": [0, 3, 1, 15], "texture": "#3", "cullface": "east"},
				"south": {"uv": [15, 3, 16, 15], "texture": "#3", "cullface": "south"},
				"west": {"uv": [15, 3, 16, 15], "texture": "#3", "cullface": "south"}
			}
		},
		{
			"from": [0, 1, 15],
			"to": [1, 13, 16],
			"rotation": {"angle": 0, "axis": "y", "origin": [8, 9, 23]},
			"faces": {
				"north": {"uv": [15, 3, 16, 15], "texture": "#1", "cullface": "west"},
				"east": {"uv": [0, 3, 1, 15], "texture": "#3", "cullface": "south"},
				"south": {"uv": [0, 3, 1, 15], "texture": "#3", "cullface": "south"},
				"west": {"uv": [15, 3, 16, 15], "texture": "#3", "cullface": "west"}
			}
		},
		{
			"from": [1, 12, 15],
			"to": [15, 13, 16],
			"rotation": {"angle": 0, "axis": "y", "origin": [9, 9, 23]},
			"faces": {
				"south": {"uv": [1, 3, 15, 4], "texture": "#3", "cullface": "south"},
				"down": {"uv": [1, 3, 15, 4], "texture": "#3", "cullface": "south"}
			}
		},
		{
			"from": [0, 0, 1],
			"to": [1, 1, 15],
			"rotation": {"angle": 0, "axis": "y", "origin": [8, 8, 9]},
			"faces": {
				"east": {"uv": [1, 15, 15, 16], "texture": "#3", "cullface": "down"},
				"west": {"uv": [1, 15, 15, 16], "texture": "#3", "cullface": "west"},
				"up": {"uv": [1, 15, 15, 16], "rotation": 90, "texture": "#3", "cullface": "west"},
				"down": {"uv": [0, 1, 1, 15], "texture": "#0", "cullface": "down"}
			}
		},
		{
			"from": [0, 12, 1],
			"to": [1, 13, 15],
			"rotation": {"angle": 0, "axis": "y", "origin": [8, 20, 9]},
			"faces": {
				"west": {"uv": [1, 3, 15, 4], "texture": "#3", "cullface": "west"},
				"down": {"uv": [15, 3, 1, 4], "rotation": 90, "texture": "#3", "cullface": "west"}
			}
		},
		{
			"from": [15, 12, 1],
			"to": [16, 13, 15],
			"rotation": {"angle": 0, "axis": "y", "origin": [23, 20, 9]},
			"faces": {
				"east": {"uv": [1, 3, 15, 4], "texture": "#3", "cullface": "east"},
				"down": {"uv": [1, 3, 15, 4], "rotation": 90, "texture": "#3", "cullface": "east"}
			}
		},
		{
			"from": [15, 0, 1],
			"to": [16, 1, 15],
			"rotation": {"angle": 0, "axis": "y", "origin": [23, 8, 9]},
			"faces": {
				"east": {"uv": [1, 15, 15, 16], "texture": "#3", "cullface": "east"},
				"west": {"uv": [1, 15, 15, 16], "texture": "#3", "cullface": "down"},
				"up": {"uv": [1, 15, 15, 16], "rotation": 90, "texture": "#3", "cullface": "east"},
				"down": {"uv": [15, 1, 16, 15], "texture": "#0", "cullface": "down"}
			}
		},
		{
			"from": [1, 1, 1],
			"to": [15, 5, 2],
			"rotation": {"angle": 0, "axis": "y", "origin": [9, 9, 9]},
			"faces": {
				"north": {"uv": [1, 11, 15, 15], "texture": "#1", "cullface": "north"},
				"east": {"uv": [14, 11, 15, 15], "texture": "#3", "cullface": "east"},
				"south": {"uv": [1, 11, 15, 15], "texture": "#1", "cullface": "north"},
				"west": {"uv": [1, 11, 2, 15], "texture": "#3", "cullface": "west"},
				"up": {"uv": [1, 11, 15, 12], "texture": "#1", "cullface": "north"}
			}
		},
		{
			"from": [1, 6, 1],
			"to": [15, 12, 2],
			"rotation": {"angle": 0, "axis": "y", "origin": [9, 14, 9]},
			"faces": {
				"north": {"uv": [1, 4, 15, 10], "texture": "#1", "cullface": "north"},
				"east": {"uv": [14, 4, 15, 10], "texture": "#3", "cullface": "east"},
				"south": {"uv": [1, 4, 15, 10], "texture": "#1", "cullface": "north"},
				"west": {"uv": [1, 4, 2, 10], "texture": "#3", "cullface": "west"},
				"down": {"uv": [1, 9, 15, 10], "texture": "#1", "cullface": "north"}
			}
		},
		{
			"from": [11, 5, 0.5],
			"to": [15, 6, 2],
			"rotation": {"angle": 0, "axis": "y", "origin": [9, 13, 9]},
			"faces": {
				"north": {"uv": [1, 10, 5, 11], "texture": "#1", "cullface": "north"},
				"south": {"uv": [11, 10, 15, 11], "texture": "#3", "cullface": "north"},
				"west": {"uv": [4, 10, 5, 11], "texture": "#1", "cullface": "north"},
				"up": {"uv": [11, 1, 15, 2], "texture": "#3", "cullface": "north"},
				"down": {"uv": [11, 14, 15, 15], "texture": "#3", "cullface": "north"}
			}
		},
		{
			"from": [1, 5, 0.5],
			"to": [5, 6, 2],
			"rotation": {"angle": 0, "axis": "y", "origin": [-1, 13, 9]},
			"faces": {
				"north": {"uv": [11, 10, 15, 11], "texture": "#1", "cullface": "north"},
				"east": {"uv": [11, 10, 12, 11], "texture": "#1", "cullface": "north"},
				"south": {"uv": [1, 10, 5, 11], "texture": "#3", "cullface": "north"},
				"up": {"uv": [1, 1, 5, 2], "texture": "#3", "cullface": "north"},
				"down": {"uv": [1, 14, 5, 15], "texture": "#3", "cullface": "north"}
			}
		},
		{
			"from": [1, 1, 0.5],
			"to": [8, 4, 1],
			"rotation": {"angle": 0, "axis": "y", "origin": [9, 9, 8]},
			"faces": {
				"north": {"uv": [8, 12, 15, 15], "texture": "#1", "cullface": "north"},
				"east": {"uv": [15, 12, 15.5, 15], "texture": "#1", "cullface": "north"},
				"up": {"uv": [1, 0.5, 8, 1], "texture": "#1", "cullface": "north"}
			}
		},
		{
			"from": [1, 7, 0.5],
			"to": [3, 10, 1],
			"rotation": {"angle": 0, "axis": "y", "origin": [9, 15, 8]},
			"faces": {
				"north": {"uv": [13, 6, 15, 9], "texture": "#1", "cullface": "north"},
				"east": {"uv": [15, 6, 15.5, 9], "texture": "#1", "cullface": "north"},
				"up": {"uv": [1, 0.5, 3, 1], "texture": "#1", "cullface": "north"},
				"down": {"uv": [1, 15, 3, 15.5], "texture": "#1", "cullface": "north"}
			}
		},
		{
			"from": [13, 7, 0.5],
			"to": [15, 10, 1],
			"rotation": {"angle": 0, "axis": "y", "origin": [21, 15, 8]},
			"faces": {
				"north": {"uv": [1, 6, 3, 9], "texture": "#1", "cullface": "north"},
				"west": {"uv": [0.5, 6, 1, 9], "texture": "#1", "cullface": "north"},
				"up": {"uv": [13, 0.5, 15, 1], "texture": "#1", "cullface": "north"},
				"down": {"uv": [13, 15, 15, 15.5], "texture": "#1", "cullface": "north"}
			}
		},
		{
			"from": [4, 7, 0.5],
			"to": [12, 10, 1],
			"rotation": {"angle": 0, "axis": "y", "origin": [18, 15, 8]},
			"faces": {
				"north": {"uv": [4, 6, 12, 9], "texture": "#1", "cullface": "north"},
				"east": {"uv": [15, 6, 15.5, 9], "texture": "#1", "cullface": "north"},
				"west": {"uv": [0.5, 6, 1, 9], "texture": "#1", "cullface": "north"},
				"up": {"uv": [4, 0.5, 12, 1], "texture": "#1", "cullface": "north"},
				"down": {"uv": [4, 15, 12, 15.5], "texture": "#1", "cullface": "north"}
			}
		},
		{
			"from": [9, 1, 0.5],
			"to": [15, 4, 1],
			"rotation": {"angle": 0, "axis": "y", "origin": [16, 9, 8]},
			"faces": {
				"north": {"uv": [1, 12, 7, 15], "texture": "#1", "cullface": "north"},
				"west": {"uv": [0.5, 12, 1, 15], "texture": "#1", "cullface": "north"},
				"up": {"uv": [9, 0.5, 15, 1], "texture": "#1", "cullface": "north"}
			}
		},
		{
			"from": [0.5, 1, 1],
			"to": [1, 4, 7],
			"rotation": {"angle": 0, "axis": "y", "origin": [8, 9, 9]},
			"faces": {
				"south": {"uv": [0.5, 12, 1, 15], "texture": "#3", "cullface": "west"},
				"west": {"uv": [1, 12, 7, 15], "texture": "#3", "cullface": "west"},
				"up": {"uv": [0.5, 1, 1, 7], "texture": "#3", "cullface": "west"}
			}
		},
		{
			"from": [0.5, 1, 8],
			"to": [1, 4, 15],
			"rotation": {"angle": 0, "axis": "y", "origin": [8, 9, 17]},
			"faces": {
				"north": {"uv": [15, 12, 15.5, 15], "texture": "#3", "cullface": "west"},
				"west": {"uv": [8, 12, 15, 15], "texture": "#3", "cullface": "west"},
				"up": {"uv": [0.5, 8, 1, 15], "texture": "#3", "cullface": "west"}
			}
		},
		{
			"from": [0.5, 5, 4],
			"to": [1, 8, 12],
			"rotation": {"angle": 0, "axis": "y", "origin": [8, 13, 14]},
			"faces": {
				"north": {"uv": [15, 8, 15.5, 11], "texture": "#3", "cullface": "west"},
				"south": {"uv": [0.5, 8, 1, 11], "texture": "#3", "cullface": "west"},
				"west": {"uv": [4, 8, 12, 11], "texture": "#3", "cullface": "west"},
				"up": {"uv": [0.5, 4, 1, 12], "texture": "#3", "cullface": "west"},
				"down": {"uv": [0.5, 4, 1, 12], "texture": "#3", "cullface": "west"}
			}
		},
		{
			"from": [0.5, 5, 13],
			"to": [1, 8, 15],
			"rotation": {"angle": 0, "axis": "y", "origin": [8, 13, 17]},
			"faces": {
				"north": {"uv": [15, 8, 15.5, 11], "texture": "#3", "cullface": "west"},
				"west": {"uv": [13, 8, 15, 11], "texture": "#3", "cullface": "west"},
				"up": {"uv": [0.5, 13, 1, 15], "texture": "#3", "cullface": "west"},
				"down": {"uv": [0.5, 1, 1, 3], "texture": "#3", "cullface": "west"}
			}
		},
		{
			"from": [0.5, 5, 1],
			"to": [1, 8, 3],
			"rotation": {"angle": 0, "axis": "y", "origin": [8, 13, 5]},
			"faces": {
				"south": {"uv": [0.5, 8, 1, 11], "texture": "#3", "cullface": "west"},
				"west": {"uv": [1, 8, 3, 11], "texture": "#3", "cullface": "west"},
				"up": {"uv": [0.5, 1, 1, 3], "texture": "#3", "cullface": "west"},
				"down": {"uv": [0.5, 13, 1, 15], "texture": "#3", "cullface": "west"}
			}
		},
		{
			"from": [0.5, 9, 1],
			"to": [1, 10, 7],
			"rotation": {"angle": 0, "axis": "y", "origin": [8, 15, 5]},
			"faces": {
				"south": {"uv": [0.5, 6, 1, 7], "texture": "#3", "cullface": "west"},
				"west": {"uv": [1, 6, 7, 7], "texture": "#3", "cullface": "west"},
				"up": {"uv": [0.5, 1, 1, 7], "texture": "#3", "cullface": "west"},
				"down": {"uv": [0.5, 9, 1, 15], "texture": "#3", "cullface": "west"}
			}
		},
		{
			"from": [0.5, 9, 8],
			"to": [1, 10, 15],
			"rotation": {"angle": 0, "axis": "y", "origin": [8, 15, 13]},
			"faces": {
				"north": {"uv": [15, 6, 15.5, 7], "texture": "#3", "cullface": "west"},
				"west": {"uv": [8, 6, 15, 7], "texture": "#3", "cullface": "west"},
				"up": {"uv": [0.5, 8, 1, 15], "texture": "#3", "cullface": "west"},
				"down": {"uv": [0.5, 1, 1, 8], "texture": "#3", "cullface": "west"}
			}
		},
		{
			"from": [1, 1, 15],
			"to": [7, 4, 15.5],
			"rotation": {"angle": 0, "axis": "y", "origin": [9, 9, 23]},
			"faces": {
				"east": {"uv": [0.5, 12, 1, 15], "texture": "#3", "cullface": "south"},
				"south": {"uv": [1, 12, 7, 15], "texture": "#3", "cullface": "south"},
				"up": {"uv": [1, 15, 7, 15.5], "texture": "#3", "cullface": "south"}
			}
		},
		{
			"from": [8, 1, 15],
			"to": [15, 4, 15.5],
			"rotation": {"angle": 0, "axis": "y", "origin": [17, 9, 23]},
			"faces": {
				"south": {"uv": [8, 12, 15, 15], "texture": "#3", "cullface": "south"},
				"west": {"uv": [15, 12, 15.5, 15], "texture": "#3", "cullface": "south"},
				"up": {"uv": [8, 15, 15, 15.5], "texture": "#3", "cullface": "south"}
			}
		},
		{
			"from": [4, 5, 15],
			"to": [12, 8, 15.5],
			"rotation": {"angle": 0, "axis": "y", "origin": [14, 13, 23]},
			"faces": {
				"east": {"uv": [0.5, 8, 1, 11], "texture": "#3", "cullface": "south"},
				"south": {"uv": [4, 8, 12, 11], "texture": "#3", "cullface": "south"},
				"west": {"uv": [15, 8, 15.5, 11], "texture": "#3", "cullface": "south"},
				"up": {"uv": [4, 15, 12, 15.5], "texture": "#3", "cullface": "south"},
				"down": {"uv": [4, 0.5, 12, 1], "texture": "#3", "cullface": "south"}
			}
		},
		{
			"from": [1, 5, 15],
			"to": [3, 8, 15.5],
			"rotation": {"angle": 0, "axis": "y", "origin": [11, 13, 23]},
			"faces": {
				"east": {"uv": [0.5, 8, 1, 11], "texture": "#3", "cullface": "south"},
				"south": {"uv": [1, 8, 3, 11], "texture": "#3", "cullface": "south"},
				"up": {"uv": [1, 15, 3, 15.5], "texture": "#3", "cullface": "south"},
				"down": {"uv": [1, 0.5, 3, 1], "texture": "#3", "cullface": "south"}
			}
		},
		{
			"from": [13, 5, 15],
			"to": [15, 8, 15.5],
			"rotation": {"angle": 0, "axis": "y", "origin": [23, 13, 23]},
			"faces": {
				"south": {"uv": [13, 8, 15, 11], "texture": "#3", "cullface": "south"},
				"west": {"uv": [15, 8, 15.5, 11], "texture": "#3", "cullface": "south"},
				"up": {"uv": [13, 15, 15, 15.5], "texture": "#3", "cullface": "south"},
				"down": {"uv": [13, 0.5, 15, 1], "texture": "#3", "cullface": "south"}
			}
		},
		{
			"from": [8, 9, 15],
			"to": [15, 10, 15.5],
			"rotation": {"angle": 0, "axis": "y", "origin": [23, 15, 23]},
			"faces": {
				"south": {"uv": [8, 6, 15, 7], "texture": "#3", "cullface": "south"},
				"west": {"uv": [15, 6, 15.5, 7], "texture": "#3", "cullface": "south"},
				"up": {"uv": [8, 15, 15, 15.5], "texture": "#3", "cullface": "south"},
				"down": {"uv": [8, 0.5, 15, 1], "texture": "#3", "cullface": "south"}
			}
		},
		{
			"from": [1, 9, 15],
			"to": [7, 10, 15.5],
			"rotation": {"angle": 0, "axis": "y", "origin": [16, 15, 23]},
			"faces": {
				"east": {"uv": [0.5, 6, 1, 7], "texture": "#3", "cullface": "south"},
				"south": {"uv": [1, 6, 7, 7], "texture": "#3", "cullface": "south"},
				"up": {"uv": [1, 15, 7, 15.5], "texture": "#3", "cullface": "south"},
				"down": {"uv": [1, 0.5, 7, 1], "texture": "#3", "cullface": "south"}
			}
		},
		{
			"from": [15, 1, 1],
			"to": [15.5, 4, 8],
			"rotation": {"angle": 0, "axis": "y", "origin": [23, 9, 9]},
			"faces": {
				"east": {"uv": [8, 12, 15, 15], "texture": "#3", "cullface": "east"},
				"south": {"uv": [15, 12, 15.5, 15], "texture": "#3", "cullface": "east"},
				"up": {"uv": [15, 1, 15.5, 8], "texture": "#3", "cullface": "east"}
			}
		},
		{
			"from": [15, 1, 9],
			"to": [15.5, 4, 15],
			"rotation": {"angle": 0, "axis": "y", "origin": [23, 9, 16]},
			"faces": {
				"north": {"uv": [0.5, 12, 1, 15], "texture": "#3", "cullface": "east"},
				"east": {"uv": [1, 12, 7, 15], "texture": "#3", "cullface": "east"},
				"up": {"uv": [15, 9, 15.5, 15], "texture": "#3", "cullface": "east"}
			}
		},
		{
			"from": [15, 5, 13],
			"to": [15.5, 8, 15],
			"rotation": {"angle": 0, "axis": "y", "origin": [23, 13, 16]},
			"faces": {
				"north": {"uv": [0.5, 8, 1, 11], "texture": "#3", "cullface": "east"},
				"east": {"uv": [1, 8, 3, 11], "texture": "#3", "cullface": "east"},
				"up": {"uv": [15, 13, 15.5, 15], "texture": "#3", "cullface": "east"},
				"down": {"uv": [15, 1, 15.5, 3], "texture": "#3", "cullface": "east"}
			}
		},
		{
			"from": [15, 5, 1],
			"to": [15.5, 8, 3],
			"rotation": {"angle": 0, "axis": "y", "origin": [23, 13, 4]},
			"faces": {
				"east": {"uv": [13, 8, 15, 11], "texture": "#3", "cullface": "east"},
				"south": {"uv": [15, 8, 15.5, 11], "texture": "#3", "cullface": "east"},
				"up": {"uv": [15, 1, 15.5, 3], "texture": "#3", "cullface": "east"},
				"down": {"uv": [15, 13, 15.5, 15], "texture": "#3", "cullface": "east"}
			}
		},
		{
			"from": [15, 5, 4],
			"to": [15.5, 8, 12],
			"rotation": {"angle": 0, "axis": "y", "origin": [23, 13, 7]},
			"faces": {
				"north": {"uv": [0.5, 8, 1, 11], "texture": "#3", "cullface": "east"},
				"east": {"uv": [4, 8, 12, 11], "texture": "#3", "cullface": "east"},
				"south": {"uv": [15, 8, 15.5, 11], "texture": "#3", "cullface": "east"},
				"up": {"uv": [15, 4, 15.5, 12], "texture": "#3", "cullface": "east"},
				"down": {"uv": [15, 4, 15.5, 12], "texture": "#3", "cullface": "east"}
			}
		},
		{
			"from": [15, 9, 9],
			"to": [15.5, 10, 15],
			"rotation": {"angle": 0, "axis": "y", "origin": [23, 15, 10]},
			"faces": {
				"north": {"uv": [0.5, 6, 1, 7], "texture": "#3", "cullface": "east"},
				"east": {"uv": [1, 6, 7, 7], "texture": "#3", "cullface": "east"},
				"up": {"uv": [15, 9, 15.5, 15], "texture": "#3", "cullface": "east"},
				"down": {"uv": [15, 1, 15.5, 7], "texture": "#3", "cullface": "east"}
			}
		},
		{
			"from": [15, 9, 1],
			"to": [15.5, 10, 8],
			"rotation": {"angle": 0, "axis": "y", "origin": [23, 15, 2]},
			"faces": {
				"east": {"uv": [8, 6, 15, 7], "texture": "#3", "cullface": "east"},
				"south": {"uv": [15, 6, 15.5, 7], "texture": "#3", "cullface": "east"},
				"up": {"uv": [15, 1, 15.5, 8], "texture": "#3", "cullface": "east"},
				"down": {"uv": [15, 8, 15.5, 15], "texture": "#3", "cullface": "east"}
			}
		},
		{
			"from": [1, 0.5, 1],
			"to": [15, 1, 5],
			"rotation": {"angle": 0, "axis": "y", "origin": [9, 8, 9]},
			"faces": {
				"south": {"uv": [1, 15, 15, 15.5], "texture": "#0", "cullface": "down"},
				"down": {"uv": [1, 11, 15, 15], "texture": "#0", "cullface": "down"}
			}
		},
		{
			"from": [1, 0.5, 6],
			"to": [15, 1, 10],
			"rotation": {"angle": 0, "axis": "y", "origin": [9, 8, 14]},
			"faces": {
				"north": {"uv": [1, 15, 15, 15.5], "texture": "#0", "cullface": "down"},
				"south": {"uv": [1, 15, 15, 15.5], "texture": "#0", "cullface": "down"},
				"down": {"uv": [1, 6, 15, 10], "texture": "#0", "cullface": "down"}
			}
		},
		{
			"from": [1, 0.5, 11],
			"to": [15, 1, 15],
			"rotation": {"angle": 0, "axis": "y", "origin": [9, 8, 19]},
			"faces": {
				"north": {"uv": [1, 15, 15, 15.5], "texture": "#0", "cullface": "down"},
				"down": {"uv": [1, 1, 15, 5], "texture": "#0", "cullface": "down"}
			}
		},
		{
			"from": [5, 5, 2],
			"to": [6, 6, 3],
			"rotation": {"angle": 0, "axis": "y", "origin": [9, 10, 10]},
			"faces": {
				"north": {"uv": [10, 10, 11, 11], "texture": "#1", "cullface": "north"},
				"east": {"uv": [10, 10, 11, 11], "texture": "#1", "cullface": "north"},
				"west": {"uv": [10, 10, 11, 11], "texture": "#1", "cullface": "north"},
				"up": {"uv": [10, 10, 11, 11], "texture": "#1", "cullface": "north"},
				"down": {"uv": [10, 10, 11, 11], "texture": "#1", "cullface": "north"}
			}
		},
		{
			"from": [10, 5, 2],
			"to": [11, 6, 3],
			"rotation": {"angle": 0, "axis": "y", "origin": [14, 10, 10]},
			"faces": {
				"north": {"uv": [5, 10, 6, 11], "texture": "#1", "cullface": "north"},
				"east": {"uv": [5, 10, 6, 11], "texture": "#1", "cullface": "north"},
				"west": {"uv": [5, 10, 6, 11], "texture": "#1", "cullface": "north"},
				"up": {"uv": [5, 10, 6, 11], "texture": "#1", "cullface": "north"},
				"down": {"uv": [5, 10, 6, 11], "texture": "#1", "cullface": "north"}
			}
		},
		{
			"from": [1, 1, 2],
			"to": [2, 12, 15],
			"rotation": {"angle": 0, "axis": "y", "origin": [9, 9, 10]},
			"faces": {
				"east": {"uv": [6, 10, 10, 11], "texture": "#1", "cullface": "north"},
				"south": {"uv": [1, 4, 2, 15], "texture": "#3", "cullface": "south"},
				"west": {"uv": [2, 4, 15, 15], "texture": "#3", "cullface": "west"},
				"down": {"uv": [1, 1, 2, 14], "texture": "#0", "cullface": "down"}
			}
		},
		{
			"from": [14, 1, 2],
			"to": [15, 12, 15],
			"rotation": {"angle": 0, "axis": "y", "origin": [22, 9, 10]},
			"faces": {
				"east": {"uv": [1, 4, 14, 15], "texture": "#3", "cullface": "east"},
				"south": {"uv": [14, 4, 15, 15], "texture": "#3", "cullface": "south"},
				"west": {"uv": [6, 10, 10, 11], "texture": "#1", "cullface": "north"},
				"down": {"uv": [14, 1, 15, 14], "texture": "#0", "cullface": "down"}
			}
		},
		{
			"from": [2, 1, 14],
			"to": [14, 12, 15],
			"rotation": {"angle": 0, "axis": "y", "origin": [21, 9, 10]},
			"faces": {
				"north": {"uv": [6, 10, 10, 11], "texture": "#1", "cullface": "north"},
				"south": {"uv": [2, 4, 14, 15], "texture": "#3", "cullface": "south"}
			}
		},
		{
			"from": [2, 1, 2],
			"to": [14, 2, 14],
			"rotation": {"angle": 0, "axis": "y", "origin": [10, 9, 10]},
			"faces": {
				"up": {"uv": [6, 10, 10, 11], "texture": "#1", "cullface": "north"},
				"down": {"uv": [2, 2, 14, 14], "texture": "#0", "cullface": "down"}
			}
		}
	],
	"display": {
		"thirdperson_righthand": {
			"rotation": [75, 45, 0],
			"translation": [0, 2.5, 0],
			"scale": [0.375, 0.375, 0.375]
		},
		"thirdperson_lefthand": {
			"rotation": [75, 45, 0],
			"translation": [0, 2.5, 0],
			"scale": [0.375, 0.375, 0.375]
		},
		"firstperson_righthand": {
			"rotation": [0, 45, 0],
			"scale": [0.4, 0.4, 0.4]
		},
		"firstperson_lefthand": {
			"rotation": [0, 225, 0],
			"scale": [0.4, 0.4, 0.4]
		},
		"ground": {
			"translation": [0, 3, 0],
			"scale": [0.25, 0.25, 0.25]
		},
		"gui": {
			"rotation": [30, 225, 0],
			"scale": [0.625, 0.625, 0.625]
		},
		"fixed": {
			"scale": [0.5, 0.5, 0.5]
		}
	},
	"groups": [
		{
			"name": "1",
			"origin": [6, 8, 8],
			"color": 0,
			"children": [0, 1, 2, 3]
		},
		4,
		{
			"name": "2",
			"origin": [6, 8, 8],
			"color": 0,
			"children": [5, 6, 7, 8, 9, 10, 11, 12]
		},
		{
			"name": "3",
			"origin": [8, 8, 8],
			"color": 0,
			"children": [13, 14, 15, 16]
		},
		{
			"name": "4",
			"origin": [8, 8, 8],
			"color": 0,
			"children": [17, 18, 19, 20, 21, 22, 23, 24, 25, 26, 27, 28, 29, 30, 31, 32, 33, 34, 35, 36, 37, 38, 39, 40, 41, 42, 43, 44, 45]
		},
		{
			"name": "a",
			"origin": [8, 8, 8],
			"color": 0,
			"children": [46, 47, 48, 49, 50, 51]
		}
	]
}