{
	"credit": "Made with Blockbench",
	"parent": "minecraft:block/cube_all",
	"textures": {
		"particle": "block/chiseled_deepslate",
		"all": "block/chiseled_deepslate"
	},
	"elements": [
		{
			"name": "inner",
			"from": [1, 1, 1],
			"to": [15, 15, 15],
			"faces": {
				"north": {"uv": [1, 1, 15, 15], "texture": "#all", "cullface": "north"},
				"east": {"uv": [1, 1, 15, 15], "texture": "#all", "cullface": "east"},
				"south": {"uv": [1, 1, 15, 15], "texture": "#all", "cullface": "south"},
				"west": {"uv": [1, 1, 15, 15], "texture": "#all", "cullface": "west"},
				"up": {"uv": [1, 1, 15, 15], "texture": "#all", "cullface": "up"},
				"down": {"uv": [1, 1, 15, 15], "texture": "#all", "cullface": "down"}
			}
		},
		{
			"from": [0, 0, 0],
			"to": [16, 1, 1],
			"faces": {
				"north": {"uv": [0, 15, 16, 16], "texture": "#all", "cullface": "north"},
				"east": {"uv": [15, 15, 16, 16], "texture": "#all", "cullface": "east"},
				"west": {"uv": [0, 15, 1, 16], "texture": "#all", "cullface": "west"},
				"down": {"uv": [0, 15, 16, 16], "texture": "#all", "cullface": "down"}
			}
		},
		{
			"from": [0, 15, 0],
			"to": [16, 16, 1],
			"faces": {
				"north": {"uv": [0, 0, 16, 1], "texture": "#all", "cullface": "north"},
				"east": {"uv": [15, 0, 16, 1], "texture": "#all", "cullface": "east"},
				"west": {"uv": [0, 0, 1, 1], "texture": "#all", "cullface": "west"},
				"up": {"uv": [0, 0, 16, 1], "texture": "#all", "cullface": "up"}
			}
		},
		{
			"from": [0, 15, 15],
			"to": [16, 16, 16],
			"faces": {
				"east": {"uv": [0, 0, 1, 1], "texture": "#all", "cullface": "east"},
				"south": {"uv": [0, 0, 16, 1], "texture": "#all", "cullface": "south"},
				"west": {"uv": [15, 0, 16, 1], "texture": "#all", "cullface": "west"},
				"up": {"uv": [0, 15, 16, 16], "texture": "#all", "cullface": "up"}
			}
		},
		{
			"from": [0, 0, 15],
			"to": [16, 1, 16],
			"faces": {
				"east": {"uv": [0, 15, 1, 16], "texture": "#all", "cullface": "east"},
				"south": {"uv": [0, 15, 16, 16], "texture": "#all", "cullface": "south"},
				"west": {"uv": [15, 15, 16, 16], "texture": "#all", "cullface": "west"},
				"down": {"uv": [0, 0, 16, 1], "texture": "#all", "cullface": "down"}
			}
		},
		{
			"from": [0, 1, 0],
			"to": [1, 15, 1],
			"faces": {
				"north": {"uv": [15, 1, 16, 15], "texture": "#all", "cullface": "north"},
				"east": {"uv": [15, 1, 16, 15], "texture": "#all", "cullface": "north"},
				"south": {"uv": [0, 1, 1, 15], "texture": "#all", "cullface": "west"},
				"west": {"uv": [0, 1, 1, 15], "texture": "#all", "cullface": "west"}
			}
		},
		{
			"from": [0, 1, 15],
			"to": [1, 15, 16],
			"faces": {
				"north": {"uv": [15, 1, 16, 15], "texture": "#all", "cullface": "west"},
				"east": {"uv": [0, 1, 1, 15], "texture": "#all", "cullface": "south"},
				"south": {"uv": [0, 1, 1, 15], "texture": "#all", "cullface": "south"},
				"west": {"uv": [15, 1, 16, 15], "texture": "#all", "cullface": "west"}
			}
		},
		{
			"from": [15, 1, 15],
			"to": [16, 15, 16],
			"faces": {
				"north": {"uv": [0, 1, 1, 15], "texture": "#all", "cullface": "east"},
				"east": {"uv": [0, 1, 1, 15], "texture": "#all", "cullface": "east"},
				"south": {"uv": [15, 1, 16, 15], "texture": "#all", "cullface": "south"},
				"west": {"uv": [15, 1, 16, 15], "texture": "#all", "cullface": "south"}
			}
		},
		{
			"from": [15, 1, 0],
			"to": [16, 15, 1],
			"faces": {
				"north": {"uv": [0, 1, 1, 15], "texture": "#all", "cullface": "north"},
				"east": {"uv": [15, 1, 16, 15], "texture": "#all", "cullface": "east"},
				"south": {"uv": [15, 1, 16, 15], "texture": "#all", "cullface": "east"},
				"west": {"uv": [0, 1, 1, 15], "texture": "#all", "cullface": "north"}
			}
		},
		{
			"from": [0, 0, 1],
			"to": [1, 1, 15],
			"faces": {
				"east": {"uv": [1, 15, 15, 16], "texture": "#all", "cullface": "down"},
				"west": {"uv": [1, 15, 15, 16], "texture": "#all", "cullface": "west"},
				"down": {"uv": [0, 1, 1, 15], "texture": "#all", "cullface": "down"}
			}
		},
		{
			"from": [0, 15, 1],
			"to": [1, 16, 15],
			"faces": {
				"east": {"uv": [1, 0, 15, 1], "texture": "#all", "cullface": "up"},
				"west": {"uv": [1, 0, 15, 1], "texture": "#all", "cullface": "west"},
				"up": {"uv": [0, 1, 1, 15], "texture": "#all", "cullface": "up"}
			}
		},
		{
			"from": [15, 15, 1],
			"to": [16, 16, 15],
			"faces": {
				"east": {"uv": [1, 0, 15, 1], "texture": "#all", "cullface": "east"},
				"west": {"uv": [1, 0, 15, 1], "texture": "#all", "cullface": "up"},
				"up": {"uv": [15, 1, 16, 15], "texture": "#all", "cullface": "up"}
			}
		},
		{
			"from": [15, 0, 1],
			"to": [16, 1, 15],
			"faces": {
				"east": {"uv": [1, 15, 15, 16], "texture": "#all", "cullface": "east"},
				"west": {"uv": [1, 15, 15, 16], "texture": "#all", "cullface": "down"},
				"down": {"uv": [15, 1, 16, 15], "texture": "#all", "cullface": "down"}
			}
		},
		{
			"from": [1, 1, 0],
			"to": [15, 5, 1],
			"faces": {
				"north": {"uv": [1, 11, 15, 15], "texture": "#all", "cullface": "north"},
				"up": {"uv": [1, 11, 15, 12], "texture": "#all", "cullface": "north"}
			}
		},
		{
			"from": [1, 5, 0],
			"to": [6, 10, 1],
			"faces": {
				"north": {"uv": [10, 6, 15, 11], "texture": "#all", "cullface": "north"},
				"east": {"uv": [10, 6, 11, 11], "texture": "#all", "cullface": "north"},
				"up": {"uv": [10, 6, 15, 7], "texture": "#all", "cullface": "north"}
			}
		},
		{
			"from": [10, 5, 0],
			"to": [15, 10, 1],
			"faces": {
				"north": {"uv": [1, 6, 6, 11], "texture": "#all", "cullface": "north"},
				"west": {"uv": [5, 6, 6, 11], "texture": "#all", "cullface": "north"},
				"up": {"uv": [1, 6, 6, 7], "texture": "#all", "cullface": "north"}
			}
		},
		{
			"from": [5, 10, 0],
			"to": [11, 12, 1],
			"faces": {
				"north": {"uv": [5, 4, 11, 6], "texture": "#all", "cullface": "north"},
				"east": {"uv": [5, 4, 6, 6], "texture": "#all", "cullface": "north"},
				"west": {"uv": [10, 4, 11, 6], "texture": "#all", "cullface": "north"},
				"down": {"uv": [5, 15, 11, 16], "texture": "#all", "cullface": "north"}
			}
		},
		{
			"from": [1, 12, 0],
			"to": [15, 15, 1],
			"faces": {
				"north": {"uv": [1, 1, 15, 4], "texture": "#all", "cullface": "north"},
				"down": {"uv": [1, 3, 15, 4], "texture": "#all", "cullface": "north"}
			}
		},
		{
			"from": [1, 0, 1],
			"to": [15, 1, 5],
			"faces": {
				"south": {"uv": [1, 11, 15, 12], "texture": "#all", "cullface": "down"},
				"down": {"uv": [1, 11, 15, 15], "texture": "#all", "cullface": "down"}
			}
		},
		{
			"from": [10, 0, 5],
			"to": [15, 1, 10],
			"faces": {
				"south": {"uv": [10, 6, 15, 7], "texture": "#all", "cullface": "down"},
				"west": {"uv": [10, 6, 11, 11], "rotation": 90, "texture": "#all", "cullface": "down"},
				"down": {"uv": [10, 6, 15, 11], "texture": "#all", "cullface": "down"}
			}
		},
		{
			"from": [1, 0, 5],
			"to": [6, 1, 10],
			"faces": {
				"east": {"uv": [5, 6, 6, 11], "rotation": 270, "texture": "#all", "cullface": "down"},
				"south": {"uv": [1, 6, 6, 7], "texture": "#all", "cullface": "down"},
				"down": {"uv": [1, 6, 6, 11], "texture": "#all", "cullface": "down"}
			}
		},
		{
			"from": [5, 0, 10],
			"to": [11, 1, 12],
			"faces": {
				"north": {"uv": [5, 5, 11, 6], "rotation": 180, "texture": "#all", "cullface": "down"},
				"east": {"uv": [10, 4, 11, 6], "rotation": 270, "texture": "#all", "cullface": "down"},
				"west": {"uv": [5, 4, 6, 6], "rotation": 90, "texture": "#all", "cullface": "down"},
				"down": {"uv": [5, 4, 11, 6], "texture": "#all", "cullface": "down"}
			}
		},
		{
			"from": [1, 0, 12],
			"to": [15, 1, 15],
			"faces": {
				"north": {"uv": [1, 3, 15, 4], "rotation": 180, "texture": "#all", "cullface": "down"},
				"down": {"uv": [1, 1, 15, 4], "texture": "#all", "cullface": "down"}
			}
		},
		{
			"from": [1, 15, 11],
			"to": [15, 16, 15],
			"faces": {
				"north": {"uv": [1, 11, 15, 12], "texture": "#all", "cullface": "up"},
				"up": {"uv": [1, 11, 15, 15], "texture": "#all", "cullface": "up"}
			}
		},
		{
			"from": [1, 15, 6],
			"to": [6, 16, 11],
			"faces": {
				"north": {"uv": [10, 6, 15, 7], "texture": "#all", "cullface": "up"},
				"east": {"uv": [5, 6, 6, 11], "rotation": 90, "texture": "#all", "cullface": "up"},
				"up": {"uv": [1, 6, 6, 11], "texture": "#all", "cullface": "up"}
			}
		},
		{
			"from": [10, 15, 6],
			"to": [15, 16, 11],
			"faces": {
				"north": {"uv": [1, 6, 6, 7], "texture": "#all", "cullface": "up"},
				"west": {"uv": [10, 6, 11, 11], "rotation": 270, "texture": "#all", "cullface": "up"},
				"up": {"uv": [10, 6, 15, 11], "texture": "#all", "cullface": "up"}
			}
		},
		{
			"from": [5, 15, 4],
			"to": [11, 16, 6],
			"faces": {
				"east": {"uv": [10, 4, 11, 6], "rotation": 90, "texture": "#all", "cullface": "up"},
				"south": {"uv": [5, 5, 11, 6], "rotation": 180, "texture": "#all", "cullface": "up"},
				"west": {"uv": [5, 4, 6, 6], "rotation": 270, "texture": "#all", "cullface": "up"},
				"up": {"uv": [5, 4, 11, 6], "texture": "#all", "cullface": "up"}
			}
		},
		{
			"from": [1, 15, 1],
			"to": [15, 16, 4],
			"faces": {
				"south": {"uv": [1, 3, 15, 4], "rotation": 180, "texture": "#all", "cullface": "up"},
				"up": {"uv": [1, 1, 15, 4], "texture": "#all", "cullface": "up"}
			}
		},
		{
			"from": [0, 1, 1],
			"to": [1, 5, 15],
			"faces": {
				"west": {"uv": [1, 11, 15, 15], "texture": "#all", "cullface": "west"},
				"up": {"uv": [1, 11, 15, 12], "rotation": 90, "texture": "#all", "cullface": "west"}
			}
		},
		{
			"from": [0, 5, 1],
			"to": [1, 10, 6],
			"faces": {
				"south": {"uv": [5, 6, 6, 11], "texture": "#all", "cullface": "west"},
				"west": {"uv": [1, 6, 6, 11], "texture": "#all", "cullface": "west"},
				"up": {"uv": [1, 10, 6, 11], "rotation": 90, "texture": "#all", "cullface": "west"}
			}
		},
		{
			"from": [0, 5, 10],
			"to": [1, 10, 15],
			"faces": {
				"north": {"uv": [10, 6, 11, 11], "texture": "#all", "cullface": "west"},
				"west": {"uv": [10, 6, 15, 11], "texture": "#all", "cullface": "west"},
				"up": {"uv": [10, 10, 15, 11], "rotation": 90, "texture": "#all", "cullface": "west"}
			}
		},
		{
			"from": [0, 10, 5],
			"to": [1, 12, 11],
			"faces": {
				"north": {"uv": [5, 4, 6, 6], "texture": "#all", "cullface": "west"},
				"south": {"uv": [10, 4, 11, 6], "texture": "#all", "cullface": "west"},
				"west": {"uv": [5, 4, 11, 6], "texture": "#all", "cullface": "west"},
				"down": {"uv": [5, 5, 11, 6], "rotation": 270, "texture": "#all", "cullface": "west"}
			}
		},
		{
			"from": [0, 12, 1],
			"to": [1, 15, 15],
			"faces": {
				"west": {"uv": [1, 1, 15, 4], "texture": "#all", "cullface": "west"},
				"down": {"uv": [1, 3, 15, 4], "rotation": 270, "texture": "#all", "cullface": "west"}
			}
		},
		{
			"from": [1, 1, 15],
			"to": [15, 5, 16],
			"faces": {
				"south": {"uv": [1, 11, 15, 15], "texture": "#all", "cullface": "south"},
				"up": {"uv": [1, 11, 15, 12], "texture": "#all", "cullface": "south"}
			}
		},
		{
			"from": [10, 5, 15],
			"to": [15, 10, 16],
			"faces": {
				"south": {"uv": [10, 6, 15, 11], "texture": "#all", "cullface": "south"},
				"west": {"uv": [10, 6, 11, 11], "texture": "#all", "cullface": "south"},
				"up": {"uv": [10, 6, 15, 7], "texture": "#all", "cullface": "south"}
			}
		},
		{
			"from": [1, 5, 15],
			"to": [6, 10, 16],
			"faces": {
				"east": {"uv": [5, 6, 6, 11], "texture": "#all", "cullface": "south"},
				"south": {"uv": [1, 6, 6, 11], "texture": "#all", "cullface": "south"},
				"up": {"uv": [1, 6, 6, 7], "texture": "#all", "cullface": "south"}
			}
		},
		{
			"from": [5, 10, 15],
			"to": [11, 12, 16],
			"faces": {
				"east": {"uv": [10, 4, 11, 6], "texture": "#all", "cullface": "south"},
				"south": {"uv": [5, 4, 11, 6], "texture": "#all", "cullface": "south"},
				"west": {"uv": [5, 4, 6, 6], "texture": "#all", "cullface": "south"},
				"down": {"uv": [5, 5, 11, 6], "texture": "#all", "cullface": "south"}
			}
		},
		{
			"from": [1, 12, 15],
			"to": [15, 15, 16],
			"faces": {
				"south": {"uv": [1, 1, 15, 4], "texture": "#all", "cullface": "south"},
				"down": {"uv": [1, 3, 15, 4], "texture": "#all", "cullface": "south"}
			}
		},
		{
			"from": [15, 1, 1],
			"to": [16, 5, 15],
			"faces": {
				"east": {"uv": [1, 11, 15, 15], "texture": "#all", "cullface": "east"},
				"up": {"uv": [1, 14, 15, 15], "rotation": 270, "texture": "#all", "cullface": "east"}
			}
		},
		{
			"from": [15, 5, 1],
			"to": [16, 10, 6],
			"faces": {
				"east": {"uv": [10, 6, 15, 11], "texture": "#all", "cullface": "east"},
				"south": {"uv": [10, 6, 11, 11], "texture": "#all", "cullface": "east"},
				"up": {"uv": [15, 1, 16, 6], "rotation": 270, "texture": "#all", "cullface": "east"}
			}
		},
		{
			"from": [15, 5, 10],
			"to": [16, 10, 15],
			"faces": {
				"north": {"uv": [5, 6, 6, 11], "texture": "#all", "cullface": "east"},
				"east": {"uv": [1, 6, 6, 11], "texture": "#all", "cullface": "east"},
				"up": {"uv": [15, 10, 16, 15], "rotation": 270, "texture": "#all", "cullface": "east"}
			}
		},
		{
			"from": [15, 10, 5],
			"to": [16, 12, 11],
			"faces": {
				"north": {"uv": [10, 4, 11, 6], "texture": "#all", "cullface": "east"},
				"east": {"uv": [5, 4, 11, 6], "texture": "#all", "cullface": "east"},
				"south": {"uv": [5, 4, 6, 6], "texture": "#all", "cullface": "east"},
				"down": {"uv": [5, 5, 11, 6], "rotation": 90, "texture": "#all", "cullface": "east"}
			}
		},
		{
			"from": [15, 12, 1],
			"to": [16, 15, 15],
			"faces": {
				"east": {"uv": [1, 1, 15, 4], "texture": "#all", "cullface": "east"},
				"down": {"uv": [1, 3, 15, 4], "rotation": 90, "texture": "#all", "cullface": "east"}
			}
		}
	],
	"display": {
		"thirdperson_righthand": {
			"rotation": [75, 45, 0],
			"translation": [0, 2.5, 0],
			"scale": [0.375, 0.375, 0.375]
		},
		"thirdperson_lefthand": {
			"rotation": [75, 45, 0],
			"translation": [0, 2.5, 0],
			"scale": [0.375, 0.375, 0.375]
		},
		"firstperson_righthand": {
			"rotation": [0, 45, 0],
			"scale": [0.4, 0.4, 0.4]
		},
		"firstperson_lefthand": {
			"rotation": [0, 225, 0],
			"scale": [0.4, 0.4, 0.4]
		},
		"ground": {
			"translation": [0, 3, 0],
			"scale": [0.25, 0.25, 0.25]
		},
		"gui": {
			"rotation": [30, 225, 0],
			"scale": [0.625, 0.625, 0.625]
		},
		"fixed": {
			"scale": [0.5, 0.5, 0.5]
		}
	},
	"groups": [
		0,
		{
			"name": "1",
			"origin": [0, 0, 0],
			"color": 0,
			"children": [1, 2, 3, 4, 5, 6, 7, 8, 9, 10, 11, 12, 13, 14, 15, 16, 17, 18, 19, 20, 21, 22, 23, 24, 25, 26, 27, 28, 29, 30, 31, 32, 33, 34, 35, 36, 37, 38, 39, 40, 41, 42]
		}
	]
}