{
	"credit": "Made with Blockbench",
	"textures": {
		"1": "block/chiseled_bookshelf_occupied",
		"particle": "block/chiseled_bookshelf_occupied"
	},
	"elements": [
		{
			"from": [6, 1, 1],
			"to": [10, 6, 4],
			"faces": {
				"north": {"uv": [6, 10, 10, 15], "texture": "#1", "cullface": "north"},
				"east": {"uv": [6, 10, 9, 15], "texture": "#1", "cullface": "north"},
				"west": {"uv": [6, 10, 9, 15], "texture": "#1", "cullface": "north"},
				"up": {"uv": [6, 10, 10, 12], "texture": "#1", "cullface": "north"}
			}
		}
	]
}