{
	"credit": "Made with Blockbench",
	"parent": "block/block",
	"textures": {
		"particle": "block/chiseled_bookshelf_top",
		"top": "block/chiseled_bookshelf_top",
		"side": "block/chiseled_bookshelf_side",
		"front": "block/chiseled_bookshelf_empty"
	},
	"elements": [
		{
			"name": "chiseled_bookshelf_body",
			"from": [0, 1, 4],
			"to": [16, 16, 16],
			"faces": {
				"north": {"uv": [0, 0, 16, 15], "texture": "#front", "cullface": "north"},
				"east": {"uv": [0, 0, 12, 15], "texture": "#side", "cullface": "east"},
				"south": {"uv": [0, 0, 16, 15], "texture": "#side", "cullface": "south"},
				"west": {"uv": [4, 0, 16, 15], "texture": "#side", "cullface": "west"},
				"up": {"uv": [0, 4, 16, 16], "texture": "#top", "cullface": "up"}
			}
		},
		{
			"name": "chiseled_bookshelf_body",
			"from": [0, 1, 0],
			"to": [1, 16, 4],
			"faces": {
				"north": {"uv": [15, 0, 16, 15], "texture": "#front", "cullface": "north"},
				"east": {"uv": [12, 0, 16, 15], "texture": "#side", "cullface": "north"},
				"west": {"uv": [0, 0, 4, 15], "texture": "#side", "cullface": "west"},
				"up": {"uv": [0, 0, 1, 4], "texture": "#top", "cullface": "up"}
			}
		},
		{
			"name": "chiseled_bookshelf_body",
			"from": [15, 1, 0],
			"to": [16, 16, 4],
			"faces": {
				"north": {"uv": [0, 0, 1, 15], "texture": "#front", "cullface": "north"},
				"east": {"uv": [12, 0, 16, 15], "texture": "#side", "cullface": "east"},
				"west": {"uv": [0, 0, 4, 15], "texture": "#side", "cullface": "north"},
				"up": {"uv": [15, 0, 16, 4], "texture": "#top", "cullface": "up"}
			}
		},
		{
			"name": "chiseled_bookshelf_body",
			"from": [1, 15, 0],
			"to": [15, 16, 4],
			"faces": {
				"north": {"uv": [1, 0, 15, 1], "texture": "#front", "cullface": "north"},
				"up": {"uv": [1, 0, 15, 4], "texture": "#top", "cullface": "up"},
				"down": {"uv": [1, 12, 15, 16], "texture": "#side", "cullface": "north"}
			}
		},
		{
			"name": "chiseled_bookshelf_body",
			"from": [1, 7, 0],
			"to": [15, 9, 4],
			"faces": {
				"north": {"uv": [1, 7, 15, 9], "texture": "#front", "cullface": "north"},
				"up": {"uv": [1, 0, 15, 4], "texture": "#side", "cullface": "north"},
				"down": {"uv": [1, 12, 15, 16], "texture": "#side", "cullface": "north"}
			}
		},
		{
			"name": "chiseled_bookshelf_body",
			"from": [0, 0, 0],
			"to": [16, 1, 16],
			"faces": {
				"north": {"uv": [0, 15, 16, 16], "texture": "#front", "cullface": "north"},
				"east": {"uv": [0, 15, 16, 16], "texture": "#side", "cullface": "east"},
				"south": {"uv": [0, 15, 16, 16], "texture": "#side", "cullface": "south"},
				"west": {"uv": [0, 15, 16, 16], "texture": "#side", "cullface": "west"},
				"up": {"uv": [0, 0, 16, 16], "texture": "#side", "cullface": "north"},
				"down": {"uv": [0, 0, 16, 16], "texture": "#top", "cullface": "down"}
			}
		}
	],
	"display": {
		"thirdperson_righthand": {
			"rotation": [75, 45, 0],
			"translation": [0, 2.5, 0],
			"scale": [0.375, 0.375, 0.375]
		}
	}
}