{
	"credit": "Made with Blockbench",
	"parent": "minecraft:block/cube_all",
	"textures": {
		"particle": "block/chiseled_stone_bricks",
		"all": "block/chiseled_stone_bricks"
	},
	"elements": [
		{
			"from": [1, 1, 1],
			"to": [15, 15, 15],
			"faces": {
				"north": {"uv": [1, 1, 15, 15], "texture": "#all", "cullface": "north"},
				"east": {"uv": [1, 1, 15, 15], "texture": "#all", "cullface": "east"},
				"south": {"uv": [1, 1, 15, 15], "texture": "#all", "cullface": "south"},
				"west": {"uv": [1, 1, 15, 15], "texture": "#all", "cullface": "west"},
				"up": {"uv": [1, 1, 15, 15], "texture": "#all", "cullface": "up"},
				"down": {"uv": [1, 1, 15, 15], "texture": "#all", "cullface": "down"}
			}
		},
		{
			"from": [0, 0, 0],
			"to": [3, 16, 2],
			"faces": {
				"north": {"uv": [13, 0, 16, 16], "texture": "#all", "cullface": "north"},
				"east": {"uv": [14, 0, 16, 16], "texture": "#all", "cullface": "north"},
				"south": {"uv": [0, 0, 3, 16], "texture": "#all", "cullface": "west"},
				"west": {"uv": [0, 0, 2, 16], "texture": "#all", "cullface": "west"},
				"up": {"uv": [0, 0, 3, 2], "texture": "#all", "cullface": "up"},
				"down": {"uv": [0, 14, 3, 16], "texture": "#all", "cullface": "down"}
			}
		},
		{
			"from": [14, 0, 0],
			"to": [16, 16, 3],
			"faces": {
				"north": {"uv": [0, 0, 2, 16], "texture": "#all", "cullface": "north"},
				"east": {"uv": [13, 0, 16, 16], "texture": "#all", "cullface": "east"},
				"south": {"uv": [14, 0, 16, 16], "texture": "#all", "cullface": "east"},
				"west": {"uv": [0, 0, 3, 16], "texture": "#all", "cullface": "north"},
				"up": {"uv": [14, 0, 16, 3], "texture": "#all", "cullface": "up"},
				"down": {"uv": [14, 13, 16, 16], "texture": "#all", "cullface": "down"}
			}
		},
		{
			"from": [13, 0, 14],
			"to": [16, 16, 16],
			"faces": {
				"north": {"uv": [0, 0, 3, 16], "texture": "#all", "cullface": "east"},
				"east": {"uv": [0, 0, 2, 16], "texture": "#all", "cullface": "east"},
				"south": {"uv": [13, 0, 16, 16], "texture": "#all", "cullface": "south"},
				"west": {"uv": [14, 0, 16, 16], "texture": "#all", "cullface": "south"},
				"up": {"uv": [13, 14, 16, 16], "texture": "#all", "cullface": "up"},
				"down": {"uv": [13, 0, 16, 2], "texture": "#all", "cullface": "down"}
			}
		},
		{
			"from": [0, 0, 13],
			"to": [2, 16, 16],
			"faces": {
				"north": {"uv": [14, 0, 16, 16], "texture": "#all", "cullface": "west"},
				"east": {"uv": [0, 0, 3, 16], "texture": "#all", "cullface": "south"},
				"south": {"uv": [0, 0, 2, 16], "texture": "#all", "cullface": "south"},
				"west": {"uv": [13, 0, 16, 16], "texture": "#all", "cullface": "west"},
				"up": {"uv": [0, 13, 2, 16], "texture": "#all", "cullface": "up"},
				"down": {"uv": [0, 0, 2, 3], "texture": "#all", "cullface": "down"}
			}
		},
		{
			"from": [0, 4, 3],
			"to": [1, 7, 12],
			"faces": {
				"north": {"uv": [15, 9, 16, 12], "texture": "#all", "cullface": "west"},
				"south": {"uv": [0, 9, 1, 12], "texture": "#all", "cullface": "west"},
				"west": {"uv": [3, 9, 12, 12], "texture": "#all", "cullface": "west"},
				"up": {"uv": [0, 3, 1, 12], "texture": "#all", "cullface": "west"},
				"down": {"uv": [0, 4, 1, 13], "texture": "#all", "cullface": "west"}
			}
		},
		{
			"from": [0, 10, 3],
			"to": [1, 13, 12],
			"faces": {
				"north": {"uv": [15, 3, 16, 6], "texture": "#all", "cullface": "west"},
				"south": {"uv": [0, 3, 1, 6], "texture": "#all", "cullface": "west"},
				"west": {"uv": [3, 3, 12, 6], "texture": "#all", "cullface": "west"},
				"down": {"uv": [0, 4, 1, 13], "texture": "#all", "cullface": "west"}
			}
		},
		{
			"from": [0, 7, 3],
			"to": [1, 10, 6],
			"faces": {
				"north": {"uv": [15, 6, 16, 9], "texture": "#all", "cullface": "west"},
				"south": {"uv": [0, 6, 1, 9], "texture": "#all", "cullface": "west"},
				"west": {"uv": [3, 6, 6, 9], "texture": "#all", "cullface": "west"}
			}
		},
		{
			"from": [0, 7, 9],
			"to": [1, 10, 12],
			"faces": {
				"north": {"uv": [15, 6, 16, 9], "texture": "#all", "cullface": "west"},
				"south": {"uv": [0, 6, 1, 9], "texture": "#all", "cullface": "west"},
				"west": {"uv": [9, 6, 12, 9], "texture": "#all", "cullface": "west"}
			}
		},
		{
			"from": [15, 4, 4],
			"to": [15.75, 7, 13],
			"faces": {
				"north": {"uv": [0, 9, 1, 12], "texture": "#all", "cullface": "east"},
				"east": {"uv": [3, 9, 12, 12], "texture": "#all", "cullface": "east"},
				"south": {"uv": [15, 9, 16, 12], "texture": "#all", "cullface": "east"},
				"up": {"uv": [15, 4, 16, 13], "texture": "#all", "cullface": "east"},
				"down": {"uv": [15, 3, 16, 12], "texture": "#all", "cullface": "east"}
			}
		},
		{
			"from": [15, 7, 4],
			"to": [15.75, 10, 7],
			"faces": {
				"north": {"uv": [0, 6, 1, 9], "texture": "#all", "cullface": "east"},
				"east": {"uv": [9, 6, 12, 9], "texture": "#all", "cullface": "east"},
				"south": {"uv": [15, 6, 16, 9], "texture": "#all", "cullface": "east"}
			}
		},
		{
			"from": [15, 7, 10],
			"to": [15.75, 10, 13],
			"faces": {
				"north": {"uv": [0, 6, 1, 9], "texture": "#all", "cullface": "east"},
				"east": {"uv": [3, 6, 6, 9], "texture": "#all", "cullface": "east"},
				"south": {"uv": [15, 6, 16, 9], "texture": "#all", "cullface": "east"}
			}
		},
		{
			"from": [15, 10, 4],
			"to": [15.75, 13, 13],
			"faces": {
				"north": {"uv": [0, 3, 1, 6], "texture": "#all", "cullface": "east"},
				"east": {"uv": [3, 3, 12, 6], "texture": "#all", "cullface": "east"},
				"south": {"uv": [15, 3, 16, 6], "texture": "#all", "cullface": "east"},
				"down": {"uv": [15, 3, 16, 12], "texture": "#all", "cullface": "east"}
			}
		},
		{
			"from": [4, 4, 0.25],
			"to": [13, 7, 1],
			"faces": {
				"north": {"uv": [3, 9, 12, 12], "texture": "#all", "cullface": "north"},
				"east": {"uv": [15, 9, 16, 12], "texture": "#all", "cullface": "north"},
				"west": {"uv": [0, 9, 1, 12], "texture": "#all", "cullface": "north"},
				"up": {"uv": [4, 0, 13, 1], "texture": "#all", "cullface": "north"},
				"down": {"uv": [4, 15, 13, 16], "texture": "#all", "cullface": "north"}
			}
		},
		{
			"from": [4, 10, 0.25],
			"to": [13, 13, 1],
			"faces": {
				"north": {"uv": [3, 3, 12, 6], "texture": "#all", "cullface": "north"},
				"east": {"uv": [15, 3, 16, 6], "texture": "#all", "cullface": "north"},
				"west": {"uv": [0, 3, 1, 6], "texture": "#all", "cullface": "north"},
				"down": {"uv": [4, 15, 13, 16], "texture": "#all", "cullface": "north"}
			}
		},
		{
			"from": [10, 7, 0.25],
			"to": [13, 10, 1],
			"faces": {
				"north": {"uv": [3, 6, 6, 9], "texture": "#all", "cullface": "north"},
				"east": {"uv": [15, 6, 16, 9], "texture": "#all", "cullface": "north"},
				"west": {"uv": [0, 6, 1, 9], "texture": "#all", "cullface": "north"}
			}
		},
		{
			"from": [4, 7, 0.25],
			"to": [7, 10, 1],
			"faces": {
				"north": {"uv": [9, 6, 12, 9], "texture": "#all", "cullface": "north"},
				"east": {"uv": [15, 6, 16, 9], "texture": "#all", "cullface": "north"},
				"west": {"uv": [0, 6, 1, 9], "texture": "#all", "cullface": "north"}
			}
		},
		{
			"from": [3, 7, 15],
			"to": [6, 10, 15.75],
			"faces": {
				"east": {"uv": [0, 6, 1, 9], "texture": "#all", "cullface": "south"},
				"south": {"uv": [3, 6, 6, 9], "texture": "#all", "cullface": "south"},
				"west": {"uv": [15, 6, 16, 9], "texture": "#all", "cullface": "south"}
			}
		},
		{
			"from": [3, 4, 15],
			"to": [12, 7, 15.75],
			"faces": {
				"east": {"uv": [0, 9, 1, 12], "texture": "#all", "cullface": "south"},
				"south": {"uv": [3, 9, 12, 12], "texture": "#all", "cullface": "south"},
				"west": {"uv": [15, 9, 16, 12], "texture": "#all", "cullface": "south"},
				"up": {"uv": [3, 15, 12, 16], "texture": "#all", "cullface": "south"},
				"down": {"uv": [3, 0, 12, 1], "texture": "#all", "cullface": "south"}
			}
		},
		{
			"from": [9, 7, 15],
			"to": [12, 10, 15.75],
			"faces": {
				"east": {"uv": [0, 6, 1, 9], "texture": "#all", "cullface": "south"},
				"south": {"uv": [9, 6, 12, 9], "texture": "#all", "cullface": "south"},
				"west": {"uv": [15, 6, 16, 9], "texture": "#all", "cullface": "south"}
			}
		},
		{
			"from": [3, 10, 15],
			"to": [12, 13, 15.75],
			"faces": {
				"east": {"uv": [0, 3, 1, 6], "texture": "#all", "cullface": "south"},
				"south": {"uv": [3, 3, 12, 6], "texture": "#all", "cullface": "south"},
				"west": {"uv": [15, 3, 16, 6], "texture": "#all", "cullface": "south"},
				"down": {"uv": [3, 0, 12, 1], "texture": "#all", "cullface": "south"}
			}
		},
		{
			"from": [3, 15, 3],
			"to": [12, 15.75, 6],
			"faces": {
				"north": {"uv": [4, 0, 13, 1], "texture": "#all", "cullface": "up"},
				"east": {"uv": [10, 0, 13, 1], "texture": "#all", "cullface": "up"},
				"south": {"uv": [3, 0, 12, 1], "texture": "#all", "cullface": "up"},
				"west": {"uv": [3, 0, 6, 1], "texture": "#all", "cullface": "up"},
				"up": {"uv": [3, 3, 12, 6], "texture": "#all", "cullface": "up"}
			}
		},
		{
			"from": [3, 15, 9],
			"to": [12, 15.75, 12],
			"faces": {
				"north": {"uv": [4, 0, 13, 1], "texture": "#all", "cullface": "up"},
				"east": {"uv": [4, 0, 7, 1], "texture": "#all", "cullface": "up"},
				"south": {"uv": [3, 0, 12, 1], "texture": "#all", "cullface": "up"},
				"west": {"uv": [9, 0, 12, 1], "texture": "#all", "cullface": "up"},
				"up": {"uv": [3, 9, 12, 12], "texture": "#all", "cullface": "up"}
			}
		},
		{
			"from": [9, 15, 6],
			"to": [12, 15.75, 9],
			"faces": {
				"east": {"uv": [7, 0, 10, 1], "texture": "#all", "cullface": "up"},
				"west": {"uv": [6, 0, 9, 1], "texture": "#all", "cullface": "up"},
				"up": {"uv": [9, 6, 12, 9], "texture": "#all", "cullface": "up"}
			}
		},
		{
			"from": [3, 15, 6],
			"to": [6, 15.75, 9],
			"faces": {
				"east": {"uv": [7, 0, 10, 1], "texture": "#all", "cullface": "up"},
				"west": {"uv": [6, 0, 9, 1], "texture": "#all", "cullface": "up"},
				"up": {"uv": [3, 6, 6, 9], "texture": "#all", "cullface": "up"}
			}
		},
		{
			"from": [3, 0.25, 7],
			"to": [6, 1, 10],
			"faces": {
				"east": {"uv": [6, 15, 9, 16], "texture": "#all", "cullface": "down"},
				"west": {"uv": [7, 15, 10, 16], "texture": "#all", "cullface": "down"},
				"down": {"uv": [3, 6, 6, 9], "texture": "#all", "cullface": "down"}
			}
		},
		{
			"from": [3, 0.25, 4],
			"to": [12, 1, 7],
			"faces": {
				"north": {"uv": [4, 15, 13, 16], "texture": "#all", "cullface": "down"},
				"east": {"uv": [9, 15, 12, 16], "texture": "#all", "cullface": "down"},
				"south": {"uv": [3, 15, 12, 16], "texture": "#all", "cullface": "down"},
				"west": {"uv": [4, 15, 7, 16], "texture": "#all", "cullface": "down"},
				"down": {"uv": [3, 9, 12, 12], "texture": "#all", "cullface": "down"}
			}
		},
		{
			"from": [9, 0.25, 7],
			"to": [12, 1, 10],
			"faces": {
				"east": {"uv": [6, 15, 9, 16], "texture": "#all", "cullface": "down"},
				"west": {"uv": [7, 15, 10, 16], "texture": "#all", "cullface": "down"},
				"down": {"uv": [9, 6, 12, 9], "texture": "#all", "cullface": "down"}
			}
		},
		{
			"from": [3, 0.25, 10],
			"to": [12, 1, 13],
			"faces": {
				"north": {"uv": [4, 15, 13, 16], "texture": "#all", "cullface": "down"},
				"east": {"uv": [3, 15, 6, 16], "texture": "#all", "cullface": "down"},
				"south": {"uv": [3, 15, 12, 16], "texture": "#all", "cullface": "down"},
				"west": {"uv": [10, 15, 13, 16], "texture": "#all", "cullface": "down"},
				"down": {"uv": [3, 3, 12, 6], "texture": "#all", "cullface": "down"}
			}
		},
		{
			"from": [3, 0, 0],
			"to": [14, 3, 3],
			"faces": {
				"north": {"uv": [0, 0, 11, 3], "texture": "#all", "cullface": "north"},
				"south": {"uv": [0, 0, 11, 3], "texture": "#all", "cullface": "down"},
				"up": {"uv": [3, 0, 14, 3], "texture": "#all", "cullface": "north"},
				"down": {"uv": [0, 0, 11, 3], "texture": "#all", "cullface": "down"}
			}
		},
		{
			"from": [3, 13, 0],
			"to": [14, 16, 2],
			"faces": {
				"north": {"uv": [0, 0, 11, 3], "texture": "#all", "cullface": "north"},
				"south": {"uv": [0, 0, 11, 3], "texture": "#all", "cullface": "up"},
				"up": {"uv": [3, 0, 14, 2], "texture": "#all", "cullface": "up"},
				"down": {"uv": [0, 0, 11, 2], "texture": "#all", "cullface": "north"}
			}
		},
		{
			"from": [2, 13, 13],
			"to": [13, 16, 16],
			"faces": {
				"north": {"uv": [0, 0, 11, 3], "texture": "#all", "cullface": "up"},
				"south": {"uv": [0, 0, 11, 3], "texture": "#all", "cullface": "south"},
				"up": {"uv": [2, 13, 13, 16], "texture": "#all", "cullface": "up"},
				"down": {"uv": [0, 0, 11, 3], "texture": "#all", "cullface": "south"}
			}
		},
		{
			"from": [2, 0, 14],
			"to": [13, 3, 16],
			"faces": {
				"north": {"uv": [0, 0, 11, 3], "texture": "#all", "cullface": "down"},
				"south": {"uv": [0, 0, 11, 3], "texture": "#all", "cullface": "south"},
				"up": {"uv": [2, 14, 13, 16], "texture": "#all", "cullface": "south"},
				"down": {"uv": [0, 0, 11, 2], "texture": "#all", "cullface": "down"}
			}
		},
		{
			"from": [0, 0, 2],
			"to": [2, 3, 13],
			"faces": {
				"east": {"uv": [0, 0, 11, 3], "texture": "#all", "cullface": "down"},
				"west": {"uv": [0, 0, 11, 3], "texture": "#all", "cullface": "west"},
				"up": {"uv": [0, 2, 2, 13], "texture": "#all", "cullface": "west"},
				"down": {"uv": [0, 0, 2, 11], "texture": "#all", "cullface": "down"}
			}
		},
		{
			"from": [0, 13, 2],
			"to": [2, 16, 13],
			"faces": {
				"east": {"uv": [0, 0, 11, 3], "texture": "#all", "cullface": "up"},
				"west": {"uv": [0, 0, 11, 3], "texture": "#all", "cullface": "west"},
				"up": {"uv": [0, 2, 2, 13], "texture": "#all", "cullface": "up"},
				"down": {"uv": [0, 0, 2, 11], "texture": "#all", "cullface": "west"}
			}
		},
		{
			"from": [13, 13, 3],
			"to": [16, 16, 14],
			"faces": {
				"east": {"uv": [0, 0, 11, 3], "texture": "#all", "cullface": "east"},
				"west": {"uv": [0, 0, 11, 3], "texture": "#all", "cullface": "up"},
				"up": {"uv": [13, 3, 16, 14], "texture": "#all", "cullface": "up"},
				"down": {"uv": [0, 0, 3, 11], "texture": "#all", "cullface": "east"}
			}
		},
		{
			"from": [13, 0, 3],
			"to": [16, 3, 14],
			"faces": {
				"east": {"uv": [0, 0, 11, 3], "texture": "#all", "cullface": "east"},
				"west": {"uv": [0, 0, 11, 3], "texture": "#all", "cullface": "down"},
				"up": {"uv": [13, 3, 16, 14], "texture": "#all", "cullface": "east"},
				"down": {"uv": [0, 0, 3, 11], "texture": "#all", "cullface": "down"}
			}
		},
		{
			"from": [2, 0, 2],
			"to": [3, 1, 3],
			"faces": {
				"south": {"uv": [0, 0, 1, 1], "texture": "#all", "cullface": "down"},
				"down": {"uv": [0, 0, 1, 1], "texture": "#all", "cullface": "down"}
			}
		},
		{
			"from": [13, 15, 2],
			"to": [14, 16, 3],
			"faces": {
				"west": {"uv": [0, 0, 1, 1], "texture": "#all", "cullface": "up"},
				"up": {"uv": [13, 2, 14, 3], "texture": "#all", "cullface": "up"}
			}
		}
	],
	"display": {
		"thirdperson_righthand": {
			"rotation": [75, 45, 0],
			"translation": [0, 2.5, 0],
			"scale": [0.375, 0.375, 0.375]
		},
		"thirdperson_lefthand": {
			"rotation": [75, 45, 0],
			"translation": [0, 2.5, 0],
			"scale": [0.375, 0.375, 0.375]
		},
		"firstperson_righthand": {
			"rotation": [0, 45, 0],
			"scale": [0.4, 0.4, 0.4]
		},
		"firstperson_lefthand": {
			"rotation": [0, 225, 0],
			"scale": [0.4, 0.4, 0.4]
		},
		"ground": {
			"translation": [0, 3, 0],
			"scale": [0.25, 0.25, 0.25]
		},
		"gui": {
			"rotation": [30, 225, 0],
			"scale": [0.625, 0.625, 0.625]
		},
		"fixed": {
			"scale": [0.5, 0.5, 0.5]
		}
	}
}