{
	"credit": "Made with Blockbench",
	"textures": {
		"0": "block/chiseled_sandstone",
		"2": "block/sandstone_top",
		"particle": "block/chiseled_sandstone"
	},
	"elements": [
		{
			"name": "base",
			"from": [1, 1, 1],
			"to": [15, 15, 15],
			"faces": {
				"north": {"uv": [1, 1, 15, 15], "texture": "#0", "cullface": "north"},
				"east": {"uv": [1, 1, 15, 15], "texture": "#0", "cullface": "east"},
				"south": {"uv": [1, 1, 15, 15], "texture": "#0", "cullface": "south"},
				"west": {"uv": [1, 1, 15, 15], "texture": "#0", "cullface": "west"}
			}
		},
		{
			"from": [0, 1, 0],
			"to": [1, 15, 1],
			"faces": {
				"north": {"uv": [15, 1, 16, 15], "texture": "#0", "cullface": "north"},
				"south": {"uv": [0, 1, 1, 15], "texture": "#0", "cullface": "west"},
				"west": {"uv": [0, 1, 1, 15], "texture": "#0", "cullface": "west"}
			}
		},
		{
			"from": [0, 0, 0],
			"to": [16, 1, 16],
			"faces": {
				"north": {"uv": [0, 15, 16, 16], "texture": "#0", "cullface": "north"},
				"east": {"uv": [0, 15, 16, 16], "texture": "#0", "cullface": "east"},
				"south": {"uv": [0, 15, 16, 16], "texture": "#0", "cullface": "south"},
				"west": {"uv": [0, 15, 16, 16], "texture": "#0", "cullface": "west"},
				"down": {"uv": [0, 0, 16, 16], "texture": "#2", "cullface": "down"}
			}
		},
		{
			"from": [15, 1, 0],
			"to": [16, 15, 1],
			"faces": {
				"north": {"uv": [0, 1, 1, 15], "texture": "#0", "cullface": "north"},
				"east": {"uv": [15, 1, 16, 15], "texture": "#0", "cullface": "east"},
				"west": {"uv": [0, 1, 1, 15], "texture": "#0", "cullface": "north"}
			}
		},
		{
			"from": [0, 15, 0],
			"to": [16, 16, 16],
			"faces": {
				"north": {"uv": [0, 0, 16, 1], "texture": "#0", "cullface": "north"},
				"east": {"uv": [0, 0, 16, 1], "texture": "#0", "cullface": "east"},
				"south": {"uv": [0, 0, 16, 1], "texture": "#0", "cullface": "south"},
				"west": {"uv": [0, 0, 16, 1], "texture": "#0", "cullface": "west"},
				"up": {"uv": [0, 0, 16, 16], "texture": "#2", "cullface": "up"}
			}
		},
		{
			"from": [15, 1, 15],
			"to": [16, 15, 16],
			"faces": {
				"north": {"uv": [0, 1, 1, 15], "texture": "#0", "cullface": "east"},
				"east": {"uv": [0, 1, 1, 15], "texture": "#0", "cullface": "east"},
				"south": {"uv": [15, 1, 16, 15], "texture": "#0", "cullface": "south"}
			}
		},
		{
			"from": [0, 1, 15],
			"to": [1, 15, 16],
			"faces": {
				"east": {"uv": [0, 1, 1, 15], "texture": "#0", "cullface": "south"},
				"south": {"uv": [0, 1, 1, 15], "texture": "#0", "cullface": "south"},
				"west": {"uv": [15, 1, 16, 15], "texture": "#0", "cullface": "west"}
			}
		},
		{
			"from": [1, 1, 0],
			"to": [15, 2, 1],
			"faces": {
				"north": {"uv": [1, 14, 15, 15], "texture": "#0", "cullface": "north"},
				"up": {"uv": [1, 0, 15, 1], "texture": "#0", "cullface": "north"}
			}
		},
		{
			"from": [1, 5, 0],
			"to": [15, 6, 1],
			"faces": {
				"north": {"uv": [1, 10, 15, 11], "texture": "#0", "cullface": "north"},
				"down": {"uv": [1, 15, 15, 16], "texture": "#0", "cullface": "north"}
			}
		},
		{
			"from": [1, 14, 0],
			"to": [15, 15, 1],
			"faces": {
				"north": {"uv": [1, 1, 15, 2], "texture": "#0", "cullface": "north"}
			}
		},
		{
			"from": [5, 12, 0],
			"to": [11, 14, 1],
			"faces": {
				"north": {"uv": [5, 2, 11, 4], "texture": "#0", "cullface": "north"},
				"down": {"uv": [5, 15, 11, 16], "texture": "#0", "cullface": "north"}
			}
		},
		{
			"from": [5, 6, 0],
			"to": [11, 7, 1],
			"faces": {
				"north": {"uv": [5, 9, 11, 10], "texture": "#0", "cullface": "north"},
				"up": {"uv": [5, 0, 11, 1], "texture": "#0", "cullface": "north"}
			}
		},
		{
			"from": [1, 6, 0],
			"to": [5, 14, 1],
			"faces": {
				"north": {"uv": [11, 2, 15, 10], "texture": "#0", "cullface": "north"},
				"east": {"uv": [15, 2, 16, 10], "texture": "#0", "cullface": "north"}
			}
		},
		{
			"from": [11, 6, 0],
			"to": [15, 14, 1],
			"faces": {
				"north": {"uv": [1, 2, 5, 10], "texture": "#0", "cullface": "north"},
				"west": {"uv": [0, 2, 1, 10], "texture": "#0", "cullface": "north"}
			}
		},
		{
			"from": [7, 10, 0],
			"to": [9, 12, 1],
			"faces": {
				"north": {"uv": [7, 4, 9, 6], "texture": "#0", "cullface": "north"},
				"east": {"uv": [15, 4, 16, 6], "texture": "#0", "cullface": "north"},
				"west": {"uv": [0, 4, 1, 6], "texture": "#0", "cullface": "north"},
				"down": {"uv": [7, 15, 9, 16], "texture": "#0", "cullface": "north"}
			}
		},
		{
			"from": [9, 9, 0],
			"to": [11, 10, 1],
			"faces": {
				"north": {"uv": [5, 6, 7, 7], "texture": "#0", "cullface": "north"},
				"west": {"uv": [0, 6, 1, 7], "texture": "#0", "cullface": "north"},
				"up": {"uv": [9, 0, 11, 1], "texture": "#0", "cullface": "north"},
				"down": {"uv": [9, 15, 11, 16], "texture": "#0", "cullface": "north"}
			}
		},
		{
			"from": [5, 9, 0],
			"to": [7, 10, 1],
			"faces": {
				"north": {"uv": [9, 6, 11, 7], "texture": "#0", "cullface": "north"},
				"east": {"uv": [15, 6, 16, 7], "texture": "#0", "cullface": "north"},
				"up": {"uv": [5, 0, 7, 1], "texture": "#0", "cullface": "north"},
				"down": {"uv": [5, 15, 7, 16], "texture": "#0", "cullface": "north"}
			}
		},
		{
			"from": [7, 7, 0],
			"to": [9, 8, 1],
			"faces": {
				"north": {"uv": [7, 8, 9, 9], "texture": "#0", "cullface": "north"},
				"east": {"uv": [15, 8, 16, 9], "texture": "#0", "cullface": "north"},
				"west": {"uv": [0, 8, 1, 9], "texture": "#0", "cullface": "north"},
				"up": {"uv": [7, 0, 9, 1], "texture": "#0", "cullface": "north"}
			}
		},
		{
			"from": [10, 4, 0],
			"to": [12, 5, 1],
			"faces": {
				"north": {"uv": [4, 11, 6, 12], "texture": "#0", "cullface": "north"},
				"east": {"uv": [15, 11, 16, 12], "texture": "#0", "cullface": "north"},
				"west": {"uv": [0, 11, 1, 12], "texture": "#0", "cullface": "north"},
				"down": {"uv": [10, 15, 12, 16], "texture": "#0", "cullface": "north"}
			}
		},
		{
			"from": [6, 2, 0],
			"to": [8, 3, 1],
			"faces": {
				"north": {"uv": [8, 13, 10, 14], "texture": "#0", "cullface": "north"},
				"east": {"uv": [15, 13, 16, 14], "texture": "#0", "cullface": "north"},
				"west": {"uv": [0, 13, 1, 14], "texture": "#0", "cullface": "north"},
				"up": {"uv": [6, 0, 8, 1], "texture": "#0", "cullface": "north"}
			}
		},
		{
			"from": [3, 2, 0],
			"to": [5, 4, 1],
			"faces": {
				"north": {"uv": [11, 12, 13, 14], "texture": "#0", "cullface": "north"},
				"east": {"uv": [15, 12, 16, 14], "texture": "#0", "cullface": "north"},
				"west": {"uv": [0, 12, 1, 14], "texture": "#0", "cullface": "north"},
				"up": {"uv": [3, 0, 5, 1], "texture": "#0", "cullface": "north"}
			}
		},
		{
			"from": [1, 2, 0],
			"to": [2, 5, 1],
			"faces": {
				"north": {"uv": [14, 11, 15, 14], "texture": "#0", "cullface": "north"},
				"east": {"uv": [15, 11, 16, 14], "texture": "#0", "cullface": "north"}
			}
		},
		{
			"from": [13, 4, 0],
			"to": [15, 5, 1],
			"faces": {
				"north": {"uv": [1, 11, 3, 12], "texture": "#0", "cullface": "north"},
				"west": {"uv": [0, 11, 1, 12], "texture": "#0", "cullface": "north"},
				"down": {"uv": [13, 15, 15, 16], "texture": "#0", "cullface": "north"}
			}
		},
		{
			"from": [9, 2, 0],
			"to": [12, 3, 1],
			"faces": {
				"north": {"uv": [4, 13, 7, 14], "texture": "#0", "cullface": "north"},
				"east": {"uv": [15, 13, 16, 14], "texture": "#0", "cullface": "north"},
				"west": {"uv": [0, 13, 1, 14], "texture": "#0", "cullface": "north"},
				"up": {"uv": [9, 0, 12, 1], "texture": "#0", "cullface": "north"}
			}
		},
		{
			"from": [13, 2, 0],
			"to": [14, 3, 1],
			"faces": {
				"north": {"uv": [2, 13, 3, 14], "texture": "#0", "cullface": "north"},
				"east": {"uv": [15, 13, 16, 14], "texture": "#0", "cullface": "north"},
				"west": {"uv": [0, 13, 1, 14], "texture": "#0", "cullface": "north"},
				"up": {"uv": [13, 0, 14, 1], "texture": "#0", "cullface": "north"}
			}
		},
		{
			"from": [14, 3, 0],
			"to": [15, 4, 1],
			"faces": {
				"north": {"uv": [1, 12, 2, 13], "texture": "#0", "cullface": "north"},
				"west": {"uv": [0, 12, 1, 13], "texture": "#0", "cullface": "north"},
				"down": {"uv": [14, 15, 15, 16], "texture": "#0", "cullface": "north"}
			}
		},
		{
			"from": [5, 4, 0],
			"to": [8, 5, 1],
			"faces": {
				"north": {"uv": [8, 11, 11, 12], "texture": "#0", "cullface": "north"},
				"east": {"uv": [15, 11, 16, 12], "texture": "#0", "cullface": "north"},
				"west": {"uv": [0, 11, 1, 12], "texture": "#0", "cullface": "north"},
				"down": {"uv": [5, 15, 8, 16], "texture": "#0", "cullface": "north"}
			}
		},
		{
			"from": [5, 7, 0],
			"to": [6, 9, 1],
			"faces": {
				"north": {"uv": [10, 7, 11, 9], "texture": "#0", "cullface": "north"},
				"east": {"uv": [15, 7, 16, 9], "texture": "#0", "cullface": "north"}
			}
		},
		{
			"from": [10, 7, 0],
			"to": [11, 9, 1],
			"faces": {
				"north": {"uv": [5, 7, 6, 9], "texture": "#0", "cullface": "north"},
				"west": {"uv": [0, 7, 1, 9], "texture": "#0", "cullface": "north"}
			}
		},
		{
			"from": [0, 1, 1],
			"to": [1, 2, 15],
			"rotation": {"angle": 0, "axis": "y", "origin": [8, 8, 0.5]},
			"faces": {
				"west": {"uv": [1, 14, 15, 15], "texture": "#0", "cullface": "west"},
				"up": {"uv": [1, 0, 15, 1], "rotation": 270, "texture": "#0", "cullface": "west"}
			}
		},
		{
			"from": [0, 5, 1],
			"to": [1, 6, 15],
			"rotation": {"angle": 0, "axis": "y", "origin": [8, 8, 0.5]},
			"faces": {
				"west": {"uv": [1, 10, 15, 11], "texture": "#0", "cullface": "west"},
				"down": {"uv": [1, 15, 15, 16], "rotation": 90, "texture": "#0", "cullface": "west"}
			}
		},
		{
			"from": [0, 14, 1],
			"to": [1, 15, 15],
			"rotation": {"angle": 0, "axis": "y", "origin": [8, 8, 0.5]},
			"faces": {
				"west": {"uv": [1, 1, 15, 2], "texture": "#0", "cullface": "west"}
			}
		},
		{
			"from": [0, 12, 5],
			"to": [1, 14, 11],
			"rotation": {"angle": 0, "axis": "y", "origin": [8, 8, 0.5]},
			"faces": {
				"west": {"uv": [5, 2, 11, 4], "texture": "#0", "cullface": "west"},
				"down": {"uv": [5, 15, 11, 16], "rotation": 90, "texture": "#0", "cullface": "west"}
			}
		},
		{
			"from": [0, 6, 5],
			"to": [1, 7, 11],
			"rotation": {"angle": 0, "axis": "y", "origin": [8, 8, 0.5]},
			"faces": {
				"west": {"uv": [5, 9, 11, 10], "texture": "#0", "cullface": "west"},
				"up": {"uv": [5, 0, 11, 1], "rotation": 270, "texture": "#0", "cullface": "west"}
			}
		},
		{
			"from": [0, 6, 11],
			"to": [1, 14, 15],
			"rotation": {"angle": 0, "axis": "y", "origin": [8, 8, 0.5]},
			"faces": {
				"north": {"uv": [15, 2, 16, 10], "texture": "#0", "cullface": "west"},
				"west": {"uv": [11, 2, 15, 10], "texture": "#0", "cullface": "west"}
			}
		},
		{
			"from": [0, 6, 1],
			"to": [1, 14, 5],
			"rotation": {"angle": 0, "axis": "y", "origin": [8, 8, 0.5]},
			"faces": {
				"south": {"uv": [0, 2, 1, 10], "texture": "#0", "cullface": "west"},
				"west": {"uv": [1, 2, 5, 10], "texture": "#0", "cullface": "west"}
			}
		},
		{
			"from": [0, 10, 7],
			"to": [1, 12, 9],
			"rotation": {"angle": 0, "axis": "y", "origin": [8, 8, 0.5]},
			"faces": {
				"north": {"uv": [15, 4, 16, 6], "texture": "#0", "cullface": "west"},
				"south": {"uv": [0, 4, 1, 6], "texture": "#0", "cullface": "west"},
				"west": {"uv": [7, 4, 9, 6], "texture": "#0", "cullface": "west"},
				"down": {"uv": [7, 15, 9, 16], "rotation": 90, "texture": "#0", "cullface": "west"}
			}
		},
		{
			"from": [0, 9, 5],
			"to": [1, 10, 7],
			"rotation": {"angle": 0, "axis": "y", "origin": [8, 8, 0.5]},
			"faces": {
				"south": {"uv": [0, 6, 1, 7], "texture": "#0", "cullface": "west"},
				"west": {"uv": [5, 6, 7, 7], "texture": "#0", "cullface": "west"},
				"up": {"uv": [9, 0, 11, 1], "rotation": 270, "texture": "#0", "cullface": "west"},
				"down": {"uv": [9, 15, 11, 16], "rotation": 90, "texture": "#0", "cullface": "west"}
			}
		},
		{
			"from": [0, 9, 9],
			"to": [1, 10, 11],
			"rotation": {"angle": 0, "axis": "y", "origin": [8, 8, 0.5]},
			"faces": {
				"north": {"uv": [15, 6, 16, 7], "texture": "#0", "cullface": "west"},
				"west": {"uv": [9, 6, 11, 7], "texture": "#0", "cullface": "west"},
				"up": {"uv": [5, 0, 7, 1], "rotation": 270, "texture": "#0", "cullface": "west"},
				"down": {"uv": [5, 15, 7, 16], "rotation": 90, "texture": "#0", "cullface": "west"}
			}
		},
		{
			"from": [0, 7, 7],
			"to": [1, 8, 9],
			"rotation": {"angle": 0, "axis": "y", "origin": [8, 8, 0.5]},
			"faces": {
				"north": {"uv": [15, 8, 16, 9], "texture": "#0", "cullface": "west"},
				"south": {"uv": [0, 8, 1, 9], "texture": "#0", "cullface": "west"},
				"west": {"uv": [7, 8, 9, 9], "texture": "#0", "cullface": "west"},
				"up": {"uv": [7, 0, 9, 1], "rotation": 270, "texture": "#0", "cullface": "west"}
			}
		},
		{
			"from": [0, 4, 4],
			"to": [1, 5, 6],
			"rotation": {"angle": 0, "axis": "y", "origin": [8, 8, 0.5]},
			"faces": {
				"north": {"uv": [15, 11, 16, 12], "texture": "#0", "cullface": "west"},
				"south": {"uv": [0, 11, 1, 12], "texture": "#0", "cullface": "west"},
				"west": {"uv": [4, 11, 6, 12], "texture": "#0", "cullface": "west"},
				"down": {"uv": [10, 15, 12, 16], "rotation": 90, "texture": "#0", "cullface": "west"}
			}
		},
		{
			"from": [0, 2, 8],
			"to": [1, 3, 10],
			"rotation": {"angle": 0, "axis": "y", "origin": [8, 8, 0.5]},
			"faces": {
				"north": {"uv": [15, 13, 16, 14], "texture": "#0", "cullface": "west"},
				"south": {"uv": [0, 13, 1, 14], "texture": "#0", "cullface": "west"},
				"west": {"uv": [8, 13, 10, 14], "texture": "#0", "cullface": "west"},
				"up": {"uv": [6, 0, 8, 1], "rotation": 270, "texture": "#0", "cullface": "west"}
			}
		},
		{
			"from": [0, 2, 11],
			"to": [1, 4, 13],
			"rotation": {"angle": 0, "axis": "y", "origin": [8, 8, 0.5]},
			"faces": {
				"north": {"uv": [15, 12, 16, 14], "texture": "#0", "cullface": "west"},
				"south": {"uv": [0, 12, 1, 14], "texture": "#0", "cullface": "west"},
				"west": {"uv": [11, 12, 13, 14], "texture": "#0", "cullface": "west"},
				"up": {"uv": [3, 0, 5, 1], "rotation": 270, "texture": "#0", "cullface": "west"}
			}
		},
		{
			"from": [0, 2, 14],
			"to": [1, 5, 15],
			"rotation": {"angle": 0, "axis": "y", "origin": [8, 8, 0.5]},
			"faces": {
				"north": {"uv": [15, 11, 16, 14], "texture": "#0", "cullface": "west"},
				"west": {"uv": [14, 11, 15, 14], "texture": "#0", "cullface": "west"}
			}
		},
		{
			"from": [0, 4, 1],
			"to": [1, 5, 3],
			"rotation": {"angle": 0, "axis": "y", "origin": [8, 8, 0.5]},
			"faces": {
				"south": {"uv": [0, 11, 1, 12], "texture": "#0", "cullface": "west"},
				"west": {"uv": [1, 11, 3, 12], "texture": "#0", "cullface": "west"},
				"down": {"uv": [13, 15, 15, 16], "rotation": 90, "texture": "#0", "cullface": "west"}
			}
		},
		{
			"from": [0, 2, 4],
			"to": [1, 3, 7],
			"rotation": {"angle": 0, "axis": "y", "origin": [8, 8, 0.5]},
			"faces": {
				"north": {"uv": [15, 13, 16, 14], "texture": "#0", "cullface": "west"},
				"south": {"uv": [0, 13, 1, 14], "texture": "#0", "cullface": "west"},
				"west": {"uv": [4, 13, 7, 14], "texture": "#0", "cullface": "west"},
				"up": {"uv": [9, 0, 12, 1], "rotation": 270, "texture": "#0", "cullface": "west"}
			}
		},
		{
			"from": [0, 2, 2],
			"to": [1, 3, 3],
			"rotation": {"angle": 0, "axis": "y", "origin": [8, 8, 0.5]},
			"faces": {
				"north": {"uv": [15, 13, 16, 14], "texture": "#0", "cullface": "west"},
				"south": {"uv": [0, 13, 1, 14], "texture": "#0", "cullface": "west"},
				"west": {"uv": [2, 13, 3, 14], "texture": "#0", "cullface": "west"},
				"up": {"uv": [13, 0, 14, 1], "rotation": 270, "texture": "#0", "cullface": "west"}
			}
		},
		{
			"from": [0, 3, 1],
			"to": [1, 4, 2],
			"rotation": {"angle": 0, "axis": "y", "origin": [8, 8, 0.5]},
			"faces": {
				"south": {"uv": [0, 12, 1, 13], "texture": "#0", "cullface": "west"},
				"west": {"uv": [1, 12, 2, 13], "texture": "#0", "cullface": "west"},
				"down": {"uv": [14, 15, 15, 16], "rotation": 90, "texture": "#0", "cullface": "west"}
			}
		},
		{
			"from": [0, 4, 8],
			"to": [1, 5, 11],
			"rotation": {"angle": 0, "axis": "y", "origin": [8, 8, 0.5]},
			"faces": {
				"north": {"uv": [15, 11, 16, 12], "texture": "#0", "cullface": "west"},
				"south": {"uv": [0, 11, 1, 12], "texture": "#0", "cullface": "west"},
				"west": {"uv": [8, 11, 11, 12], "texture": "#0", "cullface": "west"},
				"down": {"uv": [5, 15, 8, 16], "rotation": 90, "texture": "#0", "cullface": "west"}
			}
		},
		{
			"from": [0, 7, 10],
			"to": [1, 9, 11],
			"rotation": {"angle": 0, "axis": "y", "origin": [8, 8, 0.5]},
			"faces": {
				"north": {"uv": [15, 7, 16, 9], "texture": "#0", "cullface": "west"},
				"west": {"uv": [10, 7, 11, 9], "texture": "#0", "cullface": "west"}
			}
		},
		{
			"from": [0, 7, 5],
			"to": [1, 9, 6],
			"rotation": {"angle": 0, "axis": "y", "origin": [8, 8, 0.5]},
			"faces": {
				"south": {"uv": [0, 7, 1, 9], "texture": "#0", "cullface": "west"},
				"west": {"uv": [5, 7, 6, 9], "texture": "#0", "cullface": "west"}
			}
		},
		{
			"from": [1, 1, 15],
			"to": [15, 2, 16],
			"rotation": {"angle": 0, "axis": "y", "origin": [0.5, 8, 8]},
			"faces": {
				"south": {"uv": [1, 14, 15, 15], "texture": "#0", "cullface": "south"},
				"up": {"uv": [1, 0, 15, 1], "rotation": 180, "texture": "#0", "cullface": "south"}
			}
		},
		{
			"from": [1, 5, 15],
			"to": [15, 6, 16],
			"rotation": {"angle": 0, "axis": "y", "origin": [0.5, 8, 8]},
			"faces": {
				"south": {"uv": [1, 10, 15, 11], "texture": "#0", "cullface": "south"},
				"down": {"uv": [1, 15, 15, 16], "rotation": 180, "texture": "#0", "cullface": "south"}
			}
		},
		{
			"from": [1, 14, 15],
			"to": [15, 15, 16],
			"rotation": {"angle": 0, "axis": "y", "origin": [0.5, 8, 8]},
			"faces": {
				"south": {"uv": [1, 1, 15, 2], "texture": "#0", "cullface": "south"}
			}
		},
		{
			"from": [5, 12, 15],
			"to": [11, 14, 16],
			"rotation": {"angle": 0, "axis": "y", "origin": [0.5, 8, 8]},
			"faces": {
				"south": {"uv": [5, 2, 11, 4], "texture": "#0", "cullface": "south"},
				"down": {"uv": [5, 15, 11, 16], "rotation": 180, "texture": "#0", "cullface": "south"}
			}
		},
		{
			"from": [5, 6, 15],
			"to": [11, 7, 16],
			"rotation": {"angle": 0, "axis": "y", "origin": [0.5, 8, 8]},
			"faces": {
				"south": {"uv": [5, 9, 11, 10], "texture": "#0", "cullface": "south"},
				"up": {"uv": [5, 0, 11, 1], "rotation": 180, "texture": "#0", "cullface": "south"}
			}
		},
		{
			"from": [11, 6, 15],
			"to": [15, 14, 16],
			"rotation": {"angle": 0, "axis": "y", "origin": [0.5, 8, 8]},
			"faces": {
				"south": {"uv": [11, 2, 15, 10], "texture": "#0", "cullface": "south"},
				"west": {"uv": [15, 2, 16, 10], "texture": "#0", "cullface": "south"}
			}
		},
		{
			"from": [1, 6, 15],
			"to": [5, 14, 16],
			"rotation": {"angle": 0, "axis": "y", "origin": [0.5, 8, 8]},
			"faces": {
				"east": {"uv": [0, 2, 1, 10], "texture": "#0", "cullface": "south"},
				"south": {"uv": [1, 2, 5, 10], "texture": "#0", "cullface": "south"}
			}
		},
		{
			"from": [7, 10, 15],
			"to": [9, 12, 16],
			"rotation": {"angle": 0, "axis": "y", "origin": [0.5, 8, 8]},
			"faces": {
				"east": {"uv": [0, 4, 1, 6], "texture": "#0", "cullface": "south"},
				"south": {"uv": [7, 4, 9, 6], "texture": "#0", "cullface": "south"},
				"west": {"uv": [15, 4, 16, 6], "texture": "#0", "cullface": "south"},
				"down": {"uv": [7, 15, 9, 16], "rotation": 180, "texture": "#0", "cullface": "south"}
			}
		},
		{
			"from": [5, 9, 15],
			"to": [7, 10, 16],
			"rotation": {"angle": 0, "axis": "y", "origin": [0.5, 8, 8]},
			"faces": {
				"east": {"uv": [0, 6, 1, 7], "texture": "#0", "cullface": "south"},
				"south": {"uv": [5, 6, 7, 7], "texture": "#0", "cullface": "south"},
				"up": {"uv": [9, 0, 11, 1], "rotation": 180, "texture": "#0", "cullface": "south"},
				"down": {"uv": [9, 15, 11, 16], "rotation": 180, "texture": "#0", "cullface": "south"}
			}
		},
		{
			"from": [9, 9, 15],
			"to": [11, 10, 16],
			"rotation": {"angle": 0, "axis": "y", "origin": [0.5, 8, 8]},
			"faces": {
				"south": {"uv": [9, 6, 11, 7], "texture": "#0", "cullface": "south"},
				"west": {"uv": [15, 6, 16, 7], "texture": "#0", "cullface": "south"},
				"up": {"uv": [5, 0, 7, 1], "rotation": 180, "texture": "#0", "cullface": "south"},
				"down": {"uv": [5, 15, 7, 16], "rotation": 180, "texture": "#0", "cullface": "south"}
			}
		},
		{
			"from": [7, 7, 15],
			"to": [9, 8, 16],
			"rotation": {"angle": 0, "axis": "y", "origin": [0.5, 8, 8]},
			"faces": {
				"east": {"uv": [0, 8, 1, 9], "texture": "#0", "cullface": "south"},
				"south": {"uv": [7, 8, 9, 9], "texture": "#0", "cullface": "south"},
				"west": {"uv": [15, 8, 16, 9], "texture": "#0", "cullface": "south"},
				"up": {"uv": [7, 0, 9, 1], "rotation": 180, "texture": "#0", "cullface": "south"}
			}
		},
		{
			"from": [4, 4, 15],
			"to": [6, 5, 16],
			"rotation": {"angle": 0, "axis": "y", "origin": [0.5, 8, 8]},
			"faces": {
				"east": {"uv": [0, 11, 1, 12], "texture": "#0", "cullface": "south"},
				"south": {"uv": [4, 11, 6, 12], "texture": "#0", "cullface": "south"},
				"west": {"uv": [15, 11, 16, 12], "texture": "#0", "cullface": "south"},
				"down": {"uv": [10, 15, 12, 16], "rotation": 180, "texture": "#0", "cullface": "south"}
			}
		},
		{
			"from": [8, 2, 15],
			"to": [10, 3, 16],
			"rotation": {"angle": 0, "axis": "y", "origin": [0.5, 8, 8]},
			"faces": {
				"east": {"uv": [0, 13, 1, 14], "texture": "#0", "cullface": "south"},
				"south": {"uv": [8, 13, 10, 14], "texture": "#0", "cullface": "south"},
				"west": {"uv": [15, 13, 16, 14], "texture": "#0", "cullface": "south"},
				"up": {"uv": [6, 0, 8, 1], "rotation": 180, "texture": "#0", "cullface": "south"}
			}
		},
		{
			"from": [11, 2, 15],
			"to": [13, 4, 16],
			"rotation": {"angle": 0, "axis": "y", "origin": [0.5, 8, 8]},
			"faces": {
				"east": {"uv": [0, 12, 1, 14], "texture": "#0", "cullface": "south"},
				"south": {"uv": [11, 12, 13, 14], "texture": "#0", "cullface": "south"},
				"west": {"uv": [15, 12, 16, 14], "texture": "#0", "cullface": "south"},
				"up": {"uv": [3, 0, 5, 1], "rotation": 180, "texture": "#0", "cullface": "south"}
			}
		},
		{
			"from": [14, 2, 15],
			"to": [15, 5, 16],
			"rotation": {"angle": 0, "axis": "y", "origin": [0.5, 8, 8]},
			"faces": {
				"south": {"uv": [14, 11, 15, 14], "texture": "#0", "cullface": "south"},
				"west": {"uv": [15, 11, 16, 14], "texture": "#0", "cullface": "south"}
			}
		},
		{
			"from": [1, 4, 15],
			"to": [3, 5, 16],
			"rotation": {"angle": 0, "axis": "y", "origin": [0.5, 8, 8]},
			"faces": {
				"east": {"uv": [0, 11, 1, 12], "texture": "#0", "cullface": "south"},
				"south": {"uv": [1, 11, 3, 12], "texture": "#0", "cullface": "south"},
				"down": {"uv": [13, 15, 15, 16], "rotation": 180, "texture": "#0", "cullface": "south"}
			}
		},
		{
			"from": [4, 2, 15],
			"to": [7, 3, 16],
			"rotation": {"angle": 0, "axis": "y", "origin": [0.5, 8, 8]},
			"faces": {
				"east": {"uv": [0, 13, 1, 14], "texture": "#0", "cullface": "south"},
				"south": {"uv": [4, 13, 7, 14], "texture": "#0", "cullface": "south"},
				"west": {"uv": [15, 13, 16, 14], "texture": "#0", "cullface": "south"},
				"up": {"uv": [9, 0, 12, 1], "rotation": 180, "texture": "#0", "cullface": "south"}
			}
		},
		{
			"from": [2, 2, 15],
			"to": [3, 3, 16],
			"rotation": {"angle": 0, "axis": "y", "origin": [0.5, 8, 8]},
			"faces": {
				"east": {"uv": [0, 13, 1, 14], "texture": "#0", "cullface": "south"},
				"south": {"uv": [2, 13, 3, 14], "texture": "#0", "cullface": "south"},
				"west": {"uv": [15, 13, 16, 14], "texture": "#0", "cullface": "south"},
				"up": {"uv": [13, 0, 14, 1], "rotation": 180, "texture": "#0", "cullface": "south"}
			}
		},
		{
			"from": [1, 3, 15],
			"to": [2, 4, 16],
			"rotation": {"angle": 0, "axis": "y", "origin": [0.5, 8, 8]},
			"faces": {
				"east": {"uv": [0, 12, 1, 13], "texture": "#0", "cullface": "south"},
				"south": {"uv": [1, 12, 2, 13], "texture": "#0", "cullface": "south"},
				"down": {"uv": [14, 15, 15, 16], "rotation": 180, "texture": "#0", "cullface": "south"}
			}
		},
		{
			"from": [8, 4, 15],
			"to": [11, 5, 16],
			"rotation": {"angle": 0, "axis": "y", "origin": [0.5, 8, 8]},
			"faces": {
				"east": {"uv": [0, 11, 1, 12], "texture": "#0", "cullface": "south"},
				"south": {"uv": [8, 11, 11, 12], "texture": "#0", "cullface": "south"},
				"west": {"uv": [15, 11, 16, 12], "texture": "#0", "cullface": "south"},
				"down": {"uv": [5, 15, 8, 16], "rotation": 180, "texture": "#0", "cullface": "south"}
			}
		},
		{
			"from": [10, 7, 15],
			"to": [11, 9, 16],
			"rotation": {"angle": 0, "axis": "y", "origin": [0.5, 8, 8]},
			"faces": {
				"south": {"uv": [10, 7, 11, 9], "texture": "#0", "cullface": "south"},
				"west": {"uv": [15, 7, 16, 9], "texture": "#0", "cullface": "south"}
			}
		},
		{
			"from": [5, 7, 15],
			"to": [6, 9, 16],
			"rotation": {"angle": 0, "axis": "y", "origin": [0.5, 8, 8]},
			"faces": {
				"east": {"uv": [0, 7, 1, 9], "texture": "#0", "cullface": "south"},
				"south": {"uv": [5, 7, 6, 9], "texture": "#0", "cullface": "south"}
			}
		},
		{
			"from": [15, 1, 1],
			"to": [16, 2, 15],
			"rotation": {"angle": 0, "axis": "y", "origin": [8, 8, 15.5]},
			"faces": {
				"east": {"uv": [1, 14, 15, 15], "texture": "#0", "cullface": "east"},
				"up": {"uv": [1, 0, 15, 1], "rotation": 90, "texture": "#0", "cullface": "east"}
			}
		},
		{
			"from": [15, 5, 1],
			"to": [16, 6, 15],
			"rotation": {"angle": 0, "axis": "y", "origin": [8, 8, 15.5]},
			"faces": {
				"east": {"uv": [1, 10, 15, 11], "texture": "#0", "cullface": "east"},
				"down": {"uv": [1, 15, 15, 16], "rotation": 270, "texture": "#0", "cullface": "east"}
			}
		},
		{
			"from": [15, 14, 1],
			"to": [16, 15, 15],
			"rotation": {"angle": 0, "axis": "y", "origin": [8, 8, 15.5]},
			"faces": {
				"east": {"uv": [1, 1, 15, 2], "texture": "#0", "cullface": "east"}
			}
		},
		{
			"from": [15, 12, 5],
			"to": [16, 14, 11],
			"rotation": {"angle": 0, "axis": "y", "origin": [8, 8, 15.5]},
			"faces": {
				"east": {"uv": [5, 2, 11, 4], "texture": "#0", "cullface": "east"},
				"down": {"uv": [5, 15, 11, 16], "rotation": 270, "texture": "#0", "cullface": "east"}
			}
		},
		{
			"from": [15, 6, 5],
			"to": [16, 7, 11],
			"rotation": {"angle": 0, "axis": "y", "origin": [8, 8, 15.5]},
			"faces": {
				"east": {"uv": [5, 9, 11, 10], "texture": "#0", "cullface": "east"},
				"up": {"uv": [5, 0, 11, 1], "rotation": 90, "texture": "#0", "cullface": "east"}
			}
		},
		{
			"from": [15, 6, 1],
			"to": [16, 14, 5],
			"rotation": {"angle": 0, "axis": "y", "origin": [8, 8, 15.5]},
			"faces": {
				"east": {"uv": [11, 2, 15, 10], "texture": "#0", "cullface": "east"},
				"south": {"uv": [15, 2, 16, 10], "texture": "#0", "cullface": "east"}
			}
		},
		{
			"from": [15, 6, 11],
			"to": [16, 14, 15],
			"rotation": {"angle": 0, "axis": "y", "origin": [8, 8, 15.5]},
			"faces": {
				"north": {"uv": [0, 2, 1, 10], "texture": "#0", "cullface": "east"},
				"east": {"uv": [1, 2, 5, 10], "texture": "#0", "cullface": "east"}
			}
		},
		{
			"from": [15, 10, 7],
			"to": [16, 12, 9],
			"rotation": {"angle": 0, "axis": "y", "origin": [8, 8, 15.5]},
			"faces": {
				"north": {"uv": [0, 4, 1, 6], "texture": "#0", "cullface": "east"},
				"east": {"uv": [7, 4, 9, 6], "texture": "#0", "cullface": "east"},
				"south": {"uv": [15, 4, 16, 6], "texture": "#0", "cullface": "east"},
				"down": {"uv": [7, 15, 9, 16], "rotation": 270, "texture": "#0", "cullface": "east"}
			}
		},
		{
			"from": [15, 9, 9],
			"to": [16, 10, 11],
			"rotation": {"angle": 0, "axis": "y", "origin": [8, 8, 15.5]},
			"faces": {
				"north": {"uv": [0, 6, 1, 7], "texture": "#0", "cullface": "east"},
				"east": {"uv": [5, 6, 7, 7], "texture": "#0", "cullface": "east"},
				"up": {"uv": [9, 0, 11, 1], "rotation": 90, "texture": "#0", "cullface": "east"},
				"down": {"uv": [9, 15, 11, 16], "rotation": 270, "texture": "#0", "cullface": "east"}
			}
		},
		{
			"from": [15, 9, 5],
			"to": [16, 10, 7],
			"rotation": {"angle": 0, "axis": "y", "origin": [8, 8, 15.5]},
			"faces": {
				"east": {"uv": [9, 6, 11, 7], "texture": "#0", "cullface": "east"},
				"south": {"uv": [15, 6, 16, 7], "texture": "#0", "cullface": "east"},
				"up": {"uv": [5, 0, 7, 1], "rotation": 90, "texture": "#0", "cullface": "east"},
				"down": {"uv": [5, 15, 7, 16], "rotation": 270, "texture": "#0", "cullface": "east"}
			}
		},
		{
			"from": [15, 7, 7],
			"to": [16, 8, 9],
			"rotation": {"angle": 0, "axis": "y", "origin": [8, 8, 15.5]},
			"faces": {
				"north": {"uv": [0, 8, 1, 9], "texture": "#0", "cullface": "east"},
				"east": {"uv": [7, 8, 9, 9], "texture": "#0", "cullface": "east"},
				"south": {"uv": [15, 8, 16, 9], "texture": "#0", "cullface": "east"},
				"up": {"uv": [7, 0, 9, 1], "rotation": 90, "texture": "#0", "cullface": "east"}
			}
		},
		{
			"from": [15, 4, 10],
			"to": [16, 5, 12],
			"rotation": {"angle": 0, "axis": "y", "origin": [8, 8, 15.5]},
			"faces": {
				"north": {"uv": [0, 11, 1, 12], "texture": "#0", "cullface": "east"},
				"east": {"uv": [4, 11, 6, 12], "texture": "#0", "cullface": "east"},
				"south": {"uv": [15, 11, 16, 12], "texture": "#0", "cullface": "east"},
				"down": {"uv": [10, 15, 12, 16], "rotation": 270, "texture": "#0", "cullface": "east"}
			}
		},
		{
			"from": [15, 2, 6],
			"to": [16, 3, 8],
			"rotation": {"angle": 0, "axis": "y", "origin": [8, 8, 15.5]},
			"faces": {
				"north": {"uv": [0, 13, 1, 14], "texture": "#0", "cullface": "east"},
				"east": {"uv": [8, 13, 10, 14], "texture": "#0", "cullface": "east"},
				"south": {"uv": [15, 13, 16, 14], "texture": "#0", "cullface": "east"},
				"up": {"uv": [6, 0, 8, 1], "rotation": 90, "texture": "#0", "cullface": "east"}
			}
		},
		{
			"from": [15, 2, 3],
			"to": [16, 4, 5],
			"rotation": {"angle": 0, "axis": "y", "origin": [8, 8, 15.5]},
			"faces": {
				"north": {"uv": [0, 12, 1, 14], "texture": "#0", "cullface": "east"},
				"east": {"uv": [11, 12, 13, 14], "texture": "#0", "cullface": "east"},
				"south": {"uv": [15, 12, 16, 14], "texture": "#0", "cullface": "east"},
				"up": {"uv": [3, 0, 5, 1], "rotation": 90, "texture": "#0", "cullface": "east"}
			}
		},
		{
			"from": [15, 2, 1],
			"to": [16, 5, 2],
			"rotation": {"angle": 0, "axis": "y", "origin": [8, 8, 15.5]},
			"faces": {
				"east": {"uv": [14, 11, 15, 14], "texture": "#0", "cullface": "east"},
				"south": {"uv": [15, 11, 16, 14], "texture": "#0", "cullface": "east"}
			}
		},
		{
			"from": [15, 4, 13],
			"to": [16, 5, 15],
			"rotation": {"angle": 0, "axis": "y", "origin": [8, 8, 15.5]},
			"faces": {
				"north": {"uv": [0, 11, 1, 12], "texture": "#0", "cullface": "east"},
				"east": {"uv": [1, 11, 3, 12], "texture": "#0", "cullface": "east"},
				"down": {"uv": [13, 15, 15, 16], "rotation": 270, "texture": "#0", "cullface": "east"}
			}
		},
		{
			"from": [15, 2, 9],
			"to": [16, 3, 12],
			"rotation": {"angle": 0, "axis": "y", "origin": [8, 8, 15.5]},
			"faces": {
				"north": {"uv": [0, 13, 1, 14], "texture": "#0", "cullface": "east"},
				"east": {"uv": [4, 13, 7, 14], "texture": "#0", "cullface": "east"},
				"south": {"uv": [15, 13, 16, 14], "texture": "#0", "cullface": "east"},
				"up": {"uv": [9, 0, 12, 1], "rotation": 90, "texture": "#0", "cullface": "east"}
			}
		},
		{
			"from": [15, 2, 13],
			"to": [16, 3, 14],
			"rotation": {"angle": 0, "axis": "y", "origin": [8, 8, 15.5]},
			"faces": {
				"north": {"uv": [0, 13, 1, 14], "texture": "#0", "cullface": "east"},
				"east": {"uv": [2, 13, 3, 14], "texture": "#0", "cullface": "east"},
				"south": {"uv": [15, 13, 16, 14], "texture": "#0", "cullface": "east"},
				"up": {"uv": [13, 0, 14, 1], "rotation": 90, "texture": "#0", "cullface": "east"}
			}
		},
		{
			"from": [15, 3, 14],
			"to": [16, 4, 15],
			"rotation": {"angle": 0, "axis": "y", "origin": [8, 8, 15.5]},
			"faces": {
				"north": {"uv": [0, 12, 1, 13], "texture": "#0", "cullface": "east"},
				"east": {"uv": [1, 12, 2, 13], "texture": "#0", "cullface": "east"},
				"down": {"uv": [14, 15, 15, 16], "rotation": 270, "texture": "#0", "cullface": "east"}
			}
		},
		{
			"from": [15, 4, 5],
			"to": [16, 5, 8],
			"rotation": {"angle": 0, "axis": "y", "origin": [8, 8, 15.5]},
			"faces": {
				"north": {"uv": [0, 11, 1, 12], "texture": "#0", "cullface": "east"},
				"east": {"uv": [8, 11, 11, 12], "texture": "#0", "cullface": "east"},
				"south": {"uv": [15, 11, 16, 12], "texture": "#0", "cullface": "east"},
				"down": {"uv": [5, 15, 8, 16], "rotation": 270, "texture": "#0", "cullface": "east"}
			}
		},
		{
			"from": [15, 7, 5],
			"to": [16, 9, 6],
			"rotation": {"angle": 0, "axis": "y", "origin": [8, 8, 15.5]},
			"faces": {
				"east": {"uv": [10, 7, 11, 9], "texture": "#0", "cullface": "east"},
				"south": {"uv": [15, 7, 16, 9], "texture": "#0", "cullface": "east"}
			}
		},
		{
			"from": [15, 7, 10],
			"to": [16, 9, 11],
			"rotation": {"angle": 0, "axis": "y", "origin": [8, 8, 15.5]},
			"faces": {
				"north": {"uv": [0, 7, 1, 9], "texture": "#0", "cullface": "east"},
				"east": {"uv": [5, 7, 6, 9], "texture": "#0", "cullface": "east"}
			}
		}
	],
	"display": {
		"thirdperson_righthand": {
			"rotation": [75, 45, 0],
			"translation": [0, 2.5, 0],
			"scale": [0.375, 0.375, 0.375]
		},
		"thirdperson_lefthand": {
			"rotation": [75, 45, 0],
			"translation": [0, 2.5, 0],
			"scale": [0.375, 0.375, 0.375]
		},
		"firstperson_righthand": {
			"rotation": [0, 45, 0],
			"scale": [0.4, 0.4, 0.4]
		},
		"firstperson_lefthand": {
			"rotation": [0, 225, 0],
			"scale": [0.4, 0.4, 0.4]
		},
		"ground": {
			"translation": [0, 3, 0],
			"scale": [0.25, 0.25, 0.25]
		},
		"gui": {
			"rotation": [30, 225, 0],
			"scale": [0.625, 0.625, 0.625]
		},
		"fixed": {
			"scale": [0.5, 0.5, 0.5]
		}
	},
	"groups": [
		0,
		{
			"name": "group",
			"origin": [0, 0, 0],
			"color": 0,
			"children": [
				1,
				2,
				3,
				4,
				5,
				6,
				{
					"name": "group",
					"origin": [0, 0, 0],
					"color": 0,
					"children": [7, 8, 9, 10, 11, 12, 13, 14, 15, 16, 17, 18, 19, 20, 21, 22, 23, 24, 25, 26, 27, 28]
				},
				{
					"name": "group",
					"origin": [0, 0, 0],
					"color": 0,
					"children": [29, 30, 31, 32, 33, 34, 35, 36, 37, 38, 39, 40, 41, 42, 43, 44, 45, 46, 47, 48, 49, 50]
				},
				{
					"name": "group",
					"origin": [0, 0, 0],
					"color": 0,
					"children": [51, 52, 53, 54, 55, 56, 57, 58, 59, 60, 61, 62, 63, 64, 65, 66, 67, 68, 69, 70, 71, 72]
				},
				{
					"name": "group",
					"origin": [0, 0, 0],
					"color": 0,
					"children": [73, 74, 75, 76, 77, 78, 79, 80, 81, 82, 83, 84, 85, 86, 87, 88, 89, 90, 91, 92, 93, 94]
				}
			]
		}
	]
}