{
	"credit": "Made with Blockbench",
	"textures": {
		"4": "block/detector_rail_on",
		"particle": "block/detector_rail_on"
	},
	"elements": [
		{
			"from": [2, 0, 0],
			"to": [4, 2, 16],
			"rotation": {"angle": 0, "axis": "y", "origin": [10, 8, 8]},
			"faces": {
				"north": {"uv": [2, 0, 4, 2], "texture": "#4", "cullface": "north"},
				"east": {"uv": [2, 0, 4, 16], "rotation": 90, "texture": "#4"},
				"south": {"uv": [2, 0, 4, 2], "texture": "#4", "cullface": "south"},
				"west": {"uv": [2, 0, 4, 16], "rotation": 90, "texture": "#4"},
				"up": {"uv": [2, 0, 4, 16], "texture": "#4"},
				"down": {"uv": [2, 0, 4, 16], "texture": "#4", "cullface": "down"}
			}
		},
		{
			"from": [12, 0, 0],
			"to": [14, 2, 16],
			"rotation": {"angle": 0, "axis": "y", "origin": [20, 8, 8]},
			"faces": {
				"north": {"uv": [12, 0, 14, 2], "texture": "#4", "cullface": "north"},
				"east": {"uv": [12, 0, 14, 16], "rotation": 90, "texture": "#4"},
				"south": {"uv": [12, 0, 14, 2], "texture": "#4", "cullface": "south"},
				"west": {"uv": [12, 0, 14, 16], "rotation": 90, "texture": "#4"},
				"up": {"uv": [12, 0, 14, 16], "texture": "#4"},
				"down": {"uv": [12, 0, 14, 16], "texture": "#4", "cullface": "down"}
			}
		},
		{
			"from": [1, 0, 1],
			"to": [15, 1, 3],
			"rotation": {"angle": 0, "axis": "y", "origin": [9, 8, 9]},
			"faces": {
				"north": {"uv": [1, 1, 15, 2], "texture": "#4"},
				"east": {"uv": [1, 1, 2, 3], "rotation": 90, "texture": "#4"},
				"south": {"uv": [1, 1, 15, 2], "texture": "#4"},
				"west": {"uv": [1, 1, 2, 3], "rotation": 90, "texture": "#4"},
				"up": {"uv": [1, 1, 15, 3], "texture": "#4"},
				"down": {"uv": [1, 1, 15, 3], "texture": "#4", "cullface": "down"}
			}
		},
		{
			"from": [1, 0, 5],
			"to": [15, 1, 7],
			"rotation": {"angle": 0, "axis": "y", "origin": [9, 8, 13]},
			"faces": {
				"north": {"uv": [1, 1, 15, 2], "texture": "#4"},
				"east": {"uv": [1, 1, 2, 3], "rotation": 90, "texture": "#4"},
				"south": {"uv": [1, 1, 15, 2], "texture": "#4"},
				"west": {"uv": [1, 1, 2, 3], "rotation": 90, "texture": "#4"},
				"up": {"uv": [1, 1, 15, 3], "texture": "#4"},
				"down": {"uv": [1, 1, 15, 3], "texture": "#4", "cullface": "down"}
			}
		},
		{
			"from": [1, 0, 9],
			"to": [15, 1, 11],
			"rotation": {"angle": 0, "axis": "y", "origin": [9, 8, 17]},
			"faces": {
				"north": {"uv": [1, 13, 15, 14], "texture": "#4"},
				"east": {"uv": [1, 9, 2, 11], "rotation": 90, "texture": "#4"},
				"south": {"uv": [1, 13, 15, 14], "texture": "#4"},
				"west": {"uv": [1, 9, 2, 11], "rotation": 90, "texture": "#4"},
				"up": {"uv": [1, 13, 15, 15], "texture": "#4"},
				"down": {"uv": [1, 13, 15, 15], "texture": "#4", "cullface": "down"}
			}
		},
		{
			"from": [1, 0, 13],
			"to": [15, 1, 15],
			"rotation": {"angle": 0, "axis": "y", "origin": [9, 8, 21]},
			"faces": {
				"north": {"uv": [1, 13, 15, 14], "texture": "#4"},
				"east": {"uv": [1, 13, 2, 15], "rotation": 90, "texture": "#4"},
				"south": {"uv": [1, 13, 15, 14], "texture": "#4"},
				"west": {"uv": [1, 13, 2, 15], "rotation": 90, "texture": "#4"},
				"up": {"uv": [1, 13, 15, 15], "texture": "#4"},
				"down": {"uv": [1, 13, 15, 15], "texture": "#4", "cullface": "down"}
			}
		},
		{
			"from": [5, 1, 5],
			"to": [11, 1.5, 11],
			"rotation": {"angle": 0, "axis": "y", "origin": [13, 9, 18]},
			"faces": {
				"north": {"uv": [5, 5, 11, 5.5], "texture": "#4"},
				"east": {"uv": [5, 5, 11, 5.5], "texture": "#4"},
				"south": {"uv": [5, 5, 11, 5.5], "texture": "#4"},
				"west": {"uv": [5, 5, 11, 5.5], "texture": "#4"},
				"up": {"uv": [5, 5, 11, 11], "texture": "#4"},
				"down": {"uv": [5, 5, 11, 11], "texture": "#4"}
			}
		}
	],
	"display": {
		"thirdperson_righthand": {
			"rotation": [75, 45, 0],
			"translation": [0, 2.5, 0],
			"scale": [0.375, 0.375, 0.375]
		},
		"thirdperson_lefthand": {
			"rotation": [75, 45, 0],
			"translation": [0, 2.5, 0],
			"scale": [0.375, 0.375, 0.375]
		},
		"firstperson_righthand": {
			"rotation": [0, 45, 0],
			"scale": [0.4, 0.4, 0.4]
		},
		"firstperson_lefthand": {
			"rotation": [0, 225, 0],
			"scale": [0.4, 0.4, 0.4]
		},
		"ground": {
			"translation": [0, 3, 0],
			"scale": [0.25, 0.25, 0.25]
		},
		"gui": {
			"rotation": [30, 225, 0],
			"scale": [0.625, 0.625, 0.625]
		},
		"head": {
			"rotation": [0, 180, 0],
			"translation": [0, 13, 7]
		},
		"fixed": {
			"scale": [0.5, 0.5, 0.5]
		}
	}
}