{
	"credit": "Made with Blockbench",
	"parent": "minecraft:block/orientable_vertical",
	"textures": {
		"front": "block/dispenser_front_vertical",
		"particle": "block/furnace_top",
		"side": "block/furnace_top"
	},
	"elements": [
		{
			"from": [0, 0, 0],
			"to": [16, 16, 1],
			"faces": {
				"north": {"uv": [0.032, 0.032, 15.968, 15.968], "texture": "#side", "cullface": "north"},
				"east": {"uv": [15.032, 0.032, 15.968, 15.968], "texture": "#side", "cullface": "east"},
				"south": {"uv": [7.032, 7.032, 8.968, 8.968], "texture": "#front", "cullface": "up"},
				"west": {"uv": [0.032, 0.032, 0.968, 15.968], "texture": "#side", "cullface": "west"},
				"up": {"uv": [0.032, 0.032, 15.968, 0.968], "texture": "#front", "cullface": "up"},
				"down": {"uv": [0.032, 15.032, 15.968, 15.968], "texture": "#side", "cullface": "down"}
			}
		},
		{
			"from": [0, 0, 15],
			"to": [16, 16, 16],
			"rotation": {"angle": 0, "axis": "y", "origin": [8, 8, 23]},
			"faces": {
				"north": {"uv": [7.032, 7.032, 8.968, 8.968], "texture": "#front", "cullface": "up"},
				"east": {"uv": [0.032, 0.032, 0.968, 15.968], "texture": "#side", "cullface": "east"},
				"south": {"uv": [0.032, 0.032, 15.968, 15.968], "texture": "#side", "cullface": "south"},
				"west": {"uv": [15.032, 0.032, 15.968, 15.968], "texture": "#side", "cullface": "west"},
				"up": {"uv": [0.032, 15.032, 15.968, 15.968], "texture": "#front", "cullface": "up"},
				"down": {"uv": [0.032, 0.032, 15.968, 0.968], "texture": "#side", "cullface": "down"}
			}
		},
		{
			"from": [0, 0, 1],
			"to": [1, 16, 15],
			"rotation": {"angle": 0, "axis": "y", "origin": [8, 8, 22]},
			"faces": {
				"east": {"uv": [7.032, 7.032, 8.968, 8.968], "texture": "#front", "cullface": "up"},
				"west": {"uv": [1.032, 0.032, 14.968, 15.968], "texture": "#side", "cullface": "west"},
				"up": {"uv": [0.032, 1.032, 0.968, 14.968], "texture": "#front", "cullface": "up"},
				"down": {"uv": [0.032, 1.032, 0.968, 14.968], "texture": "#side", "cullface": "down"}
			}
		},
		{
			"from": [15, 0, 1],
			"to": [16, 16, 15],
			"rotation": {"angle": 0, "axis": "y", "origin": [23, 8, 22]},
			"faces": {
				"east": {"uv": [1.032, 0.032, 14.968, 15.968], "texture": "#side", "cullface": "east"},
				"west": {"uv": [7.032, 7.032, 8.968, 8.968], "texture": "#front", "cullface": "up"},
				"up": {"uv": [15.032, 1.032, 15.968, 14.968], "texture": "#front", "cullface": "up"},
				"down": {"uv": [15.032, 1.032, 15.968, 14.968], "texture": "#side", "cullface": "down"}
			}
		},
		{
			"from": [1, 0, 1],
			"to": [15, 1, 15],
			"rotation": {"angle": 0, "axis": "y", "origin": [22, 8, 22]},
			"faces": {
				"up": {"uv": [7.032, 7.032, 8.968, 8.968], "texture": "#front", "cullface": "up"},
				"down": {"uv": [1.032, 1.032, 14.968, 14.968], "texture": "#side", "cullface": "down"}
			}
		},
		{
			"from": [1, 15, 1],
			"to": [15, 16, 5],
			"rotation": {"angle": 0, "axis": "y", "origin": [9, 23, 9]},
			"faces": {
				"south": {"uv": [1.032, 0.032, 14.968, 0.968], "texture": "#side", "cullface": "up"},
				"up": {"uv": [1.032, 1.032, 14.968, 4.968], "texture": "#front", "cullface": "up"}
			}
		},
		{
			"from": [1, 15, 11],
			"to": [15, 16, 15],
			"rotation": {"angle": 0, "axis": "y", "origin": [9, 23, 19]},
			"faces": {
				"north": {"uv": [1.032, 0.032, 14.968, 0.968], "texture": "#side", "cullface": "up"},
				"up": {"uv": [1.032, 11.032, 14.968, 14.968], "texture": "#front", "cullface": "up"}
			}
		},
		{
			"from": [11, 15, 5],
			"to": [15, 16, 11],
			"rotation": {"angle": 0, "axis": "y", "origin": [9, 23, 15]},
			"faces": {
				"west": {"uv": [5.032, 0.032, 10.968, 0.968], "texture": "#side", "cullface": "up"},
				"up": {"uv": [11.032, 5.032, 14.968, 10.968], "texture": "#front", "cullface": "up"}
			}
		},
		{
			"from": [1, 15, 5],
			"to": [5, 16, 11],
			"rotation": {"angle": 0, "axis": "y", "origin": [-1, 23, 15]},
			"faces": {
				"east": {"uv": [5.032, 0.032, 10.968, 0.968], "texture": "#side", "cullface": "up"},
				"up": {"uv": [1.032, 5.032, 4.968, 10.968], "texture": "#front", "cullface": "up"}
			}
		},
		{
			"from": [5, 15, 9],
			"to": [6, 16, 11],
			"rotation": {"angle": 0, "axis": "y", "origin": [0, 23, 15]},
			"faces": {
				"north": {"uv": [10.032, 0.032, 10.968, 0.968], "texture": "#side", "cullface": "up"},
				"east": {"uv": [5.032, 0.032, 6.968, 0.968], "texture": "#side", "cullface": "up"},
				"up": {"uv": [5.032, 9.032, 5.968, 10.968], "texture": "#front", "cullface": "up"}
			}
		},
		{
			"from": [5, 15, 5],
			"to": [6, 16, 7],
			"rotation": {"angle": 0, "axis": "y", "origin": [0, 23, 11]},
			"faces": {
				"east": {"uv": [9.032, 0.032, 10.968, 0.968], "texture": "#side", "cullface": "up"},
				"south": {"uv": [5.032, 0.032, 5.968, 0.968], "texture": "#side", "cullface": "up"},
				"up": {"uv": [5.032, 5.032, 5.968, 6.968], "texture": "#front", "cullface": "up"}
			}
		},
		{
			"from": [10, 15, 5],
			"to": [11, 16, 7],
			"rotation": {"angle": 0, "axis": "y", "origin": [5, 23, 11]},
			"faces": {
				"south": {"uv": [10.032, 0.032, 10.968, 0.968], "texture": "#side", "cullface": "up"},
				"west": {"uv": [5.032, 0.032, 6.968, 0.968], "texture": "#side", "cullface": "up"},
				"up": {"uv": [10.032, 5.032, 10.968, 6.968], "texture": "#front", "cullface": "up"}
			}
		},
		{
			"from": [10, 15, 9],
			"to": [11, 16, 11],
			"rotation": {"angle": 0, "axis": "y", "origin": [5, 23, 15]},
			"faces": {
				"north": {"uv": [5.032, 0.032, 5.968, 0.968], "texture": "#side", "cullface": "up"},
				"west": {"uv": [9.032, 0.032, 10.968, 0.968], "texture": "#side", "cullface": "up"},
				"up": {"uv": [10.032, 9.032, 10.968, 10.968], "texture": "#front", "cullface": "up"}
			}
		},
		{
			"from": [9, 15, 10],
			"to": [10, 16, 11],
			"rotation": {"angle": 0, "axis": "y", "origin": [4, 23, 15]},
			"faces": {
				"north": {"uv": [6.032, 0.032, 6.968, 0.968], "texture": "#side", "cullface": "up"},
				"west": {"uv": [10.032, 0.032, 10.968, 0.968], "texture": "#side", "cullface": "up"},
				"up": {"uv": [9.032, 10.032, 9.968, 10.968], "texture": "#front", "cullface": "up"}
			}
		},
		{
			"from": [6, 15, 10],
			"to": [7, 16, 11],
			"rotation": {"angle": 0, "axis": "y", "origin": [1, 23, 15]},
			"faces": {
				"north": {"uv": [9.032, 0.032, 9.968, 0.968], "texture": "#side", "cullface": "up"},
				"east": {"uv": [5.032, 0.032, 5.968, 0.968], "texture": "#side", "cullface": "up"},
				"up": {"uv": [6.032, 10.032, 6.968, 10.968], "texture": "#front", "cullface": "up"}
			}
		},
		{
			"from": [6, 15, 5],
			"to": [7, 16, 6],
			"rotation": {"angle": 0, "axis": "y", "origin": [1, 23, 10]},
			"faces": {
				"east": {"uv": [10.032, 0.032, 10.968, 0.968], "texture": "#side", "cullface": "up"},
				"south": {"uv": [6.032, 0.032, 6.968, 0.968], "texture": "#side", "cullface": "up"},
				"up": {"uv": [6.032, 5.032, 6.968, 5.968], "texture": "#front", "cullface": "up"}
			}
		},
		{
			"from": [9, 15, 5],
			"to": [10, 16, 6],
			"rotation": {"angle": 0, "axis": "y", "origin": [4, 23, 10]},
			"faces": {
				"south": {"uv": [9.032, 0.032, 9.968, 0.968], "texture": "#side", "cullface": "up"},
				"west": {"uv": [5.032, 0.032, 5.968, 0.968], "texture": "#side", "cullface": "up"},
				"up": {"uv": [9.032, 5.032, 9.968, 5.968], "texture": "#front", "cullface": "up"}
			}
		}
	],
	"display": {
		"thirdperson_righthand": {
			"rotation": [75, 45, 0],
			"translation": [0, 2.5, 0],
			"scale": [0.375, 0.375, 0.375]
		},
		"thirdperson_lefthand": {
			"rotation": [75, 45, 0],
			"translation": [0, 2.5, 0],
			"scale": [0.375, 0.375, 0.375]
		},
		"firstperson_righthand": {
			"rotation": [0, 45, 0],
			"scale": [0.4, 0.4, 0.4]
		},
		"firstperson_lefthand": {
			"rotation": [0, 225, 0],
			"scale": [0.4, 0.4, 0.4]
		},
		"ground": {
			"translation": [0, 3, 0],
			"scale": [0.25, 0.25, 0.25]
		},
		"gui": {
			"rotation": [30, 225, 0],
			"scale": [0.625, 0.625, 0.625]
		},
		"fixed": {
			"scale": [0.5, 0.5, 0.5]
		}
	},
	"groups": [
		{
			"name": "1",
			"origin": [8, 8, 8],
			"color": 0,
			"children": [0, 1, 2, 3, 4]
		},
		{
			"name": "2",
			"origin": [8, 8, 8],
			"color": 0,
			"children": [5, 6, 7, 8, 9, 10, 11, 12, 13, 14, 15, 16]
		}
	]
}