{
	"credit": "Made with Blockbench",
	"textures": {
		"0": "block/furnace_front",
		"1": "block/furnace_side",
		"2": "block/furnace_top",
		"3": "block/coal_block",
		"5": "block/furnace_front_on",
		"6": "blockbench/furnace_content",
		"particle": "block/furnace_side"
	},
	"elements": [
		{
			"from": [0, 0, 0],
			"to": [16, 1, 16],
			"faces": {
				"north": {"uv": [0, 15, 16, 16], "texture": "#0", "cullface": "north"},
				"east": {"uv": [0, 15, 16, 16], "texture": "#1", "cullface": "east"},
				"south": {"uv": [0, 15, 16, 16], "texture": "#1", "cullface": "south"},
				"west": {"uv": [0, 15, 16, 16], "texture": "#1", "cullface": "west"},
				"up": {"uv": [4, 13, 12, 16], "texture": "#5", "cullface": "north"},
				"down": {"uv": [0, 0, 16, 16], "texture": "#2", "cullface": "down"}
			}
		},
		{
			"from": [0, 1, 0],
			"to": [3, 9, 16],
			"rotation": {"angle": 0, "axis": "y", "origin": [8, 9, 8]},
			"faces": {
				"north": {"uv": [13, 7, 16, 15], "texture": "#0", "cullface": "north"},
				"east": {"uv": [4, 13, 12, 16], "texture": "#5", "cullface": "north"},
				"south": {"uv": [0, 7, 3, 15], "texture": "#1", "cullface": "south"},
				"west": {"uv": [0, 7, 16, 15], "texture": "#1", "cullface": "west"}
			}
		},
		{
			"from": [0, 9, 0],
			"to": [3, 16, 16],
			"rotation": {"angle": 0, "axis": "y", "origin": [8, 9, 8]},
			"faces": {
				"north": {"uv": [13, 0, 16, 7], "texture": "#0", "cullface": "north"},
				"east": {"uv": [0, 0, 16, 7], "texture": "#1", "cullface": "north"},
				"south": {"uv": [0, 0, 3, 7], "texture": "#1", "cullface": "south"},
				"west": {"uv": [0, 0, 16, 7], "texture": "#1", "cullface": "west"},
				"up": {"uv": [0, 0, 3, 16], "texture": "#2", "cullface": "up"}
			}
		},
		{
			"from": [13, 1, 0],
			"to": [16, 9, 16],
			"rotation": {"angle": 0, "axis": "y", "origin": [23, 9, 8]},
			"faces": {
				"north": {"uv": [0, 7, 3, 15], "texture": "#0", "cullface": "north"},
				"east": {"uv": [0, 7, 16, 15], "texture": "#1", "cullface": "east"},
				"south": {"uv": [13, 7, 16, 15], "texture": "#1", "cullface": "south"},
				"west": {"uv": [4, 13, 12, 16], "texture": "#5", "cullface": "north"}
			}
		},
		{
			"from": [13, 9, 0],
			"to": [16, 16, 16],
			"rotation": {"angle": 0, "axis": "y", "origin": [23, 9, 8]},
			"faces": {
				"north": {"uv": [0, 0, 3, 7], "texture": "#0", "cullface": "north"},
				"east": {"uv": [0, 0, 16, 7], "texture": "#1", "cullface": "east"},
				"south": {"uv": [13, 0, 16, 7], "texture": "#1", "cullface": "south"},
				"west": {"uv": [0, 0, 16, 7], "texture": "#1", "cullface": "north"},
				"up": {"uv": [13, 0, 16, 16], "texture": "#2", "cullface": "up"}
			}
		},
		{
			"from": [3, 5, 7],
			"to": [13, 16, 16],
			"rotation": {"angle": 0, "axis": "y", "origin": [11, 9, 23]},
			"faces": {
				"north": {"uv": [3, 0, 13, 11], "texture": "#2", "cullface": "north"},
				"south": {"uv": [3, 0, 13, 11], "texture": "#1", "cullface": "south"},
				"up": {"uv": [3, 7, 13, 16], "texture": "#2", "cullface": "up"}
			}
		},
		{
			"from": [3, 1, 7],
			"to": [13, 5, 16],
			"rotation": {"angle": 0, "axis": "y", "origin": [11, 9, 23]},
			"faces": {
				"north": {"uv": [4, 13, 12, 16], "texture": "#5", "cullface": "north"},
				"south": {"uv": [3, 11, 13, 15], "texture": "#1", "cullface": "south"}
			}
		},
		{
			"from": [3, 13, 0],
			"to": [13, 16, 7],
			"rotation": {"angle": 0, "axis": "y", "origin": [20, 23, 8]},
			"faces": {
				"north": {"uv": [3, 0, 13, 3], "texture": "#0", "cullface": "north"},
				"up": {"uv": [3, 0, 13, 7], "texture": "#2", "cullface": "up"},
				"down": {"uv": [3, 9, 13, 16], "texture": "#2", "cullface": "north"}
			}
		},
		{
			"from": [3, 5, 0],
			"to": [13, 9, 7],
			"rotation": {"angle": 0, "axis": "y", "origin": [12, 16, 8]},
			"faces": {
				"north": {"uv": [3, 7, 13, 11], "texture": "#0", "cullface": "north"},
				"up": {"uv": [3, 0, 13, 7], "texture": "#2", "cullface": "north"},
				"down": {"uv": [4, 13, 12, 16], "texture": "#5", "cullface": "north"}
			}
		},
		{
			"from": [3, 12, 0],
			"to": [5, 13, 1],
			"rotation": {"angle": 0, "axis": "y", "origin": [11, 20, 8]},
			"faces": {
				"north": {"uv": [11, 3, 13, 4], "texture": "#0", "cullface": "north"},
				"east": {"uv": [11, 3, 12, 4], "texture": "#0", "cullface": "north"},
				"down": {"uv": [4, 3, 5, 4], "texture": "#0", "cullface": "north"}
			}
		},
		{
			"from": [11, 12, 0],
			"to": [13, 13, 1],
			"rotation": {"angle": 0, "axis": "y", "origin": [19, 20, 8]},
			"faces": {
				"north": {"uv": [3, 3, 5, 4], "texture": "#0", "cullface": "north"},
				"west": {"uv": [4, 3, 5, 4], "texture": "#0", "cullface": "north"},
				"down": {"uv": [4, 3, 5, 4], "texture": "#0", "cullface": "north"}
			}
		},
		{
			"from": [12, 11, 0],
			"to": [13, 12, 1],
			"rotation": {"angle": 0, "axis": "y", "origin": [19, 19, 8]},
			"faces": {
				"north": {"uv": [3, 4, 4, 5], "texture": "#0", "cullface": "north"},
				"west": {"uv": [4, 3, 5, 4], "texture": "#0", "cullface": "north"},
				"down": {"uv": [4, 3, 5, 4], "texture": "#0", "cullface": "north"}
			}
		},
		{
			"from": [3, 11, 0],
			"to": [4, 12, 1],
			"rotation": {"angle": 0, "axis": "y", "origin": [10, 19, 8]},
			"faces": {
				"north": {"uv": [12, 4, 13, 5], "texture": "#0", "cullface": "north"},
				"east": {"uv": [11, 3, 12, 4], "texture": "#0", "cullface": "north"},
				"down": {"uv": [4, 3, 5, 4], "texture": "#0", "cullface": "north"}
			}
		},
		{
			"from": [3, 3, 0],
			"to": [4, 4, 1],
			"rotation": {"angle": 0, "axis": "y", "origin": [10, 11, 8]},
			"faces": {
				"north": {"uv": [12, 12, 13, 13], "texture": "#0", "cullface": "north"},
				"east": {"uv": [11, 11, 12, 12], "texture": "#0", "cullface": "north"},
				"down": {"uv": [4, 3, 5, 4], "texture": "#0", "cullface": "north"}
			}
		},
		{
			"from": [12, 3, 0],
			"to": [13, 4, 1],
			"rotation": {"angle": 0, "axis": "y", "origin": [19, 11, 8]},
			"faces": {
				"north": {"uv": [3, 12, 4, 13], "texture": "#0", "cullface": "north"},
				"west": {"uv": [4, 11, 5, 12], "texture": "#0", "cullface": "north"},
				"down": {"uv": [4, 3, 5, 4], "texture": "#0", "cullface": "north"}
			}
		},
		{
			"from": [11, 4, 0],
			"to": [13, 5, 1],
			"rotation": {"angle": 0, "axis": "y", "origin": [19, 12, 8]},
			"faces": {
				"north": {"uv": [3, 11, 5, 12], "texture": "#0", "cullface": "north"},
				"west": {"uv": [4, 11, 5, 12], "texture": "#0", "cullface": "north"},
				"down": {"uv": [4, 3, 5, 4], "texture": "#0", "cullface": "north"}
			}
		},
		{
			"from": [3, 4, 0],
			"to": [5, 5, 1],
			"rotation": {"angle": 0, "axis": "y", "origin": [11, 12, 8]},
			"faces": {
				"north": {"uv": [11, 11, 13, 12], "texture": "#0", "cullface": "north"},
				"east": {"uv": [11, 11, 12, 12], "texture": "#0", "cullface": "north"},
				"down": {"uv": [4, 3, 5, 4], "texture": "#0", "cullface": "north"}
			}
		},
		{
			"from": [5, 1, 2],
			"to": [8, 3, 7],
			"rotation": {"angle": -45, "axis": "y", "origin": [6.5, 2, 4.5]},
			"faces": {
				"north": {"uv": [3, 3, 6, 5], "texture": "#3", "cullface": "north"},
				"east": {"uv": [0, 0, 5, 2], "texture": "#3", "cullface": "north"},
				"south": {"uv": [0, 0, 3, 2], "texture": "#3", "cullface": "north"},
				"west": {"uv": [0, 0, 5, 2], "texture": "#3", "cullface": "north"},
				"up": {"uv": [0, 0, 3, 5], "texture": "#3", "cullface": "north"}
			}
		},
		{
			"from": [7, 3, 1],
			"to": [10, 5, 6],
			"rotation": {"angle": 0, "axis": "y", "origin": [8.5, 4, 3.5]},
			"faces": {
				"north": {"uv": [3, 3, 6, 5], "texture": "#3", "cullface": "north"},
				"east": {"uv": [0, 0, 5, 2], "texture": "#3", "cullface": "north"},
				"south": {"uv": [0, 0, 3, 2], "texture": "#3", "cullface": "north"},
				"west": {"uv": [0, 0, 5, 2], "texture": "#3", "cullface": "north"},
				"down": {"uv": [0, 0, 3, 5], "texture": "#3", "cullface": "north"}
			}
		},
		{
			"from": [4, 1, 1],
			"to": [6, 3, 3],
			"rotation": {"angle": -22.5, "axis": "y", "origin": [5, 2, 2]},
			"faces": {
				"north": {"uv": [3, 3, 6, 5], "texture": "#3", "cullface": "north"},
				"east": {"uv": [0, 0, 2, 2], "texture": "#3", "cullface": "north"},
				"south": {"uv": [0, 0, 2, 2], "texture": "#3", "cullface": "north"},
				"west": {"uv": [0, 0, 2, 2], "texture": "#3", "cullface": "north"},
				"up": {"uv": [0, 0, 2, 2], "texture": "#3", "cullface": "north"}
			}
		},
		{
			"from": [9, 1, 1],
			"to": [11, 2, 4],
			"rotation": {"angle": 45, "axis": "y", "origin": [10, 1.5, 2.5]},
			"faces": {
				"north": {"uv": [3, 3, 6, 5], "texture": "#3", "cullface": "north"},
				"east": {"uv": [0, 0, 3, 1], "texture": "#3", "cullface": "north"},
				"south": {"uv": [0, 0, 2, 1], "texture": "#3", "cullface": "north"},
				"west": {"uv": [0, 0, 3, 1], "texture": "#3", "cullface": "north"},
				"up": {"uv": [0, 0, 2, 3], "texture": "#3", "cullface": "north"}
			}
		},
		{
			"from": [5, 9, 3],
			"to": [9, 11, 6],
			"rotation": {"angle": -22.5, "axis": "y", "origin": [7, 10, 4.5]},
			"faces": {
				"north": {"uv": [0, 6, 1, 7], "texture": "#6", "cullface": "north"},
				"east": {"uv": [0, 6, 1, 7], "texture": "#6", "cullface": "north"},
				"south": {"uv": [0, 6, 1, 7], "texture": "#6", "cullface": "north"},
				"west": {"uv": [0, 6, 1, 7], "texture": "#6", "cullface": "north"},
				"up": {"uv": [0, 6, 1, 7], "texture": "#6", "cullface": "north"}
			}
		},
		{
			"from": [9.5, 9, 0.625],
			"to": [12.5, 10, 4.625],
			"rotation": {"angle": -45, "axis": "y", "origin": [11, 10, 2.5]},
			"faces": {
				"north": {"uv": [0, 6, 1, 7], "texture": "#6", "cullface": "north"},
				"east": {"uv": [0, 0, 4, 1], "texture": "#6", "cullface": "north"},
				"south": {"uv": [0, 0, 3, 1], "texture": "#6", "cullface": "north"},
				"west": {"uv": [0, 3, 1, 4], "texture": "#6", "cullface": "north"},
				"up": {"uv": [15, 9, 16, 10], "rotation": 90, "texture": "#6", "cullface": "north"}
			}
		},
		{
			"from": [4.5, 9, 0.65],
			"to": [7.5, 10, 4.65],
			"rotation": {"angle": -22.5, "axis": "y", "origin": [6, 10, 2.5]},
			"faces": {
				"north": {"uv": [0, 6, 1, 7], "texture": "#6", "cullface": "north"},
				"east": {"uv": [0, 6, 1, 7], "texture": "#6", "cullface": "north"},
				"south": {"uv": [0, 6, 1, 7], "texture": "#6", "cullface": "north"},
				"west": {"uv": [0, 6, 1, 7], "texture": "#6", "cullface": "north"},
				"up": {"uv": [0, 6, 1, 7], "rotation": 90, "texture": "#6", "cullface": "north"}
			}
		}
	],
	"display": {
		"thirdperson_righthand": {
			"rotation": [75, 45, 0],
			"translation": [0, 2.5, 0],
			"scale": [0.375, 0.375, 0.375]
		},
		"thirdperson_lefthand": {
			"rotation": [75, 45, 0],
			"translation": [0, 2.5, 0],
			"scale": [0.375, 0.375, 0.375]
		},
		"firstperson_righthand": {
			"rotation": [0, 45, 0],
			"scale": [0.4, 0.4, 0.4]
		},
		"firstperson_lefthand": {
			"rotation": [0, 225, 0],
			"scale": [0.4, 0.4, 0.4]
		},
		"ground": {
			"translation": [0, 3, 0],
			"scale": [0.25, 0.25, 0.25]
		},
		"gui": {
			"rotation": [30, 225, 0],
			"scale": [0.625, 0.625, 0.625]
		},
		"fixed": {
			"scale": [0.5, 0.5, 0.5]
		}
	},
	"groups": [
		{
			"name": "fornalha",
			"origin": [20, 23, 8],
			"color": 0,
			"children": [0, 1, 2, 3, 4, 5, 6, 7, 8, 9, 10, 11, 12, 13, 14, 15, 16]
		},
		{
			"name": "carvão",
			"origin": [8, 8, 8],
			"color": 0,
			"children": [17, 18, 19, 20]
		},
		{
			"name": "ferro",
			"origin": [8, 8, 8],
			"color": 0,
			"children": [21, 22, 23]
		}
	]
}