{
	"credit": "Made with Blockbench",
	"textures": {
		"1": "block/furnace_side",
		"2": "block/furnace_top",
		"5": "block/furnace_front",
		"particle": "block/furnace_side"
	},
	"elements": [
		{
			"from": [0, 0, 0],
			"to": [16, 1, 16],
			"faces": {
				"north": {"uv": [0, 15, 16, 16], "texture": "#5", "cullface": "north"},
				"east": {"uv": [0, 15, 16, 16], "texture": "#1", "cullface": "east"},
				"south": {"uv": [0, 15, 16, 16], "texture": "#1", "cullface": "south"},
				"west": {"uv": [0, 15, 16, 16], "texture": "#1", "cullface": "west"},
				"up": {"uv": [4, 12, 12, 15], "texture": "#5", "cullface": "north"},
				"down": {"uv": [0, 0, 16, 16], "texture": "#2", "cullface": "down"}
			}
		},
		{
			"from": [0, 1, 0],
			"to": [3, 9, 16],
			"rotation": {"angle": 0, "axis": "y", "origin": [8, 9, 8]},
			"faces": {
				"north": {"uv": [13, 7, 16, 15], "texture": "#5", "cullface": "north"},
				"east": {"uv": [10, 12, 12, 14], "texture": "#5", "cullface": "north"},
				"south": {"uv": [0, 7, 3, 15], "texture": "#1", "cullface": "south"},
				"west": {"uv": [0, 7, 16, 15], "texture": "#1", "cullface": "west"}
			}
		},
		{
			"from": [0, 9, 0],
			"to": [3, 16, 16],
			"rotation": {"angle": 0, "axis": "y", "origin": [8, 9, 8]},
			"faces": {
				"north": {"uv": [13, 0, 16, 7], "texture": "#5", "cullface": "north"},
				"east": {"uv": [0, 0, 16, 7], "texture": "#1", "cullface": "north"},
				"south": {"uv": [0, 0, 3, 7], "texture": "#1", "cullface": "south"},
				"west": {"uv": [0, 0, 16, 7], "texture": "#1", "cullface": "west"},
				"up": {"uv": [0, 0, 3, 16], "texture": "#2", "cullface": "up"}
			}
		},
		{
			"from": [13, 1, 0],
			"to": [16, 9, 16],
			"rotation": {"angle": 0, "axis": "y", "origin": [23, 9, 8]},
			"faces": {
				"north": {"uv": [0, 7, 3, 15], "texture": "#5", "cullface": "north"},
				"east": {"uv": [0, 7, 16, 15], "texture": "#1", "cullface": "east"},
				"south": {"uv": [13, 7, 16, 15], "texture": "#1", "cullface": "south"},
				"west": {"uv": [4, 12, 6, 14], "texture": "#5", "cullface": "north"}
			}
		},
		{
			"from": [13, 9, 0],
			"to": [16, 16, 16],
			"rotation": {"angle": 0, "axis": "y", "origin": [23, 9, 8]},
			"faces": {
				"north": {"uv": [0, 0, 3, 7], "texture": "#5", "cullface": "north"},
				"east": {"uv": [0, 0, 16, 7], "texture": "#1", "cullface": "east"},
				"south": {"uv": [13, 0, 16, 7], "texture": "#1", "cullface": "south"},
				"west": {"uv": [0, 0, 16, 7], "texture": "#1", "cullface": "north"},
				"up": {"uv": [13, 0, 16, 16], "texture": "#2", "cullface": "up"}
			}
		},
		{
			"from": [3, 5, 7],
			"to": [13, 16, 16],
			"rotation": {"angle": 0, "axis": "y", "origin": [11, 9, 23]},
			"faces": {
				"north": {"uv": [3, 0, 13, 11], "texture": "#2", "cullface": "north"},
				"south": {"uv": [3, 0, 13, 11], "texture": "#1", "cullface": "south"},
				"up": {"uv": [3, 7, 13, 16], "texture": "#2", "cullface": "up"}
			}
		},
		{
			"from": [3, 1, 7],
			"to": [13, 5, 16],
			"rotation": {"angle": 0, "axis": "y", "origin": [11, 9, 23]},
			"faces": {
				"north": {"uv": [4, 12, 12, 15], "texture": "#5", "cullface": "north"},
				"south": {"uv": [3, 11, 13, 15], "texture": "#1", "cullface": "south"}
			}
		},
		{
			"from": [3, 13, 0],
			"to": [13, 16, 7],
			"rotation": {"angle": 0, "axis": "y", "origin": [20, 23, 8]},
			"faces": {
				"north": {"uv": [3, 0, 13, 3], "texture": "#5", "cullface": "north"},
				"up": {"uv": [3, 0, 13, 7], "texture": "#2", "cullface": "up"},
				"down": {"uv": [3, 9, 13, 16], "texture": "#2", "cullface": "north"}
			}
		},
		{
			"from": [3, 5, 0],
			"to": [13, 9, 7],
			"rotation": {"angle": 0, "axis": "y", "origin": [12, 16, 8]},
			"faces": {
				"north": {"uv": [3, 7, 13, 11], "texture": "#5", "cullface": "north"},
				"up": {"uv": [3, 0, 13, 7], "texture": "#2", "cullface": "north"},
				"down": {"uv": [6, 11, 10, 13], "texture": "#5", "cullface": "north"}
			}
		},
		{
			"from": [3, 12, 0],
			"to": [5, 13, 1],
			"rotation": {"angle": 0, "axis": "y", "origin": [11, 20, 8]},
			"faces": {
				"north": {"uv": [11, 3, 13, 4], "texture": "#5", "cullface": "north"},
				"east": {"uv": [11, 3, 12, 4], "texture": "#5", "cullface": "north"},
				"down": {"uv": [4, 3, 5, 4], "texture": "#5", "cullface": "north"}
			}
		},
		{
			"from": [11, 12, 0],
			"to": [13, 13, 1],
			"rotation": {"angle": 0, "axis": "y", "origin": [19, 20, 8]},
			"faces": {
				"north": {"uv": [3, 3, 5, 4], "texture": "#5", "cullface": "north"},
				"west": {"uv": [4, 3, 5, 4], "texture": "#5", "cullface": "north"},
				"down": {"uv": [4, 3, 5, 4], "texture": "#5", "cullface": "north"}
			}
		},
		{
			"from": [12, 11, 0],
			"to": [13, 12, 1],
			"rotation": {"angle": 0, "axis": "y", "origin": [19, 19, 8]},
			"faces": {
				"north": {"uv": [3, 4, 4, 5], "texture": "#5", "cullface": "north"},
				"west": {"uv": [4, 3, 5, 4], "texture": "#5", "cullface": "north"},
				"down": {"uv": [4, 3, 5, 4], "texture": "#5", "cullface": "north"}
			}
		},
		{
			"from": [3, 11, 0],
			"to": [4, 12, 1],
			"rotation": {"angle": 0, "axis": "y", "origin": [10, 19, 8]},
			"faces": {
				"north": {"uv": [12, 4, 13, 5], "texture": "#5", "cullface": "north"},
				"east": {"uv": [11, 3, 12, 4], "texture": "#5", "cullface": "north"},
				"down": {"uv": [4, 3, 5, 4], "texture": "#5", "cullface": "north"}
			}
		},
		{
			"from": [3, 3, 0],
			"to": [4, 4, 1],
			"rotation": {"angle": 0, "axis": "y", "origin": [10, 11, 8]},
			"faces": {
				"north": {"uv": [12, 12, 13, 13], "texture": "#5", "cullface": "north"},
				"east": {"uv": [11, 11, 12, 12], "texture": "#5", "cullface": "north"},
				"down": {"uv": [4, 3, 5, 4], "texture": "#5", "cullface": "north"}
			}
		},
		{
			"from": [12, 3, 0],
			"to": [13, 4, 1],
			"rotation": {"angle": 0, "axis": "y", "origin": [19, 11, 8]},
			"faces": {
				"north": {"uv": [3, 12, 4, 13], "texture": "#5", "cullface": "north"},
				"west": {"uv": [4, 11, 5, 12], "texture": "#5", "cullface": "north"},
				"down": {"uv": [4, 3, 5, 4], "texture": "#5", "cullface": "north"}
			}
		},
		{
			"from": [11, 4, 0],
			"to": [13, 5, 1],
			"rotation": {"angle": 0, "axis": "y", "origin": [19, 12, 8]},
			"faces": {
				"north": {"uv": [3, 11, 5, 12], "texture": "#5", "cullface": "north"},
				"west": {"uv": [4, 11, 5, 12], "texture": "#5", "cullface": "north"},
				"down": {"uv": [4, 3, 5, 4], "texture": "#5", "cullface": "north"}
			}
		},
		{
			"from": [3, 4, 0],
			"to": [5, 5, 1],
			"rotation": {"angle": 0, "axis": "y", "origin": [11, 12, 8]},
			"faces": {
				"north": {"uv": [11, 11, 13, 12], "texture": "#5", "cullface": "north"},
				"east": {"uv": [11, 11, 12, 12], "texture": "#5", "cullface": "north"},
				"down": {"uv": [4, 3, 5, 4], "texture": "#5", "cullface": "north"}
			}
		}
	],
	"display": {
		"thirdperson_righthand": {
			"rotation": [75, 45, 0],
			"translation": [0, 2.5, 0],
			"scale": [0.375, 0.375, 0.375]
		},
		"thirdperson_lefthand": {
			"rotation": [75, 45, 0],
			"translation": [0, 2.5, 0],
			"scale": [0.375, 0.375, 0.375]
		},
		"firstperson_righthand": {
			"rotation": [0, 45, 0],
			"scale": [0.4, 0.4, 0.4]
		},
		"firstperson_lefthand": {
			"rotation": [0, 225, 0],
			"scale": [0.4, 0.4, 0.4]
		},
		"ground": {
			"translation": [0, 3, 0],
			"scale": [0.25, 0.25, 0.25]
		},
		"gui": {
			"rotation": [30, 225, 0],
			"scale": [0.625, 0.625, 0.625]
		},
		"fixed": {
			"scale": [0.5, 0.5, 0.5]
		}
	},
	"groups": [
		{
			"name": "fornalha",
			"origin": [20, 23, 8],
			"color": 0,
			"children": [0, 1, 2, 3, 4, 5, 6, 7, 8, 9, 10, 11, 12, 13, 14, 15, 16]
		}
	]
}