{
	"credit": "By GORIBBY. Made with Blockbench.",
	"parent": "minecraft:block/template_orientable_trapdoor_open",
	"textures": {
		"0": "block/mangrove_trapdoor",
		"particle": "block/mangrove_trapdoor"
	},
	"elements": [
		{
			"from": [0, 0, 13],
			"to": [16, 16, 16],
			"rotation": {"angle": 0, "axis": "x", "origin": [8, 1.5, 8]},
			"faces": {
				"north": {"uv": [16, 0, 0, 16], "rotation": 180, "texture": "#0"},
				"east": {"uv": [0, 0, 16, 3], "rotation": 270, "texture": "#0", "cullface": "east"},
				"south": {"uv": [16, 16, 0, 0], "texture": "#0", "cullface": "south"},
				"west": {"uv": [0, 0, 16, 3], "rotation": 90, "texture": "#0", "cullface": "west"},
				"up": {"uv": [0, 0, 16, 3], "rotation": 180, "texture": "#0", "cullface": "up"},
				"down": {"uv": [0, 0, 16, 3], "texture": "#0", "cullface": "down"}
			}
		},
		{
			"from": [4, 5, 13],
			"to": [5, 11, 16],
			"rotation": {"angle": 0, "axis": "x", "origin": [8, 1.5, 8]},
			"faces": {
				"east": {"uv": [5, 13, 11, 16], "rotation": 270, "texture": "#0"},
				"west": {"uv": [5, 13, 11, 16], "rotation": 90, "texture": "#0"}
			}
		},
		{
			"from": [11, 5, 13],
			"to": [12, 11, 16],
			"rotation": {"angle": 0, "axis": "x", "origin": [8, 1.5, 8]},
			"faces": {
				"east": {"uv": [5, 13, 11, 16], "rotation": 270, "texture": "#0"},
				"west": {"uv": [5, 13, 11, 16], "rotation": 90, "texture": "#0"}
			}
		},
		{
			"from": [5, 11, 13],
			"to": [11, 12, 16],
			"rotation": {"angle": 0, "axis": "x", "origin": [8, 1.5, 8]},
			"faces": {
				"up": {"uv": [5, 13, 11, 16], "rotation": 180, "texture": "#0"},
				"down": {"uv": [5, 13, 11, 16], "texture": "#0"}
			}
		},
		{
			"from": [5, 4, 13],
			"to": [11, 5, 16],
			"rotation": {"angle": 0, "axis": "x", "origin": [8, 1.5, 8]},
			"faces": {
				"up": {"uv": [5, 13, 11, 16], "rotation": 180, "texture": "#0"},
				"down": {"uv": [5, 13, 11, 16], "texture": "#0"}
			}
		},
		{
			"from": [10, 5, 13],
			"to": [11, 6, 16],
			"rotation": {"angle": 0, "axis": "x", "origin": [8, 1.5, 8]},
			"faces": {
				"west": {"uv": [10, 13, 11, 16], "rotation": 90, "texture": "#0"},
				"up": {"uv": [5, 13, 6, 16], "rotation": 180, "texture": "#0"}
			}
		},
		{
			"from": [10, 10, 13],
			"to": [11, 11, 16],
			"rotation": {"angle": 0, "axis": "x", "origin": [8, 1.5, 8]},
			"faces": {
				"west": {"uv": [5, 13, 6, 16], "rotation": 90, "texture": "#0"},
				"down": {"uv": [10, 13, 11, 16], "texture": "#0"}
			}
		},
		{
			"from": [5, 5, 13],
			"to": [6, 6, 16],
			"rotation": {"angle": 0, "axis": "x", "origin": [8, 1.5, 8]},
			"faces": {
				"east": {"uv": [5, 13, 6, 16], "rotation": 270, "texture": "#0"},
				"up": {"uv": [10, 13, 11, 16], "rotation": 180, "texture": "#0"}
			}
		},
		{
			"from": [5, 10, 13],
			"to": [6, 11, 16],
			"rotation": {"angle": 0, "axis": "x", "origin": [8, 1.5, 8]},
			"faces": {
				"east": {"uv": [10, 13, 11, 16], "rotation": 270, "texture": "#0"},
				"down": {"uv": [5, 13, 6, 16], "texture": "#0"}
			}
		}
	],
	"display": {
		"thirdperson_righthand": {
			"rotation": [75, 45, 0],
			"translation": [0, 2.5, 0],
			"scale": [0.375, 0.375, 0.375]
		},
		"thirdperson_lefthand": {
			"rotation": [75, 45, 0],
			"translation": [0, 2.5, 0],
			"scale": [0.375, 0.375, 0.375]
		},
		"firstperson_righthand": {
			"rotation": [0, 45, 0],
			"scale": [0.4, 0.4, 0.4]
		},
		"firstperson_lefthand": {
			"rotation": [0, 225, 0],
			"scale": [0.4, 0.4, 0.4]
		},
		"ground": {
			"translation": [0, 3, 0],
			"scale": [0.25, 0.25, 0.25]
		},
		"gui": {
			"rotation": [30, 225, 0],
			"scale": [0.625, 0.625, 0.625]
		},
		"fixed": {
			"scale": [0.5, 0.5, 0.5]
		}
	},
	"groups": [
		0,
		{
			"name": "group",
			"origin": [8, 1.5, 8],
			"color": 0,
			"children": [1, 2, 3, 4, 5, 6, 7, 8]
		}
	]
}