{
	"credit": "Made with Blockbench",
	"textures": {
		"0": "block/melon_side",
		"1": "block/melon_top",
		"particle": "block/melon_side"
	},
	"elements": [
		{
			"from": [0, 0, 0],
			"to": [16, 16, 16],
			"faces": {
				"north": {"uv": [0, 0, 16, 16], "texture": "#0", "cullface": "north"},
				"east": {"uv": [0, 0, 16, 16], "texture": "#0", "cullface": "east"},
				"south": {"uv": [0, 0, 16, 16], "texture": "#0", "cullface": "south"},
				"west": {"uv": [0, 0, 16, 16], "texture": "#0", "cullface": "west"},
				"up": {"uv": [0, 0, 16, 16], "texture": "#1", "cullface": "up"},
				"down": {"uv": [0, 0, 16, 16], "texture": "#1", "cullface": "down"}
			}
		},
		{
			"from": [7, 16, 6],
			"to": [9, 16.5, 10],
			"rotation": {"angle": 0, "axis": "y", "origin": [15, 24, 14]},
			"faces": {
				"north": {"uv": [7, 9, 9, 9.5], "texture": "#1", "cullface": "up"},
				"east": {"uv": [7, 9, 9, 9.5], "texture": "#1", "cullface": "up"},
				"south": {"uv": [7, 9, 9, 9.5], "texture": "#1", "cullface": "up"},
				"west": {"uv": [7, 9, 9, 9.5], "texture": "#1", "cullface": "up"},
				"up": {"uv": [7, 6, 9, 10], "texture": "#1", "cullface": "up"}
			}
		},
		{
			"from": [6, 16, 7],
			"to": [7, 16.5, 9],
			"rotation": {"angle": 0, "axis": "y", "origin": [14, 24, 14]},
			"faces": {
				"north": {"uv": [7, 9, 9, 9.5], "texture": "#1", "cullface": "up"},
				"south": {"uv": [7, 9, 9, 9.5], "texture": "#1", "cullface": "up"},
				"west": {"uv": [7, 9, 9, 9.5], "texture": "#1", "cullface": "up"},
				"up": {"uv": [6, 7, 7, 9], "texture": "#1", "cullface": "up"}
			}
		},
		{
			"from": [9, 16, 7],
			"to": [10, 16.5, 9],
			"rotation": {"angle": 0, "axis": "y", "origin": [17, 24, 14]},
			"faces": {
				"north": {"uv": [7, 9, 9, 9.5], "texture": "#1", "cullface": "up"},
				"east": {"uv": [7, 9, 9, 9.5], "texture": "#1", "cullface": "up"},
				"south": {"uv": [7, 9, 9, 9.5], "texture": "#1", "cullface": "up"},
				"up": {"uv": [9, 7, 10, 9], "texture": "#1", "cullface": "up"}
			}
		}
	],
	"display": {
		"thirdperson_righthand": {
			"rotation": [75, 45, 0],
			"translation": [0, 2.5, 0],
			"scale": [0.375, 0.375, 0.375]
		},
		"thirdperson_lefthand": {
			"rotation": [75, 45, 0],
			"translation": [0, 2.5, 0],
			"scale": [0.375, 0.375, 0.375]
		},
		"firstperson_righthand": {
			"rotation": [0, 45, 0],
			"scale": [0.4, 0.4, 0.4]
		},
		"firstperson_lefthand": {
			"rotation": [0, 225, 0],
			"scale": [0.4, 0.4, 0.4]
		},
		"ground": {
			"translation": [0, 3, 0],
			"scale": [0.25, 0.25, 0.25]
		},
		"gui": {
			"rotation": [30, 225, 0],
			"scale": [0.625, 0.625, 0.625]
		},
		"fixed": {
			"scale": [0.5, 0.5, 0.5]
		}
	}
}