{
	"credit": "Made with Blockbench",
	"ambientocclusion": false,
	"textures": {
		"particle": "block/oak_door_bottom",
		"1_0": "block/oak_door_bottom"
	},
	"elements": [
		{
			"from": [0, 0, 0],
			"to": [3, 3, 16],
			"rotation": {"angle": 0, "axis": "y", "origin": [1.5, 8.25, 7.75]},
			"faces": {
				"north": {"uv": [0.032, 13.032, 2.968, 15.968], "texture": "#1_0", "cullface": "north"},
				"east": {"uv": [16, 13, 0, 16], "texture": "#1_0"},
				"south": {"uv": [2.968, 13.032, 0.032, 15.968], "texture": "#1_0", "cullface": "south"},
				"west": {"uv": [0.032, 13.032, 15.968, 15.968], "texture": "#1_0", "cullface": "west"},
				"up": {"uv": [0.032, 0.032, 15.968, 2.968], "rotation": 270, "texture": "#1_0"},
				"down": {"uv": [13.032, 0.032, 15.968, 15.968], "rotation": 180, "texture": "#1_0", "cullface": "down"}
			}
		},
		{
			"from": [0, 7, 2],
			"to": [3, 9, 14],
			"rotation": {"angle": 0, "axis": "y", "origin": [1.5, 8.25, 7.75]},
			"faces": {
				"east": {"uv": [14, 7, 2, 9], "texture": "#1_0"},
				"west": {"uv": [2, 7, 14, 9], "texture": "#1_0", "cullface": "west"},
				"up": {"uv": [0.032, 2.032, 10.968, 4.968], "rotation": 270, "texture": "#1_0"},
				"down": {"uv": [13.032, 3.032, 15.968, 13.968], "rotation": 180, "texture": "#1_0"}
			}
		},
		{
			"from": [0, 13, 2],
			"to": [3, 14, 14],
			"rotation": {"angle": 0, "axis": "y", "origin": [1.5, 8.25, 7.75]},
			"faces": {
				"east": {"uv": [14, 2, 2, 3], "texture": "#1_0"},
				"west": {"uv": [2, 2, 14, 3], "texture": "#1_0", "cullface": "west"},
				"up": {"uv": [0.032, 2.032, 10.968, 4.968], "rotation": 270, "texture": "#1_0"},
				"down": {"uv": [13.032, 3.032, 15.968, 13.968], "rotation": 180, "texture": "#1_0"}
			}
		},
		{
			"from": [0, 3, 14],
			"to": [3, 16, 16],
			"rotation": {"angle": 0, "axis": "y", "origin": [1.5, 8.25, 7.75]},
			"faces": {
				"north": {"uv": [13.032, 0.032, 15.968, 12.968], "texture": "#1_0"},
				"east": {"uv": [16, 0, 14, 13], "texture": "#1_0"},
				"south": {"uv": [15.968, 0.032, 13.032, 12.968], "texture": "#1_0", "cullface": "south"},
				"west": {"uv": [14.032, 0.032, 15.968, 12.968], "texture": "#1_0", "cullface": "west"}
			}
		},
		{
			"from": [0, 3, 0],
			"to": [3, 16, 2],
			"rotation": {"angle": 0, "axis": "y", "origin": [1.5, 8.25, 7.75]},
			"faces": {
				"north": {"uv": [0, 0, 3, 13], "texture": "#1_0", "cullface": "north"},
				"east": {"uv": [2, 0, 0, 13], "texture": "#1_0"},
				"south": {"uv": [13.032, 0.032, 15.968, 12.968], "texture": "#1_0"},
				"west": {"uv": [0, 0, 2, 13], "texture": "#1_0", "cullface": "west"}
			}
		},
		{
			"from": [0, 14, 7],
			"to": [3, 16, 9],
			"rotation": {"angle": 0, "axis": "y", "origin": [1.5, 8.25, 7.75]},
			"faces": {
				"north": {"uv": [0.032, 5.032, 2.968, 8.968], "texture": "#1_0"},
				"east": {"uv": [9, 0, 7, 2], "texture": "#1_0"},
				"south": {"uv": [13.032, 0.032, 15.968, 1.968], "texture": "#1_0"},
				"west": {"uv": [7.032, 0.032, 8.968, 1.968], "texture": "#1_0", "cullface": "west"}
			}
		},
		{
			"from": [0, 9, 7],
			"to": [3, 13, 9],
			"rotation": {"angle": 0, "axis": "y", "origin": [1.5, 8.25, 7.75]},
			"faces": {
				"north": {"uv": [0.032, 5.032, 2.968, 8.968], "texture": "#1_0"},
				"east": {"uv": [9, 3, 7, 7], "texture": "#1_0"},
				"south": {"uv": [13.032, 3.032, 15.968, 6.968], "texture": "#1_0"},
				"west": {"uv": [7.032, 3.032, 8.968, 6.968], "texture": "#1_0", "cullface": "west"}
			}
		},
		{
			"from": [0, 3, 7],
			"to": [3, 7, 9],
			"rotation": {"angle": 0, "axis": "y", "origin": [1.5, 8.25, 7.75]},
			"faces": {
				"north": {"uv": [0.032, 5.032, 2.968, 8.968], "texture": "#1_0"},
				"east": {"uv": [9, 9, 7, 13], "texture": "#1_0"},
				"south": {"uv": [13.032, 9.032, 15.968, 12.968], "texture": "#1_0"},
				"west": {"uv": [7.032, 9.032, 8.968, 12.968], "texture": "#1_0", "cullface": "west"}
			}
		},
		{
			"from": [0.3, 3, 2],
			"to": [2.7, 7, 7],
			"rotation": {"angle": 0, "axis": "y", "origin": [1.5, 8.25, 7.75]},
			"faces": {
				"east": {"uv": [7, 9, 2, 13], "texture": "#1_0"},
				"west": {"uv": [2, 9, 7, 13], "texture": "#1_0", "cullface": "west"}
			}
		},
		{
			"from": [0.3, 9, 2],
			"to": [2.7, 13, 7],
			"rotation": {"angle": 0, "axis": "y", "origin": [1.5, 8.25, 7.75]},
			"faces": {
				"east": {"uv": [7, 3, 2, 7], "texture": "#1_0"},
				"west": {"uv": [2, 3, 7, 7], "texture": "#1_0", "cullface": "west"}
			}
		},
		{
			"from": [0.3, 14, 2],
			"to": [2.7, 16, 7],
			"rotation": {"angle": 0, "axis": "y", "origin": [1.5, 8.25, 7.75]},
			"faces": {
				"east": {"uv": [7, 0, 2, 2], "texture": "#1_0"},
				"west": {"uv": [2, 0, 7, 2], "texture": "#1_0", "cullface": "west"}
			}
		},
		{
			"from": [0.3, 14, 9],
			"to": [2.7, 16, 14],
			"rotation": {"angle": 0, "axis": "y", "origin": [1.5, 8.25, 7.75]},
			"faces": {
				"east": {"uv": [14, 0, 9, 2], "texture": "#1_0"},
				"west": {"uv": [9, 0, 14, 2], "texture": "#1_0", "cullface": "west"}
			}
		},
		{
			"from": [0.3, 3, 9],
			"to": [2.7, 7, 14],
			"rotation": {"angle": 0, "axis": "y", "origin": [1.5, 8.25, 7.75]},
			"faces": {
				"east": {"uv": [14, 9, 9, 13], "texture": "#1_0"},
				"west": {"uv": [9, 9, 14, 13], "texture": "#1_0", "cullface": "west"}
			}
		},
		{
			"from": [0.3, 9, 9],
			"to": [2.7, 13, 14],
			"rotation": {"angle": 0, "axis": "y", "origin": [1.5, 8.25, 7.75]},
			"faces": {
				"east": {"uv": [14, 3, 9, 7], "texture": "#1_0"},
				"west": {"uv": [9, 3, 14, 7], "texture": "#1_0", "cullface": "west"}
			}
		}
	],
	"display": {
		"thirdperson_righthand": {
			"rotation": [75, 45, 0],
			"translation": [0, 2.5, 0],
			"scale": [0.375, 0.375, 0.375]
		},
		"thirdperson_lefthand": {
			"rotation": [75, 45, 0],
			"translation": [0, 2.5, 0],
			"scale": [0.375, 0.375, 0.375]
		},
		"firstperson_righthand": {
			"rotation": [0, 45, 0],
			"scale": [0.4, 0.4, 0.4]
		},
		"firstperson_lefthand": {
			"rotation": [0, 225, 0],
			"scale": [0.4, 0.4, 0.4]
		},
		"ground": {
			"translation": [0, 3, 0],
			"scale": [0.25, 0.25, 0.25]
		},
		"gui": {
			"rotation": [30, 225, 0],
			"scale": [0.625, 0.625, 0.625]
		},
		"fixed": {
			"scale": [0.5, 0.5, 0.5]
		}
	},
	"groups": [
		{
			"name": "iron_door_bottom_hinge",
			"origin": [8, 8, 8],
			"color": 0,
			"children": [
				{
					"name": "door_bottom",
					"origin": [8, 8, 8],
					"color": 0,
					"children": [0, 1, 2, 3, 4, 5, 6, 7, 8, 9, 10, 11, 12, 13]
				}
			]
		}
	]
}