{
	"credit": "Made with Blockbench",
	"ambientocclusion": false,
	"textures": {
		"0": "block/oak_door_top",
		"particle": "block/oak_door_top"
	},
	"elements": [
		{
			"from": [0, 3, 0],
			"to": [3, 16, 3],
			"rotation": {"angle": 0, "axis": "y", "origin": [8, 8, 10]},
			"faces": {
				"north": {"uv": [0, 0, 3, 13], "texture": "#0", "cullface": "north"},
				"east": {"uv": [13, 0, 16, 13], "texture": "#0"},
				"south": {"uv": [0.032, 0.032, 15.968, 2.968], "rotation": 90, "texture": "#0"},
				"west": {"uv": [0, 0, 3, 13], "texture": "#0", "cullface": "west"},
				"up": {"uv": [13.032, 0.032, 15.968, 2.968], "texture": "#0", "cullface": "up"},
				"down": {"uv": [0, 13, 3, 16], "texture": "#0"}
			}
		},
		{
			"from": [0, 0, 0],
			"to": [3, 3, 2],
			"rotation": {"angle": 0, "axis": "y", "origin": [8, 8, 10]},
			"faces": {
				"north": {"uv": [0, 13, 3, 16], "texture": "#0", "cullface": "north"},
				"east": {"uv": [14, 13, 16, 16], "texture": "#0"},
				"south": {"uv": [0, 10, 3, 13], "rotation": 90, "texture": "#0"},
				"west": {"uv": [0, 13, 2, 16], "texture": "#0", "cullface": "west"}
			}
		},
		{
			"from": [0, 3, 13],
			"to": [3, 16, 16],
			"rotation": {"angle": 0, "axis": "y", "origin": [8, 8, 23]},
			"faces": {
				"north": {"uv": [13, 0, 16, 13], "texture": "#0"},
				"east": {"uv": [16, 0, 13, 13], "texture": "#0"},
				"south": {"uv": [13, 0, 16, 13], "texture": "#0", "cullface": "south"},
				"west": {"uv": [13, 0, 16, 13], "texture": "#0", "cullface": "west"},
				"up": {"uv": [0, 13, 3, 16], "texture": "#0", "cullface": "up"},
				"down": {"uv": [13, 10, 16, 13], "texture": "#0"}
			}
		},
		{
			"from": [0, 0, 14],
			"to": [3, 3, 16],
			"rotation": {"angle": 0, "axis": "y", "origin": [8, 8, 23]},
			"faces": {
				"north": {"uv": [13, 10, 16, 13], "rotation": 90, "texture": "#0"},
				"east": {"uv": [16, 13, 14, 16], "texture": "#0"},
				"south": {"uv": [13, 10, 16, 13], "texture": "#0", "cullface": "south"},
				"west": {"uv": [14, 13, 16, 16], "texture": "#0", "cullface": "west"},
				"up": {"uv": [0, 14, 3, 16], "texture": "#0"}
			}
		},
		{
			"from": [0, 0, 7],
			"to": [3, 5, 9],
			"rotation": {"angle": 0, "axis": "y", "origin": [8, 8, 16]},
			"faces": {
				"north": {"uv": [13.032, 3.032, 15.968, 7.968], "texture": "#0"},
				"east": {"uv": [8.968, 11.032, 7.032, 15.968], "texture": "#0"},
				"south": {"uv": [0.032, 0.032, 4.968, 2.968], "rotation": 90, "texture": "#0"},
				"west": {"uv": [7.032, 11.032, 8.968, 15.968], "texture": "#0", "cullface": "west"},
				"up": {"uv": [0.032, 7.032, 2.968, 8.968], "texture": "#0"}
			}
		},
		{
			"from": [1, 5, 7],
			"to": [2, 13, 9],
			"rotation": {"angle": 0, "axis": "y", "origin": [8, 8, 16]},
			"faces": {
				"north": {"uv": [13.032, 3.032, 13.968, 10.968], "texture": "#0"},
				"east": {"uv": [8.968, 3.032, 7.032, 10.968], "texture": "#0"},
				"south": {"uv": [0.032, 0.032, 7.968, 0.968], "rotation": 90, "texture": "#0"},
				"west": {"uv": [7.032, 3.032, 8.968, 10.968], "texture": "#0"}
			}
		},
		{
			"from": [0, 13, 3],
			"to": [3, 16, 13],
			"rotation": {"angle": 0, "axis": "y", "origin": [8, 11, 16]},
			"faces": {
				"east": {"uv": [12.968, 0.032, 3.032, 2.968], "texture": "#0"},
				"west": {"uv": [3.032, 0.032, 12.968, 2.968], "texture": "#0", "cullface": "west"},
				"up": {"uv": [13.032, 3.032, 15.968, 12.968], "texture": "#0", "cullface": "up"},
				"down": {"uv": [13.032, 3.032, 15.968, 6.968], "texture": "#0"}
			}
		},
		{
			"from": [1, 8, 3],
			"to": [2, 10, 7],
			"rotation": {"angle": 0, "axis": "y", "origin": [8, 5, 16]},
			"faces": {
				"east": {"uv": [6.968, 6.032, 3.032, 7.968], "texture": "#0"},
				"west": {"uv": [3.032, 6.032, 6.968, 7.968], "texture": "#0"},
				"up": {"uv": [13.032, 4.032, 13.968, 7.968], "texture": "#0"},
				"down": {"uv": [13.032, 3.032, 13.968, 6.968], "texture": "#0"}
			}
		},
		{
			"from": [1, 8, 9],
			"to": [2, 10, 13],
			"rotation": {"angle": 0, "axis": "y", "origin": [8, 5, 22]},
			"faces": {
				"east": {"uv": [12.968, 6.032, 9.032, 7.968], "texture": "#0"},
				"west": {"uv": [9.032, 6.032, 12.968, 7.968], "texture": "#0"},
				"up": {"uv": [13.032, 4.032, 13.968, 7.968], "texture": "#0"},
				"down": {"uv": [13.032, 3.032, 13.968, 6.968], "texture": "#0"}
			}
		},
		{
			"from": [0, 3, 9],
			"to": [3, 5, 13],
			"rotation": {"angle": 0, "axis": "y", "origin": [8, 0, 22]},
			"faces": {
				"east": {"uv": [12.968, 11.032, 9.032, 12.968], "texture": "#0"},
				"west": {"uv": [9.032, 11.032, 12.968, 12.968], "texture": "#0", "cullface": "west"},
				"up": {"uv": [13.032, 4.032, 15.968, 7.968], "texture": "#0"},
				"down": {"uv": [13.032, 3.032, 15.968, 6.968], "texture": "#0"}
			}
		},
		{
			"from": [0, 3, 3],
			"to": [3, 5, 7],
			"rotation": {"angle": 0, "axis": "y", "origin": [8, 0, 16]},
			"faces": {
				"east": {"uv": [6.968, 11.032, 3.032, 12.968], "texture": "#0"},
				"west": {"uv": [3.032, 11.032, 6.968, 12.968], "texture": "#0", "cullface": "west"},
				"up": {"uv": [13.032, 4.032, 15.968, 7.968], "texture": "#0"},
				"down": {"uv": [13.032, 3.032, 15.968, 6.968], "texture": "#0"}
			}
		},
		{
			"from": [0.3, 0, 2],
			"to": [2.7, 3, 7],
			"rotation": {"angle": 0, "axis": "y", "origin": [8, -2, 16]},
			"faces": {
				"east": {"uv": [2, 13, 7, 16], "texture": "#0"},
				"west": {"uv": [2, 13, 7, 16], "texture": "#0", "cullface": "west"}
			}
		},
		{
			"from": [0.3, 0, 9],
			"to": [2.7, 3, 14],
			"rotation": {"angle": 0, "axis": "y", "origin": [8, -2, 22]},
			"faces": {
				"east": {"uv": [14, 13, 9, 16], "texture": "#0"},
				"west": {"uv": [9, 13, 14, 16], "texture": "#0", "cullface": "west"}
			}
		},
		{
			"from": [-0.5, 1, 11],
			"to": [1, 2, 14],
			"rotation": {"angle": 0, "axis": "y", "origin": [7, 9, 20]},
			"faces": {
				"north": {"uv": [11.032, 14.032, 11.968, 15.5], "rotation": 90, "texture": "#0", "cullface": "west"},
				"south": {"uv": [13.032, 14.032, 14.5, 14.968], "texture": "#0", "cullface": "west"},
				"west": {"uv": [11.032, 14.032, 13.968, 14.968], "texture": "#0", "cullface": "west"},
				"up": {"uv": [11.032, 14.032, 13.968, 14.5], "rotation": 90, "texture": "#0", "cullface": "west"},
				"down": {"uv": [12.032, 14.032, 13.968, 14.968], "rotation": 90, "texture": "#0", "cullface": "west"}
			}
		},
		{
			"from": [2, 1, 11],
			"to": [3.5, 2, 14],
			"rotation": {"angle": 0, "axis": "y", "origin": [9.5, 9, 20]},
			"faces": {
				"north": {"uv": [11.032, 14.032, 11.968, 15.5], "rotation": 90, "texture": "#0"},
				"east": {"uv": [13.968, 14.032, 11.032, 14.968], "texture": "#0"},
				"south": {"uv": [12.032, 14.032, 13.5, 14.968], "texture": "#0"},
				"up": {"uv": [11.032, 14.032, 13.968, 14.5], "rotation": 90, "texture": "#0"},
				"down": {"uv": [12.032, 14.032, 13.968, 14.968], "rotation": 90, "texture": "#0"}
			}
		},
		{
			"from": [-0.5, 0, 11],
			"to": [0.3, 1, 12],
			"rotation": {"angle": 0, "axis": "y", "origin": [7, 8, 20]},
			"faces": {
				"north": {"uv": [11.032, 15.032, 11.8, 15.968], "texture": "#0", "cullface": "west"},
				"south": {"uv": [11.032, 15.032, 11.8, 15.968], "texture": "#0", "cullface": "west"},
				"west": {"uv": [11.032, 15.032, 11.968, 15.968], "texture": "#0", "cullface": "west"},
				"down": {"uv": [11.032, 15.032, 11.8, 15.968], "texture": "#0", "cullface": "west"}
			}
		},
		{
			"from": [2.7, 0, 11],
			"to": [3.5, 1, 12],
			"rotation": {"angle": 0, "axis": "y", "origin": [10.2, 8, 20]},
			"faces": {
				"north": {"uv": [11.032, 15.032, 11.8, 15.968], "texture": "#0"},
				"east": {"uv": [11.968, 15.032, 11.032, 15.968], "texture": "#0"},
				"south": {"uv": [11.032, 15.032, 11.8, 15.968], "texture": "#0"},
				"down": {"uv": [11.032, 15.032, 11.8, 15.968], "texture": "#0", "cullface": "down"}
			}
		}
	],
	"groups": [
		{
			"name": "door_top",
			"origin": [8, 8, 8],
			"color": 0,
			"children": [0, 1, 2, 3, 4, 5, 6, 7, 8, 9, 10, 11, 12, 13, 14, 15, 16]
		}
	]
}