{
	"credit": "Made with Blockbench",
	"textures": {
		"0": "block/piston_bottom",
		"2": "block/piston_side",
		"3": "block/piston_top",
		"particle": "block/piston_side"
	},
	"elements": [
		{
			"from": [0, 0, 0],
			"to": [16, 16, 4],
			"faces": {
				"north": {"uv": [0, 0, 16, 16], "texture": "#3", "cullface": "north"},
				"east": {"uv": [0, 0, 16, 4], "rotation": 90, "texture": "#2", "cullface": "east"},
				"west": {"uv": [0, 0, 16, 4], "rotation": 90, "texture": "#2", "cullface": "west"},
				"up": {"uv": [0, 0, 16, 4], "texture": "#2", "cullface": "up"},
				"down": {"uv": [0, 0, 16, 4], "texture": "#2", "cullface": "down"}
			}
		},
		{
			"from": [0, 0, -0.5],
			"to": [2, 2, 0],
			"rotation": {"angle": 0, "axis": "y", "origin": [8, 8, 7.5]},
			"faces": {
				"north": {"uv": [14, 14, 16, 16], "texture": "#3", "cullface": "north"},
				"east": {"uv": [0, 0, 0.5, 2], "texture": "#3", "cullface": "north"},
				"up": {"uv": [0, 0, 2, 0.5], "texture": "#3", "cullface": "north"},
				"down": {"uv": [0, 0, 2, 0.5], "texture": "#3", "cullface": "down"}
			}
		},
		{
			"from": [0, 7, -0.5],
			"to": [2, 9, 0],
			"rotation": {"angle": 0, "axis": "y", "origin": [8, 15, 7.5]},
			"faces": {
				"north": {"uv": [14, 7, 16, 9], "texture": "#3", "cullface": "north"},
				"east": {"uv": [0, 0, 0.5, 2], "texture": "#3", "cullface": "north"},
				"up": {"uv": [0, 0, 2, 0.5], "texture": "#3", "cullface": "north"},
				"down": {"uv": [0, 0, 2, 0.5], "texture": "#3", "cullface": "north"}
			}
		},
		{
			"from": [0, 14, -0.5],
			"to": [2, 16, 0],
			"rotation": {"angle": 0, "axis": "y", "origin": [8, 22, 7.5]},
			"faces": {
				"north": {"uv": [14, 0, 16, 2], "texture": "#3", "cullface": "north"},
				"east": {"uv": [0, 0, 0.5, 2], "texture": "#3", "cullface": "north"},
				"down": {"uv": [0, 0, 2, 0.5], "texture": "#3", "cullface": "north"}
			}
		},
		{
			"from": [7, 14, -0.5],
			"to": [9, 16, 0],
			"rotation": {"angle": 0, "axis": "y", "origin": [15, 22, 7.5]},
			"faces": {
				"north": {"uv": [7, 0, 9, 2], "texture": "#3", "cullface": "north"},
				"east": {"uv": [0, 0, 0.5, 2], "texture": "#3", "cullface": "north"},
				"west": {"uv": [0, 0, 0.5, 2], "texture": "#3", "cullface": "north"},
				"down": {"uv": [0, 0, 2, 0.5], "texture": "#3", "cullface": "north"}
			}
		},
		{
			"from": [14, 14, -0.5],
			"to": [16, 16, 0],
			"rotation": {"angle": 0, "axis": "y", "origin": [22, 22, 7.5]},
			"faces": {
				"north": {"uv": [0, 0, 2, 2], "texture": "#3", "cullface": "north"},
				"west": {"uv": [0, 0, 0.5, 2], "texture": "#3", "cullface": "north"},
				"down": {"uv": [0, 0, 2, 0.5], "texture": "#3", "cullface": "north"}
			}
		},
		{
			"from": [14, 7, -0.5],
			"to": [16, 9, 0],
			"rotation": {"angle": 0, "axis": "y", "origin": [22, 15, 7.5]},
			"faces": {
				"north": {"uv": [0, 7, 2, 9], "texture": "#3", "cullface": "north"},
				"west": {"uv": [0, 0, 0.5, 2], "texture": "#3", "cullface": "north"},
				"up": {"uv": [0, 0, 2, 0.5], "texture": "#3", "cullface": "north"},
				"down": {"uv": [0, 0, 2, 0.5], "texture": "#3", "cullface": "north"}
			}
		},
		{
			"from": [14, 0, -0.5],
			"to": [16, 2, 0],
			"rotation": {"angle": 0, "axis": "y", "origin": [22, 8, 7.5]},
			"faces": {
				"north": {"uv": [0, 14, 2, 16], "texture": "#3", "cullface": "north"},
				"west": {"uv": [0, 0, 0.5, 2], "texture": "#3", "cullface": "north"},
				"up": {"uv": [0, 0, 2, 0.5], "texture": "#3", "cullface": "north"},
				"down": {"uv": [0, 0, 2, 0.5], "texture": "#3", "cullface": "down"}
			}
		},
		{
			"from": [7, 0, -0.5],
			"to": [9, 2, 0],
			"rotation": {"angle": 0, "axis": "y", "origin": [15, 8, 7.5]},
			"faces": {
				"north": {"uv": [7, 14, 9, 16], "texture": "#3", "cullface": "north"},
				"east": {"uv": [0, 0, 0.5, 2], "texture": "#3", "cullface": "north"},
				"west": {"uv": [0, 0, 0.5, 2], "texture": "#3", "cullface": "north"},
				"up": {"uv": [0, 0, 2, 0.5], "texture": "#3", "cullface": "north"},
				"down": {"uv": [0, 0, 2, 0.5], "texture": "#3", "cullface": "down"}
			}
		},
		{
			"from": [-0.5, 0, -0.5],
			"to": [0, 2, 4],
			"rotation": {"angle": 0, "axis": "y", "origin": [7, 8, 8]},
			"faces": {
				"north": {"uv": [0, 0, 0.5, 2], "texture": "#2", "cullface": "west"},
				"south": {"uv": [0, 0, 0.5, 2], "texture": "#2", "cullface": "west"},
				"west": {"uv": [0, 0, 2, 3.9], "rotation": 270, "texture": "#2", "cullface": "west"},
				"up": {"uv": [0, 0, 0.5, 3.9], "texture": "#2", "cullface": "west"},
				"down": {"uv": [0, 0, 0.5, 3.9], "texture": "#2", "cullface": "west"}
			}
		},
		{
			"from": [16, 0, -0.5],
			"to": [16.5, 2, 4],
			"rotation": {"angle": 0, "axis": "y", "origin": [23.5, 8, 8]},
			"faces": {
				"north": {"uv": [0, 0, 0.5, 2], "texture": "#2", "cullface": "north"},
				"east": {"uv": [0, 0, 2, 3.9], "rotation": 270, "texture": "#2", "cullface": "east"},
				"south": {"uv": [0, 0, 0.5, 2], "texture": "#2", "cullface": "east"},
				"up": {"uv": [0, 0, 0.5, 3.9], "texture": "#2", "cullface": "east"},
				"down": {"uv": [0, 0, 0.5, 3.9], "texture": "#2", "cullface": "down"}
			}
		},
		{
			"from": [-0.5, 7, -0.5],
			"to": [0, 9, 4],
			"rotation": {"angle": 0, "axis": "y", "origin": [7, 15, 8]},
			"faces": {
				"north": {"uv": [0, 0, 0.5, 2], "texture": "#2", "cullface": "west"},
				"south": {"uv": [0, 0, 0.5, 2], "texture": "#2", "cullface": "west"},
				"west": {"uv": [7, 0, 9, 3.9], "rotation": 270, "texture": "#2", "cullface": "west"},
				"up": {"uv": [0, 0, 0.5, 4.5], "texture": "#2", "cullface": "west"},
				"down": {"uv": [0, 0, 0.5, 4.5], "texture": "#2", "cullface": "west"}
			}
		},
		{
			"from": [16, 7, -0.5],
			"to": [16.5, 9, 4],
			"rotation": {"angle": 0, "axis": "y", "origin": [23.5, 15, 8]},
			"faces": {
				"north": {"uv": [0, 0, 0.5, 2], "texture": "#2", "cullface": "north"},
				"east": {"uv": [7, 0, 9, 3.9], "rotation": 270, "texture": "#2", "cullface": "east"},
				"south": {"uv": [0, 0, 0.5, 2], "texture": "#2", "cullface": "east"},
				"up": {"uv": [0, 0, 0.5, 4.5], "texture": "#2", "cullface": "east"},
				"down": {"uv": [0, 0, 0.5, 4.5], "texture": "#2", "cullface": "east"}
			}
		},
		{
			"from": [-0.5, 14, -0.5],
			"to": [0, 16, 4],
			"rotation": {"angle": 0, "axis": "y", "origin": [7, 22, 8]},
			"faces": {
				"north": {"uv": [0, 0, 0.5, 2], "texture": "#2", "cullface": "west"},
				"south": {"uv": [0, 0, 0.5, 2], "texture": "#2", "cullface": "west"},
				"west": {"uv": [0, 0, 2, 3.9], "rotation": 270, "texture": "#2", "cullface": "west"},
				"down": {"uv": [0, 0, 0.5, 4.5], "texture": "#2", "cullface": "west"}
			}
		},
		{
			"from": [16, 14, -0.5],
			"to": [16.5, 16, 4],
			"rotation": {"angle": 0, "axis": "y", "origin": [23.5, 22, 8]},
			"faces": {
				"north": {"uv": [0, 0, 0.5, 2], "texture": "#2", "cullface": "north"},
				"east": {"uv": [0, 0, 2, 3.9], "rotation": 270, "texture": "#2", "cullface": "east"},
				"south": {"uv": [0, 0, 0.5, 2], "texture": "#2", "cullface": "east"},
				"down": {"uv": [0, 0, 0.5, 4.5], "texture": "#2", "cullface": "east"}
			}
		},
		{
			"from": [7, 16, -0.5],
			"to": [9, 16.5, 4],
			"rotation": {"angle": 0, "axis": "y", "origin": [15, 24, 8]},
			"faces": {
				"north": {"uv": [0, 0, 2, 0.5], "texture": "#2", "cullface": "north"},
				"east": {"uv": [0, 0, 1.9, 0.5], "rotation": 180, "texture": "#2", "cullface": "up"},
				"south": {"uv": [0, 0, 2, 0.5], "texture": "#2", "cullface": "up"},
				"west": {"uv": [0, 0, 1.9, 0.5], "rotation": 180, "texture": "#2", "cullface": "up"},
				"up": {"uv": [7, 0, 9, 4], "texture": "#2", "cullface": "up"}
			}
		},
		{
			"from": [14, 16, -0.5],
			"to": [16.5, 16.5, 4],
			"rotation": {"angle": 0, "axis": "y", "origin": [22.5, 24, 8]},
			"faces": {
				"north": {"uv": [0, 0, 1.9, 0.5], "rotation": 180, "texture": "#2", "cullface": "north"},
				"east": {"uv": [0, 0, 0.5, 4], "rotation": 90, "texture": "#2", "cullface": "east"},
				"south": {"uv": [0, 0, 1.9, 0.5], "rotation": 180, "texture": "#2", "cullface": "up"},
				"west": {"uv": [0, 0, 0.5, 4], "rotation": 90, "texture": "#2", "cullface": "up"},
				"up": {"uv": [14, 0, 15.9, 3.9], "texture": "#2", "cullface": "up"}
			}
		},
		{
			"from": [-0.5, 16, -0.5],
			"to": [2, 16.5, 4],
			"rotation": {"angle": 0, "axis": "y", "origin": [14.5, 24, 8]},
			"faces": {
				"north": {"uv": [0, 0, 1.9, 0.5], "rotation": 180, "texture": "#2", "cullface": "north"},
				"east": {"uv": [0, 0, 0.5, 4], "rotation": 90, "texture": "#2", "cullface": "up"},
				"south": {"uv": [0, 0, 1.9, 0.5], "rotation": 180, "texture": "#2", "cullface": "up"},
				"west": {"uv": [0, 0, 0.5, 4], "rotation": 90, "texture": "#2", "cullface": "west"},
				"up": {"uv": [0, 0, 1.9, 3.9], "texture": "#2", "cullface": "up"}
			}
		},
		{
			"from": [0, 0, 4],
			"to": [16, 16, 16],
			"rotation": {"angle": 0, "axis": "y", "origin": [8, 8, 12]},
			"faces": {
				"east": {"uv": [0, 4, 16, 16], "rotation": 90, "texture": "#2", "cullface": "east"},
				"south": {"uv": [0, 0, 16, 16], "texture": "#0", "cullface": "south"},
				"west": {"uv": [0, 4, 16, 16], "rotation": 270, "texture": "#2", "cullface": "west"},
				"up": {"uv": [0, 4, 16, 16], "texture": "#2", "cullface": "up"},
				"down": {"uv": [0, 4, 16, 16], "rotation": 180, "texture": "#2", "cullface": "down"}
			}
		}
	],
	"groups": [
		{
			"name": "base",
			"origin": [8, 8, 8],
			"children": [0]
		},
		{
			"name": "frente",
			"origin": [8, 15, 7.5],
			"children": [1, 2, 3, 4, 5, 6, 7, 8]
		},
		{
			"name": "lados",
			"origin": [8, 8, 8],
			"children": [9, 10, 11, 12, 13, 14]
		},
		{
			"name": "cima/baixo",
			"origin": [8, 8, 8],
			"children": [15, 16, 17]
		},
		{
			"name": "piston_extended",
			"origin": [8, 8, 8],
			"children": [18]
		}
	]
}