{
	"credit": "Made with Blockbench",
	"parent": "minecraft:block/cube_column",
	"textures": {
		"end": "block/purpur_pillar_top",
		"particle": "block/purpur_pillar",
		"side": "block/purpur_pillar"
	},
	"elements": [
		{
			"from": [0.5, 0.5, 0.75],
			"to": [15.5, 15.5, 15.25],
			"faces": {
				"north": {"uv": [0.5, 0.5, 15.5, 15.5], "texture": "#side", "cullface": "north"},
				"east": {"uv": [0.75, 0.5, 15.25, 15.5], "texture": "#side", "cullface": "east"},
				"south": {"uv": [0.5, 0.5, 15.5, 15.5], "texture": "#side", "cullface": "south"},
				"west": {"uv": [0.75, 0.5, 15.25, 15.5], "texture": "#side", "cullface": "west"},
				"up": {"uv": [0.5, 0.75, 15.5, 15.25], "texture": "#end", "cullface": "up"},
				"down": {"uv": [0.5, 0.75, 15.5, 15.25], "texture": "#end", "cullface": "down"}
			}
		},
		{
			"from": [0, 0, 0],
			"to": [4, 16, 4],
			"faces": {
				"north": {"uv": [12, 0, 16, 16], "texture": "#side", "cullface": "north"},
				"east": {"uv": [12, 0, 16, 16], "texture": "#side"},
				"south": {"uv": [0, 0, 4, 16], "texture": "#side"},
				"west": {"uv": [0, 0, 4, 16], "texture": "#side", "cullface": "west"},
				"up": {"uv": [0, 0, 4, 4], "texture": "#end", "cullface": "up"},
				"down": {"uv": [0, 12, 4, 16], "texture": "#end", "cullface": "down"}
			}
		},
		{
			"from": [0, 1, 4],
			"to": [1, 4, 7],
			"faces": {
				"south": {"uv": [4, 1, 5, 4], "texture": "#side", "cullface": "west"},
				"west": {"uv": [4, 12, 7, 15], "texture": "#side", "cullface": "west"},
				"up": {"uv": [4, 4, 5, 7], "texture": "#side", "cullface": "west"}
			}
		},
		{
			"from": [0, 1, 8],
			"to": [1, 4, 11],
			"faces": {
				"north": {"uv": [8, 4, 11, 5], "rotation": 90, "texture": "#side", "cullface": "west"},
				"south": {"uv": [4, 1, 5, 4], "texture": "#side", "cullface": "west"},
				"west": {"uv": [8, 12, 11, 15], "texture": "#side", "cullface": "west"},
				"up": {"uv": [4, 4, 5, 7], "texture": "#side", "cullface": "west"}
			}
		},
		{
			"from": [0, 5, 8],
			"to": [1, 8, 11],
			"faces": {
				"north": {"uv": [8, 4, 11, 5], "rotation": 90, "texture": "#side", "cullface": "west"},
				"south": {"uv": [4, 1, 5, 4], "texture": "#side", "cullface": "west"},
				"west": {"uv": [8, 8, 11, 11], "texture": "#side", "cullface": "west"},
				"up": {"uv": [4, 4, 5, 7], "texture": "#side", "cullface": "west"},
				"down": {"uv": [4, 4, 7, 5], "rotation": 90, "texture": "#side", "cullface": "west"}
			}
		},
		{
			"from": [0, 5, 4],
			"to": [1, 8, 7],
			"faces": {
				"south": {"uv": [4, 1, 5, 4], "texture": "#side", "cullface": "west"},
				"west": {"uv": [4, 8, 7, 11], "texture": "#side", "cullface": "west"},
				"up": {"uv": [4, 4, 5, 7], "texture": "#side", "cullface": "west"},
				"down": {"uv": [4, 4, 7, 5], "rotation": 90, "texture": "#side", "cullface": "west"}
			}
		},
		{
			"from": [0, 9, 4],
			"to": [1, 12, 7],
			"faces": {
				"south": {"uv": [4, 1, 5, 4], "texture": "#side", "cullface": "west"},
				"west": {"uv": [4, 4, 7, 7], "texture": "#side", "cullface": "west"},
				"up": {"uv": [4, 5, 7, 6], "rotation": 90, "texture": "#side", "cullface": "west"},
				"down": {"uv": [4, 4, 7, 5], "rotation": 90, "texture": "#side", "cullface": "west"}
			}
		},
		{
			"from": [0, 9, 8],
			"to": [1, 12, 11],
			"faces": {
				"north": {"uv": [8, 4, 11, 5], "rotation": 90, "texture": "#side", "cullface": "west"},
				"south": {"uv": [4, 1, 5, 4], "texture": "#side", "cullface": "west"},
				"west": {"uv": [8, 4, 11, 7], "texture": "#side", "cullface": "west"},
				"up": {"uv": [4, 4, 5, 7], "texture": "#side", "cullface": "west"},
				"down": {"uv": [4, 4, 7, 5], "rotation": 90, "texture": "#side", "cullface": "west"}
			}
		},
		{
			"from": [0, 13, 8],
			"to": [1, 15, 11],
			"faces": {
				"north": {"uv": [8, 1, 10, 2], "rotation": 90, "texture": "#side", "cullface": "west"},
				"south": {"uv": [4, 1, 5, 3], "texture": "#side", "cullface": "west"},
				"west": {"uv": [8, 1, 11, 3], "texture": "#side", "cullface": "west"},
				"down": {"uv": [4, 0, 7, 1], "rotation": 90, "texture": "#side", "cullface": "west"}
			}
		},
		{
			"from": [0, 13, 4],
			"to": [1, 15, 7],
			"faces": {
				"south": {"uv": [5, 1, 7, 2], "rotation": 90, "texture": "#side", "cullface": "west"},
				"west": {"uv": [4, 1, 7, 3], "texture": "#side", "cullface": "west"},
				"down": {"uv": [4, 0, 7, 1], "rotation": 90, "texture": "#side", "cullface": "west"}
			}
		},
		{
			"from": [15, 1, 9],
			"to": [16, 4, 12],
			"faces": {
				"north": {"uv": [4, 1, 5, 4], "texture": "#side", "cullface": "east"},
				"east": {"uv": [4, 12, 7, 15], "texture": "#side", "cullface": "east"},
				"up": {"uv": [4, 4, 5, 7], "rotation": 180, "texture": "#side", "cullface": "east"}
			}
		},
		{
			"from": [15, 1, 5],
			"to": [16, 4, 8],
			"faces": {
				"north": {"uv": [4, 1, 5, 4], "texture": "#side", "cullface": "east"},
				"east": {"uv": [8, 12, 11, 15], "texture": "#side", "cullface": "east"},
				"south": {"uv": [8, 4, 11, 5], "rotation": 90, "texture": "#side", "cullface": "east"},
				"up": {"uv": [4, 4, 5, 7], "rotation": 180, "texture": "#side", "cullface": "east"}
			}
		},
		{
			"from": [15, 5, 5],
			"to": [16, 8, 8],
			"faces": {
				"north": {"uv": [4, 1, 5, 4], "texture": "#side", "cullface": "east"},
				"east": {"uv": [8, 8, 11, 11], "texture": "#side", "cullface": "east"},
				"south": {"uv": [8, 4, 11, 5], "rotation": 90, "texture": "#side", "cullface": "east"},
				"up": {"uv": [4, 4, 5, 7], "rotation": 180, "texture": "#side", "cullface": "east"},
				"down": {"uv": [4, 4, 7, 5], "rotation": 270, "texture": "#side", "cullface": "east"}
			}
		},
		{
			"from": [15, 5, 9],
			"to": [16, 8, 12],
			"faces": {
				"north": {"uv": [4, 1, 5, 4], "texture": "#side", "cullface": "east"},
				"east": {"uv": [4, 8, 7, 11], "texture": "#side", "cullface": "east"},
				"up": {"uv": [4, 4, 5, 7], "rotation": 180, "texture": "#side", "cullface": "east"},
				"down": {"uv": [4, 4, 7, 5], "rotation": 270, "texture": "#side", "cullface": "east"}
			}
		},
		{
			"from": [15, 9, 9],
			"to": [16, 12, 12],
			"faces": {
				"north": {"uv": [4, 1, 5, 4], "texture": "#side", "cullface": "east"},
				"east": {"uv": [4, 4, 7, 7], "texture": "#side", "cullface": "east"},
				"up": {"uv": [4, 5, 7, 6], "rotation": 270, "texture": "#side", "cullface": "east"},
				"down": {"uv": [4, 4, 7, 5], "rotation": 270, "texture": "#side", "cullface": "east"}
			}
		},
		{
			"from": [15, 9, 5],
			"to": [16, 12, 8],
			"faces": {
				"north": {"uv": [4, 1, 5, 4], "texture": "#side", "cullface": "east"},
				"east": {"uv": [8, 4, 11, 7], "texture": "#side", "cullface": "east"},
				"south": {"uv": [8, 4, 11, 5], "rotation": 90, "texture": "#side", "cullface": "east"},
				"up": {"uv": [4, 4, 5, 7], "rotation": 180, "texture": "#side", "cullface": "east"},
				"down": {"uv": [4, 4, 7, 5], "rotation": 270, "texture": "#side", "cullface": "east"}
			}
		},
		{
			"from": [15, 13, 5],
			"to": [16, 15, 8],
			"faces": {
				"north": {"uv": [4, 1, 5, 3], "texture": "#side", "cullface": "east"},
				"east": {"uv": [8, 1, 11, 3], "texture": "#side", "cullface": "east"},
				"south": {"uv": [8, 1, 10, 2], "rotation": 90, "texture": "#side", "cullface": "east"},
				"down": {"uv": [4, 0, 7, 1], "rotation": 270, "texture": "#side", "cullface": "east"}
			}
		},
		{
			"from": [15, 13, 9],
			"to": [16, 15, 12],
			"faces": {
				"north": {"uv": [5, 1, 7, 2], "rotation": 90, "texture": "#side", "cullface": "east"},
				"east": {"uv": [4, 1, 7, 3], "texture": "#side", "cullface": "east"},
				"down": {"uv": [4, 0, 7, 1], "rotation": 270, "texture": "#side", "cullface": "east"}
			}
		},
		{
			"from": [9, 1, 0],
			"to": [12, 4, 1],
			"faces": {
				"north": {"uv": [4, 12, 7, 15], "texture": "#side", "cullface": "north"},
				"west": {"uv": [4, 1, 5, 4], "texture": "#side", "cullface": "north"},
				"up": {"uv": [4, 4, 5, 7], "rotation": 90, "texture": "#side", "cullface": "north"}
			}
		},
		{
			"from": [5, 1, 0],
			"to": [8, 4, 1],
			"faces": {
				"north": {"uv": [8, 12, 11, 15], "texture": "#side", "cullface": "north"},
				"east": {"uv": [8, 4, 11, 5], "rotation": 90, "texture": "#side", "cullface": "north"},
				"west": {"uv": [4, 1, 5, 4], "texture": "#side", "cullface": "north"},
				"up": {"uv": [4, 4, 5, 7], "rotation": 90, "texture": "#side", "cullface": "north"}
			}
		},
		{
			"from": [5, 5, 0],
			"to": [8, 8, 1],
			"faces": {
				"north": {"uv": [8, 8, 11, 11], "texture": "#side", "cullface": "north"},
				"east": {"uv": [8, 4, 11, 5], "rotation": 90, "texture": "#side", "cullface": "north"},
				"west": {"uv": [4, 1, 5, 4], "texture": "#side", "cullface": "north"},
				"up": {"uv": [4, 4, 5, 7], "rotation": 90, "texture": "#side", "cullface": "north"},
				"down": {"uv": [4, 4, 7, 5], "texture": "#side", "cullface": "north"}
			}
		},
		{
			"from": [9, 5, 0],
			"to": [12, 8, 1],
			"faces": {
				"north": {"uv": [4, 8, 7, 11], "texture": "#side", "cullface": "north"},
				"west": {"uv": [4, 1, 5, 4], "texture": "#side", "cullface": "north"},
				"up": {"uv": [4, 4, 5, 7], "rotation": 90, "texture": "#side", "cullface": "north"},
				"down": {"uv": [4, 4, 7, 5], "texture": "#side", "cullface": "north"}
			}
		},
		{
			"from": [9, 9, 0],
			"to": [12, 12, 1],
			"faces": {
				"north": {"uv": [4, 4, 7, 7], "texture": "#side", "cullface": "north"},
				"west": {"uv": [4, 1, 5, 4], "texture": "#side", "cullface": "north"},
				"up": {"uv": [4, 5, 7, 6], "rotation": 180, "texture": "#side", "cullface": "north"},
				"down": {"uv": [4, 4, 7, 5], "texture": "#side", "cullface": "north"}
			}
		},
		{
			"from": [5, 9, 0],
			"to": [8, 12, 1],
			"faces": {
				"north": {"uv": [8, 4, 11, 7], "texture": "#side", "cullface": "north"},
				"east": {"uv": [8, 4, 11, 5], "rotation": 90, "texture": "#side", "cullface": "north"},
				"west": {"uv": [4, 1, 5, 4], "texture": "#side", "cullface": "north"},
				"up": {"uv": [4, 4, 5, 7], "rotation": 90, "texture": "#side", "cullface": "north"},
				"down": {"uv": [4, 4, 7, 5], "texture": "#side", "cullface": "north"}
			}
		},
		{
			"from": [5, 13, 0],
			"to": [8, 15, 1],
			"faces": {
				"north": {"uv": [8, 1, 11, 3], "texture": "#side", "cullface": "north"},
				"east": {"uv": [8, 1, 10, 2], "rotation": 90, "texture": "#side", "cullface": "north"},
				"west": {"uv": [4, 1, 5, 3], "texture": "#side", "cullface": "north"},
				"down": {"uv": [4, 0, 7, 1], "texture": "#side", "cullface": "north"}
			}
		},
		{
			"from": [9, 13, 0],
			"to": [12, 15, 1],
			"faces": {
				"north": {"uv": [4, 1, 7, 3], "texture": "#side", "cullface": "north"},
				"west": {"uv": [5, 1, 7, 2], "rotation": 90, "texture": "#side", "cullface": "north"},
				"down": {"uv": [4, 0, 7, 1], "texture": "#side", "cullface": "north"}
			}
		},
		{
			"from": [4, 1, 15],
			"to": [7, 4, 16],
			"faces": {
				"east": {"uv": [4, 1, 5, 4], "texture": "#side", "cullface": "south"},
				"south": {"uv": [4, 12, 7, 15], "texture": "#side", "cullface": "south"},
				"up": {"uv": [4, 4, 5, 7], "rotation": 270, "texture": "#side", "cullface": "south"}
			}
		},
		{
			"from": [8, 1, 15],
			"to": [11, 4, 16],
			"faces": {
				"east": {"uv": [4, 1, 5, 4], "texture": "#side", "cullface": "south"},
				"south": {"uv": [8, 12, 11, 15], "texture": "#side", "cullface": "south"},
				"west": {"uv": [8, 4, 11, 5], "rotation": 90, "texture": "#side", "cullface": "south"},
				"up": {"uv": [4, 4, 5, 7], "rotation": 270, "texture": "#side", "cullface": "south"}
			}
		},
		{
			"from": [8, 5, 15],
			"to": [11, 8, 16],
			"faces": {
				"east": {"uv": [4, 1, 5, 4], "texture": "#side", "cullface": "south"},
				"south": {"uv": [8, 8, 11, 11], "texture": "#side", "cullface": "south"},
				"west": {"uv": [8, 4, 11, 5], "rotation": 90, "texture": "#side", "cullface": "south"},
				"up": {"uv": [4, 4, 5, 7], "rotation": 270, "texture": "#side", "cullface": "south"},
				"down": {"uv": [4, 4, 7, 5], "rotation": 180, "texture": "#side", "cullface": "south"}
			}
		},
		{
			"from": [4, 5, 15],
			"to": [7, 8, 16],
			"faces": {
				"east": {"uv": [4, 1, 5, 4], "texture": "#side", "cullface": "south"},
				"south": {"uv": [4, 8, 7, 11], "texture": "#side", "cullface": "south"},
				"up": {"uv": [4, 4, 5, 7], "rotation": 270, "texture": "#side", "cullface": "south"},
				"down": {"uv": [4, 4, 7, 5], "rotation": 180, "texture": "#side", "cullface": "south"}
			}
		},
		{
			"from": [4, 9, 15],
			"to": [7, 12, 16],
			"faces": {
				"east": {"uv": [4, 1, 5, 4], "texture": "#side", "cullface": "south"},
				"south": {"uv": [4, 4, 7, 7], "texture": "#side", "cullface": "south"},
				"up": {"uv": [4, 5, 7, 6], "texture": "#side", "cullface": "south"},
				"down": {"uv": [4, 4, 7, 5], "rotation": 180, "texture": "#side", "cullface": "south"}
			}
		},
		{
			"from": [8, 9, 15],
			"to": [11, 12, 16],
			"faces": {
				"east": {"uv": [4, 1, 5, 4], "texture": "#side", "cullface": "south"},
				"south": {"uv": [8, 4, 11, 7], "texture": "#side", "cullface": "south"},
				"west": {"uv": [8, 4, 11, 5], "rotation": 90, "texture": "#side", "cullface": "south"},
				"up": {"uv": [4, 4, 5, 7], "rotation": 270, "texture": "#side", "cullface": "south"},
				"down": {"uv": [4, 4, 7, 5], "rotation": 180, "texture": "#side", "cullface": "south"}
			}
		},
		{
			"from": [8, 13, 15],
			"to": [11, 15, 16],
			"faces": {
				"east": {"uv": [4, 1, 5, 3], "texture": "#side", "cullface": "south"},
				"south": {"uv": [8, 1, 11, 3], "texture": "#side", "cullface": "south"},
				"west": {"uv": [8, 1, 10, 2], "rotation": 90, "texture": "#side", "cullface": "south"},
				"down": {"uv": [4, 0, 7, 1], "rotation": 180, "texture": "#side", "cullface": "south"}
			}
		},
		{
			"from": [4, 13, 15],
			"to": [7, 15, 16],
			"faces": {
				"east": {"uv": [5, 1, 7, 2], "rotation": 90, "texture": "#side", "cullface": "south"},
				"south": {"uv": [4, 1, 7, 3], "texture": "#side", "cullface": "south"},
				"down": {"uv": [4, 0, 7, 1], "rotation": 180, "texture": "#side", "cullface": "south"}
			}
		},
		{
			"from": [0, 0, 12],
			"to": [4, 16, 16],
			"faces": {
				"north": {"uv": [12, 0, 16, 16], "texture": "#side", "cullface": "down"},
				"east": {"uv": [0, 0, 4, 16], "texture": "#side"},
				"south": {"uv": [0, 0, 4, 16], "texture": "#side", "cullface": "south"},
				"west": {"uv": [12, 0, 16, 16], "texture": "#side", "cullface": "west"},
				"up": {"uv": [0, 12, 4, 16], "texture": "#end", "cullface": "up"},
				"down": {"uv": [0, 0, 4, 4], "texture": "#end", "cullface": "down"}
			}
		},
		{
			"from": [12, 0, 12],
			"to": [16, 16, 16],
			"faces": {
				"north": {"uv": [0, 0, 4, 16], "texture": "#side"},
				"east": {"uv": [0, 0, 4, 16], "texture": "#side", "cullface": "east"},
				"south": {"uv": [12, 0, 16, 16], "texture": "#side", "cullface": "south"},
				"west": {"uv": [12, 0, 16, 16], "texture": "#side"},
				"up": {"uv": [12, 12, 16, 16], "texture": "#end", "cullface": "up"},
				"down": {"uv": [12, 0, 16, 4], "texture": "#end", "cullface": "down"}
			}
		},
		{
			"from": [12, 0, 0],
			"to": [16, 16, 4],
			"faces": {
				"north": {"uv": [0, 0, 4, 16], "texture": "#side", "cullface": "north"},
				"east": {"uv": [12, 0, 16, 16], "texture": "#side", "cullface": "east"},
				"south": {"uv": [12, 0, 16, 16], "texture": "#side"},
				"west": {"uv": [0, 0, 4, 16], "texture": "#side"},
				"up": {"uv": [12, 0, 16, 4], "texture": "#end", "cullface": "up"},
				"down": {"uv": [12, 12, 16, 16], "texture": "#end", "cullface": "down"}
			}
		},
		{
			"from": [12, 15, 4],
			"to": [16, 16, 12],
			"faces": {
				"east": {"uv": [4, 0, 12, 1], "texture": "#side", "cullface": "east"},
				"west": {"uv": [8, 4, 9, 12], "rotation": 270, "texture": "#end", "cullface": "up"},
				"up": {"uv": [12, 4, 16, 12], "texture": "#end", "cullface": "up"},
				"down": {"uv": [4, 0, 12, 4], "rotation": 90, "texture": "#side", "cullface": "east"}
			}
		},
		{
			"from": [0, 15, 4],
			"to": [3, 16, 12],
			"faces": {
				"east": {"uv": [2, 4, 3, 12], "rotation": 90, "texture": "#end", "cullface": "up"},
				"west": {"uv": [4, 0, 12, 1], "texture": "#side", "cullface": "west"},
				"up": {"uv": [0, 4, 3, 12], "texture": "#end", "cullface": "up"},
				"down": {"uv": [4, 0, 12, 3], "rotation": 270, "texture": "#side", "cullface": "west"}
			}
		},
		{
			"from": [4, 15, 12],
			"to": [12, 16, 16],
			"faces": {
				"north": {"uv": [3, 4, 4, 12], "rotation": 90, "texture": "#end", "cullface": "up"},
				"south": {"uv": [4, 0, 12, 1], "texture": "#side", "cullface": "south"},
				"up": {"uv": [4, 12, 12, 16], "texture": "#end", "cullface": "up"},
				"down": {"uv": [4, 0, 12, 4], "texture": "#side", "cullface": "south"}
			}
		},
		{
			"from": [4, 15, 0],
			"to": [12, 16, 3],
			"faces": {
				"north": {"uv": [4, 0, 12, 1], "texture": "#side", "cullface": "north"},
				"south": {"uv": [4, 2, 12, 3], "texture": "#end", "cullface": "up"},
				"up": {"uv": [4, 0, 12, 3], "texture": "#end", "cullface": "up"},
				"down": {"uv": [4, 0, 12, 3], "rotation": 180, "texture": "#side", "cullface": "north"}
			}
		},
		{
			"from": [4, 15, 4],
			"to": [11, 16, 11],
			"faces": {
				"north": {"uv": [4, 4, 11, 5], "rotation": 180, "texture": "#end", "cullface": "up"},
				"east": {"uv": [10, 4, 11, 11], "rotation": 90, "texture": "#end", "cullface": "up"},
				"south": {"uv": [10, 4, 11, 11], "rotation": 270, "texture": "#end", "cullface": "up"},
				"west": {"uv": [4, 4, 5, 11], "rotation": 270, "texture": "#end", "cullface": "up"},
				"up": {"uv": [4, 4, 11, 11], "texture": "#end", "cullface": "up"}
			}
		},
		{
			"from": [4, 0, 13],
			"to": [12, 1, 16],
			"faces": {
				"north": {"uv": [4, 2, 12, 3], "rotation": 180, "texture": "#end", "cullface": "down"},
				"south": {"uv": [4, 15, 12, 16], "rotation": 180, "texture": "#side", "cullface": "south"},
				"up": {"uv": [4, 0, 12, 3], "rotation": 180, "texture": "#side", "cullface": "south"},
				"down": {"uv": [4, 0, 12, 3], "texture": "#end", "cullface": "down"}
			}
		},
		{
			"from": [0, 0, 4],
			"to": [3, 1, 12],
			"faces": {
				"east": {"uv": [2, 4, 3, 12], "rotation": 270, "texture": "#end", "cullface": "down"},
				"west": {"uv": [4, 15, 12, 16], "rotation": 180, "texture": "#side", "cullface": "west"},
				"up": {"uv": [4, 0, 12, 3], "rotation": 270, "texture": "#side", "cullface": "west"},
				"down": {"uv": [0, 4, 3, 12], "texture": "#end", "cullface": "down"}
			}
		},
		{
			"from": [4, 0, 0],
			"to": [12, 1, 4],
			"faces": {
				"north": {"uv": [4, 15, 12, 16], "rotation": 180, "texture": "#side", "cullface": "north"},
				"south": {"uv": [3, 4, 4, 12], "rotation": 270, "texture": "#end", "cullface": "down"},
				"up": {"uv": [4, 0, 12, 4], "texture": "#side", "cullface": "north"},
				"down": {"uv": [4, 12, 12, 16], "texture": "#end", "cullface": "down"}
			}
		},
		{
			"from": [12, 0, 4],
			"to": [16, 1, 12],
			"faces": {
				"east": {"uv": [4, 15, 12, 16], "rotation": 180, "texture": "#side", "cullface": "east"},
				"west": {"uv": [8, 4, 9, 12], "rotation": 90, "texture": "#end", "cullface": "down"},
				"up": {"uv": [4, 0, 12, 4], "rotation": 90, "texture": "#side", "cullface": "east"},
				"down": {"uv": [12, 4, 16, 12], "texture": "#end", "cullface": "down"}
			}
		},
		{
			"from": [4, 0, 5],
			"to": [11, 1, 12],
			"faces": {
				"north": {"uv": [10, 4, 11, 11], "rotation": 90, "texture": "#end", "cullface": "down"},
				"east": {"uv": [10, 4, 11, 11], "rotation": 270, "texture": "#end", "cullface": "down"},
				"south": {"uv": [4, 4, 11, 5], "texture": "#end", "cullface": "down"},
				"west": {"uv": [4, 4, 5, 11], "rotation": 90, "texture": "#end", "cullface": "down"},
				"down": {"uv": [4, 4, 11, 11], "texture": "#end", "cullface": "down"}
			}
		}
	],
	"display": {
		"thirdperson_righthand": {
			"rotation": [75, 45, 0],
			"translation": [0, 2.5, 0],
			"scale": [0.375, 0.375, 0.375]
		},
		"thirdperson_lefthand": {
			"rotation": [75, 45, 0],
			"translation": [0, 2.5, 0],
			"scale": [0.375, 0.375, 0.375]
		},
		"firstperson_righthand": {
			"rotation": [0, 45, 0],
			"scale": [0.4, 0.4, 0.4]
		},
		"firstperson_lefthand": {
			"rotation": [0, 225, 0],
			"scale": [0.4, 0.4, 0.4]
		},
		"ground": {
			"translation": [0, 3, 0],
			"scale": [0.25, 0.25, 0.25]
		},
		"gui": {
			"rotation": [30, 225, 0],
			"scale": [0.625, 0.625, 0.625]
		},
		"fixed": {
			"scale": [0.5, 0.5, 0.5]
		}
	},
	"groups": [
		0,
		{
			"name": "1",
			"origin": [8, 8, 8],
			"color": 0,
			"children": [
				1,
				{
					"name": "2",
					"origin": [0, 0, 0],
					"color": 0,
					"children": [2, 3, 4, 5, 6, 7, 8, 9]
				},
				{
					"name": "2",
					"origin": [0, 0, 0],
					"color": 0,
					"children": [10, 11, 12, 13, 14, 15, 16, 17]
				},
				{
					"name": "2",
					"origin": [0, 0, 0],
					"color": 0,
					"children": [18, 19, 20, 21, 22, 23, 24, 25]
				},
				{
					"name": "2",
					"origin": [0, 0, 0],
					"color": 0,
					"children": [26, 27, 28, 29, 30, 31, 32, 33]
				},
				34,
				35,
				36,
				37,
				38,
				39,
				40,
				41,
				42,
				43,
				44,
				45,
				46
			]
		}
	]
}