{
	"credit": "Made with Blockbench",
	"textures": {
		"0": "block/redstone_lamp_on",
		"particle": "block/redstone_lamp_on"
	},
	"elements": [
		{
			"name": "base",
			"from": [1, 1, 1],
			"to": [15, 15, 15],
			"faces": {
				"north": {"uv": [1, 1, 15, 15], "texture": "#0", "cullface": "north"},
				"east": {"uv": [1, 1, 15, 15], "texture": "#0", "cullface": "east"},
				"south": {"uv": [1, 1, 15, 15], "texture": "#0", "cullface": "south"},
				"west": {"uv": [1, 1, 15, 15], "texture": "#0", "cullface": "west"},
				"up": {"uv": [1, 1, 15, 15], "texture": "#0", "cullface": "up"},
				"down": {"uv": [1, 1, 15, 15], "texture": "#0", "cullface": "down"}
			}
		},
		{
			"from": [0, 0, 0],
			"to": [1, 16, 1],
			"faces": {
				"north": {"uv": [15, 0, 16, 16], "texture": "#0", "cullface": "north"},
				"east": {"uv": [15, 0, 16, 16], "texture": "#0", "cullface": "north"},
				"south": {"uv": [0, 0, 1, 16], "texture": "#0", "cullface": "west"},
				"west": {"uv": [0, 0, 1, 16], "texture": "#0", "cullface": "west"},
				"up": {"uv": [0, 0, 1, 1], "texture": "#0", "cullface": "up"},
				"down": {"uv": [0, 15, 1, 16], "texture": "#0", "cullface": "down"}
			}
		},
		{
			"from": [0, 0, 15],
			"to": [1, 16, 16],
			"rotation": {"angle": 0, "axis": "y", "origin": [8, 8, 23]},
			"faces": {
				"north": {"uv": [15, 0, 16, 16], "texture": "#0", "cullface": "west"},
				"east": {"uv": [0, 0, 1, 16], "texture": "#0", "cullface": "south"},
				"south": {"uv": [0, 0, 1, 16], "texture": "#0", "cullface": "south"},
				"west": {"uv": [15, 0, 16, 16], "texture": "#0", "cullface": "west"},
				"up": {"uv": [0, 15, 1, 16], "texture": "#0", "cullface": "up"},
				"down": {"uv": [0, 0, 1, 1], "texture": "#0", "cullface": "down"}
			}
		},
		{
			"from": [15, 0, 15],
			"to": [16, 16, 16],
			"rotation": {"angle": 0, "axis": "y", "origin": [23, 8, 23]},
			"faces": {
				"north": {"uv": [0, 0, 1, 16], "texture": "#0", "cullface": "east"},
				"east": {"uv": [0, 0, 1, 16], "texture": "#0", "cullface": "east"},
				"south": {"uv": [15, 0, 16, 16], "texture": "#0", "cullface": "south"},
				"west": {"uv": [15, 0, 16, 16], "texture": "#0", "cullface": "south"},
				"up": {"uv": [15, 15, 16, 16], "texture": "#0", "cullface": "up"},
				"down": {"uv": [15, 0, 16, 1], "texture": "#0", "cullface": "down"}
			}
		},
		{
			"from": [15, 0, 0],
			"to": [16, 16, 1],
			"rotation": {"angle": 0, "axis": "y", "origin": [23, 8, 8]},
			"faces": {
				"north": {"uv": [0, 0, 1, 16], "texture": "#0", "cullface": "north"},
				"east": {"uv": [15, 0, 16, 16], "texture": "#0", "cullface": "east"},
				"south": {"uv": [15, 0, 16, 16], "texture": "#0", "cullface": "east"},
				"west": {"uv": [0, 0, 1, 16], "texture": "#0", "cullface": "north"},
				"up": {"uv": [15, 0, 16, 1], "texture": "#0", "cullface": "up"},
				"down": {"uv": [15, 15, 16, 16], "texture": "#0", "cullface": "down"}
			}
		},
		{
			"from": [1, 15, 0],
			"to": [15, 16, 1],
			"rotation": {"angle": 0, "axis": "y", "origin": [22, 23, 8]},
			"faces": {
				"north": {"uv": [1, 0, 15, 1], "texture": "#0", "cullface": "north"},
				"south": {"uv": [1, 0, 15, 1], "texture": "#0", "cullface": "up"},
				"up": {"uv": [1, 0, 15, 1], "texture": "#0", "cullface": "up"},
				"down": {"uv": [1, 15, 15, 16], "texture": "#0", "cullface": "north"}
			}
		},
		{
			"from": [1, 0, 0],
			"to": [15, 1, 1],
			"rotation": {"angle": 0, "axis": "y", "origin": [22, 8, 8]},
			"faces": {
				"north": {"uv": [1, 15, 15, 16], "texture": "#0", "cullface": "north"},
				"south": {"uv": [1, 15, 15, 16], "texture": "#0", "cullface": "down"},
				"up": {"uv": [1, 0, 15, 1], "texture": "#0", "cullface": "north"},
				"down": {"uv": [1, 15, 15, 16], "texture": "#0", "cullface": "down"}
			}
		},
		{
			"from": [1, 15, 15],
			"to": [15, 16, 16],
			"rotation": {"angle": 0, "axis": "y", "origin": [22, 23, 23]},
			"faces": {
				"north": {"uv": [1, 0, 15, 1], "texture": "#0", "cullface": "up"},
				"south": {"uv": [1, 0, 15, 1], "texture": "#0", "cullface": "south"},
				"up": {"uv": [1, 15, 15, 16], "texture": "#0", "cullface": "up"},
				"down": {"uv": [1, 0, 15, 1], "texture": "#0", "cullface": "south"}
			}
		},
		{
			"from": [1, 0, 15],
			"to": [15, 1, 16],
			"rotation": {"angle": 0, "axis": "y", "origin": [22, 8, 23]},
			"faces": {
				"north": {"uv": [1, 15, 15, 16], "texture": "#0", "cullface": "down"},
				"south": {"uv": [1, 15, 15, 16], "texture": "#0", "cullface": "south"},
				"up": {"uv": [1, 15, 15, 16], "texture": "#0", "cullface": "south"},
				"down": {"uv": [1, 0, 15, 1], "texture": "#0", "cullface": "down"}
			}
		},
		{
			"from": [0, 15, 1],
			"to": [1, 16, 15],
			"rotation": {"angle": 0, "axis": "y", "origin": [21, 23, 22]},
			"faces": {
				"east": {"uv": [1, 0, 15, 1], "texture": "#0", "cullface": "up"},
				"west": {"uv": [1, 0, 15, 1], "texture": "#0", "cullface": "west"},
				"up": {"uv": [0, 1, 1, 15], "texture": "#0", "cullface": "up"},
				"down": {"uv": [0, 1, 1, 15], "texture": "#0", "cullface": "west"}
			}
		},
		{
			"from": [0, 0, 1],
			"to": [1, 1, 15],
			"rotation": {"angle": 0, "axis": "y", "origin": [21, 8, 22]},
			"faces": {
				"east": {"uv": [1, 15, 15, 16], "texture": "#0", "cullface": "down"},
				"west": {"uv": [1, 15, 15, 16], "texture": "#0", "cullface": "west"},
				"up": {"uv": [0, 1, 1, 15], "texture": "#0", "cullface": "west"},
				"down": {"uv": [0, 1, 1, 15], "texture": "#0", "cullface": "down"}
			}
		},
		{
			"from": [15, 15, 1],
			"to": [16, 16, 15],
			"rotation": {"angle": 0, "axis": "y", "origin": [36, 23, 22]},
			"faces": {
				"east": {"uv": [1, 0, 15, 1], "texture": "#0", "cullface": "east"},
				"west": {"uv": [1, 0, 15, 1], "texture": "#0", "cullface": "up"},
				"up": {"uv": [15, 1, 16, 15], "texture": "#0", "cullface": "up"},
				"down": {"uv": [15, 1, 16, 15], "texture": "#0", "cullface": "east"}
			}
		},
		{
			"from": [15, 0, 1],
			"to": [16, 1, 15],
			"rotation": {"angle": 0, "axis": "y", "origin": [36, 8, 22]},
			"faces": {
				"east": {"uv": [1, 15, 15, 16], "texture": "#0", "cullface": "east"},
				"west": {"uv": [1, 15, 15, 16], "texture": "#0", "cullface": "down"},
				"up": {"uv": [15, 1, 16, 15], "texture": "#0", "cullface": "east"},
				"down": {"uv": [15, 1, 16, 15], "texture": "#0", "cullface": "down"}
			}
		},
		{
			"from": [7, 1, 0.3],
			"to": [9, 4, 15.7],
			"rotation": {"angle": 0, "axis": "y", "origin": [15, 9, 8.7]},
			"faces": {
				"north": {"uv": [7, 12, 9, 15], "texture": "#0", "cullface": "north"},
				"east": {"uv": [0.3, 12, 15.7, 15], "texture": "#0"},
				"south": {"uv": [7, 12, 9, 15], "texture": "#0", "cullface": "south"},
				"west": {"uv": [0.3, 12, 15.7, 15], "texture": "#0"},
				"up": {"uv": [7, 0.3, 9, 15.7], "texture": "#0"}
			}
		},
		{
			"from": [7, 12, 0.3],
			"to": [9, 15, 15.7],
			"rotation": {"angle": 0, "axis": "y", "origin": [15, 20, 8.7]},
			"faces": {
				"north": {"uv": [7, 1, 9, 4], "texture": "#0", "cullface": "north"},
				"east": {"uv": [0.3, 1, 15.7, 4], "texture": "#0"},
				"south": {"uv": [7, 1, 9, 4], "texture": "#0", "cullface": "south"},
				"west": {"uv": [0.3, 1, 15.7, 4], "texture": "#0"},
				"down": {"uv": [7, 0.3, 9, 15.7], "texture": "#0"}
			}
		},
		{
			"from": [1, 7, 0.3],
			"to": [4, 9, 15.7],
			"rotation": {"angle": 0, "axis": "y", "origin": [10, 15, 8.7]},
			"faces": {
				"north": {"uv": [12, 7, 15, 9], "texture": "#0", "cullface": "north"},
				"east": {"uv": [0.3, 7, 15.7, 9], "texture": "#0"},
				"south": {"uv": [1, 7, 4, 9], "texture": "#0", "cullface": "south"},
				"up": {"uv": [1, 0.3, 4, 15.7], "texture": "#0"},
				"down": {"uv": [1, 0.3, 4, 15.7], "texture": "#0"}
			}
		},
		{
			"from": [4, 9, 0.3],
			"to": [5, 10, 15.7],
			"rotation": {"angle": 0, "axis": "y", "origin": [11, 16, 8.7]},
			"faces": {
				"north": {"uv": [11, 6, 12, 7], "texture": "#0", "cullface": "north"},
				"east": {"uv": [0.3, 6, 15.7, 7], "texture": "#0"},
				"south": {"uv": [4, 6, 5, 7], "texture": "#0", "cullface": "south"},
				"west": {"uv": [0.3, 6, 15.7, 7], "texture": "#0"},
				"up": {"uv": [4, 0.3, 5, 15.7], "texture": "#0"},
				"down": {"uv": [4, 0.3, 5, 15.7], "texture": "#0"}
			}
		},
		{
			"from": [5, 10, 0.3],
			"to": [6, 11, 15.7],
			"rotation": {"angle": 0, "axis": "y", "origin": [12, 17, 8.7]},
			"faces": {
				"north": {"uv": [10, 5, 11, 6], "texture": "#0", "cullface": "north"},
				"east": {"uv": [0.3, 5, 15.7, 6], "texture": "#0"},
				"south": {"uv": [5, 5, 6, 6], "texture": "#0", "cullface": "south"},
				"west": {"uv": [0.3, 5, 15.7, 6], "texture": "#0"},
				"up": {"uv": [5, 0.3, 6, 15.7], "texture": "#0"},
				"down": {"uv": [5, 0.3, 6, 15.7], "texture": "#0"}
			}
		},
		{
			"from": [6, 11, 0.3],
			"to": [7, 12, 15.7],
			"rotation": {"angle": 0, "axis": "y", "origin": [13, 18, 8.7]},
			"faces": {
				"north": {"uv": [9, 4, 10, 5], "texture": "#0", "cullface": "north"},
				"east": {"uv": [0.3, 4, 15.7, 5], "texture": "#0"},
				"south": {"uv": [6, 4, 7, 5], "texture": "#0", "cullface": "south"},
				"west": {"uv": [0.3, 4, 15.7, 5], "texture": "#0"},
				"up": {"uv": [6, 0.3, 7, 15.7], "texture": "#0"},
				"down": {"uv": [6, 0.3, 7, 15.7], "texture": "#0"}
			}
		},
		{
			"from": [9, 11, 0.3],
			"to": [10, 12, 15.7],
			"rotation": {"angle": 0, "axis": "y", "origin": [16, 18, 8.7]},
			"faces": {
				"north": {"uv": [6, 4, 7, 5], "texture": "#0", "cullface": "north"},
				"east": {"uv": [0.3, 4, 15.7, 5], "texture": "#0"},
				"south": {"uv": [9, 4, 10, 5], "texture": "#0", "cullface": "south"},
				"west": {"uv": [0.3, 4, 15.7, 5], "texture": "#0"},
				"up": {"uv": [9, 0.3, 10, 15.7], "texture": "#0"},
				"down": {"uv": [9, 0.3, 10, 15.7], "texture": "#0"}
			}
		},
		{
			"from": [10, 10, 0.3],
			"to": [11, 11, 15.7],
			"rotation": {"angle": 0, "axis": "y", "origin": [17, 17, 8.7]},
			"faces": {
				"north": {"uv": [5, 5, 6, 6], "texture": "#0", "cullface": "north"},
				"east": {"uv": [0.3, 5, 15.7, 6], "texture": "#0"},
				"south": {"uv": [10, 5, 11, 6], "texture": "#0", "cullface": "south"},
				"west": {"uv": [0.3, 5, 15.7, 6], "texture": "#0"},
				"up": {"uv": [10, 0.3, 11, 15.7], "texture": "#0"},
				"down": {"uv": [10, 0.3, 11, 15.7], "texture": "#0"}
			}
		},
		{
			"from": [11, 9, 0.3],
			"to": [12, 10, 15.7],
			"rotation": {"angle": 0, "axis": "y", "origin": [18, 16, 8.7]},
			"faces": {
				"north": {"uv": [4, 6, 5, 7], "texture": "#0", "cullface": "north"},
				"east": {"uv": [0.3, 6, 15.7, 7], "texture": "#0"},
				"south": {"uv": [11, 6, 12, 7], "texture": "#0", "cullface": "south"},
				"west": {"uv": [0.3, 6, 15.7, 7], "texture": "#0"},
				"up": {"uv": [11, 0.3, 12, 15.7], "texture": "#0"},
				"down": {"uv": [11, 0.3, 12, 15.7], "texture": "#0"}
			}
		},
		{
			"from": [11, 6, 0.3],
			"to": [12, 7, 15.7],
			"rotation": {"angle": 0, "axis": "y", "origin": [18, 13, 8.7]},
			"faces": {
				"north": {"uv": [4, 9, 5, 10], "texture": "#0", "cullface": "north"},
				"east": {"uv": [0.3, 9, 15.7, 10], "texture": "#0"},
				"south": {"uv": [11, 9, 12, 10], "texture": "#0", "cullface": "south"},
				"west": {"uv": [0.3, 9, 15.7, 10], "texture": "#0"},
				"up": {"uv": [11, 0.3, 12, 15.7], "texture": "#0"},
				"down": {"uv": [11, 0.3, 12, 15.7], "texture": "#0"}
			}
		},
		{
			"from": [10, 5, 0.3],
			"to": [11, 6, 15.7],
			"rotation": {"angle": 0, "axis": "y", "origin": [17, 12, 8.7]},
			"faces": {
				"north": {"uv": [5, 10, 6, 11], "texture": "#0", "cullface": "north"},
				"east": {"uv": [0.3, 10, 15.7, 11], "texture": "#0"},
				"south": {"uv": [10, 10, 11, 11], "texture": "#0", "cullface": "south"},
				"west": {"uv": [0.3, 10, 15.7, 11], "texture": "#0"},
				"up": {"uv": [10, 0.3, 11, 15.7], "texture": "#0"},
				"down": {"uv": [10, 0.3, 11, 15.7], "texture": "#0"}
			}
		},
		{
			"from": [9, 4, 0.3],
			"to": [10, 5, 15.7],
			"rotation": {"angle": 0, "axis": "y", "origin": [16, 11, 8.7]},
			"faces": {
				"north": {"uv": [6, 11, 7, 12], "texture": "#0", "cullface": "north"},
				"east": {"uv": [0.3, 11, 15.7, 12], "texture": "#0"},
				"south": {"uv": [9, 11, 10, 12], "texture": "#0", "cullface": "south"},
				"west": {"uv": [0.3, 11, 15.7, 12], "texture": "#0"},
				"up": {"uv": [9, 0.3, 10, 15.7], "texture": "#0"},
				"down": {"uv": [9, 0.3, 10, 15.7], "texture": "#0"}
			}
		},
		{
			"from": [6, 4, 0.3],
			"to": [7, 5, 15.7],
			"rotation": {"angle": 0, "axis": "y", "origin": [13, 11, 8.7]},
			"faces": {
				"north": {"uv": [9, 11, 10, 12], "texture": "#0", "cullface": "north"},
				"east": {"uv": [0.3, 11, 15.7, 12], "texture": "#0"},
				"south": {"uv": [6, 11, 7, 12], "texture": "#0", "cullface": "south"},
				"west": {"uv": [0.3, 11, 15.7, 12], "texture": "#0"},
				"up": {"uv": [6, 0.3, 7, 15.7], "texture": "#0"},
				"down": {"uv": [6, 0.3, 7, 15.7], "texture": "#0"}
			}
		},
		{
			"from": [5, 5, 0.3],
			"to": [6, 6, 15.7],
			"rotation": {"angle": 0, "axis": "y", "origin": [12, 12, 8.7]},
			"faces": {
				"north": {"uv": [10, 10, 11, 11], "texture": "#0", "cullface": "north"},
				"east": {"uv": [0.3, 10, 15.7, 11], "texture": "#0"},
				"south": {"uv": [5, 10, 6, 11], "texture": "#0", "cullface": "south"},
				"west": {"uv": [0.3, 10, 15.7, 11], "texture": "#0"},
				"up": {"uv": [5, 0.3, 6, 15.7], "texture": "#0"},
				"down": {"uv": [5, 0.3, 6, 15.7], "texture": "#0"}
			}
		},
		{
			"from": [4, 6, 0.3],
			"to": [5, 7, 15.7],
			"rotation": {"angle": 0, "axis": "y", "origin": [11, 13, 8.7]},
			"faces": {
				"north": {"uv": [11, 9, 12, 10], "texture": "#0", "cullface": "north"},
				"east": {"uv": [0.3, 9, 15.7, 10], "texture": "#0"},
				"south": {"uv": [4, 9, 5, 10], "texture": "#0", "cullface": "south"},
				"west": {"uv": [0.3, 9, 15.7, 10], "texture": "#0"},
				"up": {"uv": [4, 0.3, 5, 15.7], "texture": "#0"},
				"down": {"uv": [4, 0.3, 5, 15.7], "texture": "#0"}
			}
		},
		{
			"from": [2, 14, 0.3],
			"to": [3, 15, 15.7],
			"rotation": {"angle": 0, "axis": "y", "origin": [9, 21, 8.7]},
			"faces": {
				"north": {"uv": [13, 1, 14, 2], "texture": "#0", "cullface": "north"},
				"east": {"uv": [0.3, 1, 15.7, 2], "texture": "#0"},
				"south": {"uv": [2, 1, 3, 2], "texture": "#0", "cullface": "south"},
				"west": {"uv": [0.3, 1, 15.7, 2], "texture": "#0"},
				"down": {"uv": [2, 0.3, 3, 15.7], "texture": "#0"}
			}
		},
		{
			"from": [1, 13, 0.3],
			"to": [2, 14, 15.7],
			"rotation": {"angle": 0, "axis": "y", "origin": [8, 20, 8.7]},
			"faces": {
				"north": {"uv": [14, 2, 15, 3], "texture": "#0", "cullface": "north"},
				"east": {"uv": [0.3, 2, 15.7, 3], "texture": "#0"},
				"south": {"uv": [1, 2, 2, 3], "texture": "#0", "cullface": "south"},
				"up": {"uv": [1, 0.3, 2, 15.7], "texture": "#0"},
				"down": {"uv": [1, 0.3, 2, 15.7], "texture": "#0"}
			}
		},
		{
			"from": [1, 2, 0.3],
			"to": [2, 3, 15.7],
			"rotation": {"angle": 0, "axis": "y", "origin": [8, 9, 8.7]},
			"faces": {
				"north": {"uv": [14, 13, 15, 14], "texture": "#0", "cullface": "north"},
				"east": {"uv": [0.3, 13, 15.7, 14], "texture": "#0"},
				"south": {"uv": [1, 13, 2, 14], "texture": "#0", "cullface": "south"},
				"up": {"uv": [1, 0.3, 2, 15.7], "texture": "#0"},
				"down": {"uv": [1, 0.3, 2, 15.7], "texture": "#0"}
			}
		},
		{
			"from": [2, 1, 0.3],
			"to": [3, 2, 15.7],
			"rotation": {"angle": 0, "axis": "y", "origin": [9, 8, 8.7]},
			"faces": {
				"north": {"uv": [13, 14, 14, 15], "texture": "#0", "cullface": "north"},
				"east": {"uv": [0.3, 14, 15.7, 15], "texture": "#0"},
				"south": {"uv": [2, 14, 3, 15], "texture": "#0", "cullface": "south"},
				"west": {"uv": [0.3, 14, 15.7, 15], "texture": "#0"},
				"up": {"uv": [2, 0.3, 3, 15.7], "texture": "#0"}
			}
		},
		{
			"from": [13, 1, 0.3],
			"to": [14, 2, 15.7],
			"rotation": {"angle": 0, "axis": "y", "origin": [20, 8, 8.7]},
			"faces": {
				"north": {"uv": [2, 14, 3, 15], "texture": "#0", "cullface": "north"},
				"east": {"uv": [0.3, 14, 15.7, 15], "texture": "#0"},
				"south": {"uv": [13, 14, 14, 15], "texture": "#0", "cullface": "south"},
				"west": {"uv": [0.3, 14, 15.7, 15], "texture": "#0"},
				"up": {"uv": [13, 0.3, 14, 15.7], "texture": "#0"}
			}
		},
		{
			"from": [14, 2, 0.3],
			"to": [15, 3, 15.7],
			"rotation": {"angle": 0, "axis": "y", "origin": [21, 9, 8.7]},
			"faces": {
				"north": {"uv": [1, 13, 2, 14], "texture": "#0", "cullface": "north"},
				"south": {"uv": [14, 13, 15, 14], "texture": "#0", "cullface": "south"},
				"west": {"uv": [0.3, 13, 15.7, 14], "texture": "#0"},
				"up": {"uv": [14, 0.3, 15, 15.7], "texture": "#0"},
				"down": {"uv": [14, 0.3, 15, 15.7], "texture": "#0"}
			}
		},
		{
			"from": [14, 13, 0.3],
			"to": [15, 14, 15.7],
			"rotation": {"angle": 0, "axis": "y", "origin": [21, 20, 8.7]},
			"faces": {
				"north": {"uv": [1, 2, 2, 3], "texture": "#0", "cullface": "north"},
				"south": {"uv": [14, 2, 15, 3], "texture": "#0", "cullface": "south"},
				"west": {"uv": [0.3, 2, 15.7, 3], "texture": "#0"},
				"up": {"uv": [14, 0.3, 15, 15.7], "texture": "#0"},
				"down": {"uv": [14, 0.3, 15, 15.7], "texture": "#0"}
			}
		},
		{
			"from": [13, 14, 0.3],
			"to": [14, 15, 15.7],
			"rotation": {"angle": 0, "axis": "y", "origin": [20, 21, 8.7]},
			"faces": {
				"north": {"uv": [2, 1, 3, 2], "texture": "#0", "cullface": "north"},
				"east": {"uv": [0.3, 1, 15.7, 2], "texture": "#0"},
				"south": {"uv": [13, 1, 14, 2], "texture": "#0", "cullface": "south"},
				"west": {"uv": [0.3, 1, 15.7, 2], "texture": "#0"},
				"down": {"uv": [13, 0.3, 14, 15.7], "texture": "#0"}
			}
		},
		{
			"from": [12, 7, 0.3],
			"to": [15, 9, 15.7],
			"rotation": {"angle": 0, "axis": "y", "origin": [21, 15, 8.7]},
			"faces": {
				"north": {"uv": [1, 7, 4, 9], "texture": "#0", "cullface": "north"},
				"south": {"uv": [12, 7, 15, 9], "texture": "#0", "cullface": "south"},
				"west": {"uv": [0.3, 7, 15.7, 9], "texture": "#0"},
				"up": {"uv": [12, 0.3, 15, 15.7], "texture": "#0"},
				"down": {"uv": [12, 0.3, 15, 15.7], "texture": "#0"}
			}
		},
		{
			"from": [0.3, 1, 7],
			"to": [15.7, 4, 9],
			"rotation": {"angle": 0, "axis": "y", "origin": [9, 9, 15]},
			"faces": {
				"north": {"uv": [0.3, 12, 15.7, 15], "texture": "#0"},
				"east": {"uv": [7, 12, 9, 15], "texture": "#0", "cullface": "east"},
				"south": {"uv": [0.3, 12, 15.7, 15], "texture": "#0"},
				"west": {"uv": [7, 12, 9, 15], "texture": "#0", "cullface": "west"},
				"up": {"uv": [0.3, 7, 15.7, 9], "texture": "#0"}
			}
		},
		{
			"from": [0.3, 7, 12],
			"to": [15.7, 9, 15],
			"rotation": {"angle": 0, "axis": "y", "origin": [9, 14, 20]},
			"faces": {
				"north": {"uv": [0.3, 7, 15.7, 9], "texture": "#0"},
				"east": {"uv": [1, 7, 4, 9], "texture": "#0", "cullface": "east"},
				"west": {"uv": [12, 7, 15, 9], "texture": "#0", "cullface": "west"},
				"up": {"uv": [0.3, 12, 15.7, 15], "texture": "#0"},
				"down": {"uv": [0.3, 1, 15.7, 4], "texture": "#0"}
			}
		},
		{
			"from": [0.3, 7, 1],
			"to": [15.7, 9, 4],
			"rotation": {"angle": 0, "axis": "y", "origin": [9, 14, 9]},
			"faces": {
				"east": {"uv": [12, 7, 15, 9], "texture": "#0", "cullface": "east"},
				"south": {"uv": [0.3, 7, 15.7, 9], "texture": "#0"},
				"west": {"uv": [1, 7, 4, 9], "texture": "#0", "cullface": "west"},
				"up": {"uv": [0.3, 1, 15.7, 4], "texture": "#0"},
				"down": {"uv": [0.3, 12, 15.7, 15], "texture": "#0"}
			}
		},
		{
			"from": [0.3, 9, 4],
			"to": [15.7, 10, 5],
			"rotation": {"angle": 0, "axis": "y", "origin": [9, 15, 10]},
			"faces": {
				"north": {"uv": [0.3, 6, 15.7, 7], "texture": "#0"},
				"east": {"uv": [11, 6, 12, 7], "texture": "#0", "cullface": "east"},
				"south": {"uv": [0.3, 6, 15.7, 7], "texture": "#0"},
				"west": {"uv": [4, 6, 5, 7], "texture": "#0", "cullface": "west"},
				"up": {"uv": [0.3, 4, 15.7, 5], "texture": "#0"},
				"down": {"uv": [0.3, 11, 15.7, 12], "texture": "#0"}
			}
		},
		{
			"from": [0.3, 10, 5],
			"to": [15.7, 11, 6],
			"rotation": {"angle": 0, "axis": "y", "origin": [9, 16, 11]},
			"faces": {
				"north": {"uv": [0.3, 5, 15.7, 6], "texture": "#0"},
				"east": {"uv": [10, 5, 11, 6], "texture": "#0", "cullface": "east"},
				"south": {"uv": [0.3, 5, 15.7, 6], "texture": "#0"},
				"west": {"uv": [5, 5, 6, 6], "texture": "#0", "cullface": "west"},
				"up": {"uv": [0.3, 5, 15.7, 6], "texture": "#0"},
				"down": {"uv": [0.3, 10, 15.7, 11], "texture": "#0"}
			}
		},
		{
			"from": [0.3, 11, 6],
			"to": [15.7, 12, 7],
			"rotation": {"angle": 0, "axis": "y", "origin": [9, 17, 12]},
			"faces": {
				"north": {"uv": [0.3, 4, 15.7, 5], "texture": "#0"},
				"east": {"uv": [9, 4, 10, 5], "texture": "#0", "cullface": "east"},
				"south": {"uv": [0.3, 4, 15.7, 5], "texture": "#0"},
				"west": {"uv": [6, 4, 7, 5], "texture": "#0", "cullface": "west"},
				"up": {"uv": [0.3, 6, 15.7, 7], "texture": "#0"},
				"down": {"uv": [0.3, 9, 15.7, 10], "texture": "#0"}
			}
		},
		{
			"from": [0.3, 11, 9],
			"to": [15.7, 12, 10],
			"rotation": {"angle": 0, "axis": "y", "origin": [9, 17, 15]},
			"faces": {
				"north": {"uv": [0.3, 4, 15.7, 5], "texture": "#0"},
				"east": {"uv": [6, 4, 7, 5], "texture": "#0", "cullface": "east"},
				"south": {"uv": [0.3, 4, 15.7, 5], "texture": "#0"},
				"west": {"uv": [9, 4, 10, 5], "texture": "#0", "cullface": "west"},
				"up": {"uv": [0.3, 9, 15.7, 10], "texture": "#0"},
				"down": {"uv": [0.3, 6, 15.7, 7], "texture": "#0"}
			}
		},
		{
			"from": [0.3, 10, 10],
			"to": [15.7, 11, 11],
			"rotation": {"angle": 0, "axis": "y", "origin": [9, 16, 16]},
			"faces": {
				"north": {"uv": [0.3, 5, 15.7, 6], "texture": "#0"},
				"east": {"uv": [5, 5, 6, 6], "texture": "#0", "cullface": "east"},
				"south": {"uv": [0.3, 5, 15.7, 6], "texture": "#0"},
				"west": {"uv": [10, 5, 11, 6], "texture": "#0", "cullface": "west"},
				"up": {"uv": [0.3, 10, 15.7, 11], "texture": "#0"},
				"down": {"uv": [0.3, 5, 15.7, 6], "texture": "#0"}
			}
		},
		{
			"from": [0.3, 9, 11],
			"to": [15.7, 10, 12],
			"rotation": {"angle": 0, "axis": "y", "origin": [9, 15, 17]},
			"faces": {
				"north": {"uv": [0.3, 6, 15.7, 7], "texture": "#0"},
				"east": {"uv": [4, 6, 5, 7], "texture": "#0", "cullface": "east"},
				"south": {"uv": [0.3, 6, 15.7, 7], "texture": "#0"},
				"west": {"uv": [11, 6, 12, 7], "texture": "#0", "cullface": "west"},
				"up": {"uv": [0.3, 11, 15.7, 12], "texture": "#0"},
				"down": {"uv": [0.3, 4, 15.7, 5], "texture": "#0"}
			}
		},
		{
			"from": [0.3, 6, 11],
			"to": [15.7, 7, 12],
			"rotation": {"angle": 0, "axis": "y", "origin": [9, 12, 17]},
			"faces": {
				"north": {"uv": [0.3, 9, 15.7, 10], "texture": "#0"},
				"east": {"uv": [4, 9, 5, 10], "texture": "#0", "cullface": "east"},
				"south": {"uv": [0.3, 9, 15.7, 10], "texture": "#0"},
				"west": {"uv": [11, 9, 12, 10], "texture": "#0", "cullface": "west"},
				"up": {"uv": [0.3, 11, 15.7, 12], "texture": "#0"},
				"down": {"uv": [0.3, 4, 15.7, 5], "texture": "#0"}
			}
		},
		{
			"from": [0.3, 5, 10],
			"to": [15.7, 6, 11],
			"rotation": {"angle": 0, "axis": "y", "origin": [9, 11, 16]},
			"faces": {
				"north": {"uv": [0.3, 10, 15.7, 11], "texture": "#0"},
				"east": {"uv": [5, 10, 6, 11], "texture": "#0", "cullface": "east"},
				"south": {"uv": [0.3, 10, 15.7, 11], "texture": "#0"},
				"west": {"uv": [10, 10, 11, 11], "texture": "#0", "cullface": "west"},
				"up": {"uv": [0.3, 10, 15.7, 11], "texture": "#0"},
				"down": {"uv": [0.3, 5, 15.7, 6], "texture": "#0"}
			}
		},
		{
			"from": [0.3, 4, 9],
			"to": [15.7, 5, 10],
			"rotation": {"angle": 0, "axis": "y", "origin": [9, 10, 15]},
			"faces": {
				"north": {"uv": [0.3, 11, 15.7, 12], "texture": "#0"},
				"east": {"uv": [6, 11, 7, 12], "texture": "#0", "cullface": "east"},
				"south": {"uv": [0.3, 11, 15.7, 12], "texture": "#0"},
				"west": {"uv": [9, 11, 10, 12], "texture": "#0", "cullface": "west"},
				"up": {"uv": [0.3, 9, 15.7, 10], "texture": "#0"},
				"down": {"uv": [0.3, 6, 15.7, 7], "texture": "#0"}
			}
		},
		{
			"from": [0.3, 4, 6],
			"to": [15.7, 5, 7],
			"rotation": {"angle": 0, "axis": "y", "origin": [9, 10, 12]},
			"faces": {
				"north": {"uv": [0.3, 11, 15.7, 12], "texture": "#0"},
				"east": {"uv": [9, 11, 10, 12], "texture": "#0", "cullface": "east"},
				"south": {"uv": [0.3, 11, 15.7, 12], "texture": "#0"},
				"west": {"uv": [6, 11, 7, 12], "texture": "#0", "cullface": "west"},
				"up": {"uv": [0.3, 6, 15.7, 7], "texture": "#0"},
				"down": {"uv": [0.3, 9, 15.7, 10], "texture": "#0"}
			}
		},
		{
			"from": [0.3, 5, 5],
			"to": [15.7, 6, 6],
			"rotation": {"angle": 0, "axis": "y", "origin": [9, 11, 11]},
			"faces": {
				"north": {"uv": [0.3, 10, 15.7, 11], "texture": "#0"},
				"east": {"uv": [10, 10, 11, 11], "texture": "#0", "cullface": "east"},
				"south": {"uv": [0.3, 10, 15.7, 11], "texture": "#0"},
				"west": {"uv": [5, 10, 6, 11], "texture": "#0", "cullface": "west"},
				"up": {"uv": [0.3, 5, 15.7, 6], "texture": "#0"},
				"down": {"uv": [0.3, 10, 15.7, 11], "texture": "#0"}
			}
		},
		{
			"from": [0.3, 6, 4],
			"to": [15.7, 7, 5],
			"rotation": {"angle": 0, "axis": "y", "origin": [9, 12, 10]},
			"faces": {
				"north": {"uv": [0.3, 9, 15.7, 10], "texture": "#0"},
				"east": {"uv": [11, 9, 12, 10], "texture": "#0", "cullface": "east"},
				"south": {"uv": [0.3, 9, 15.7, 10], "texture": "#0"},
				"west": {"uv": [4, 9, 5, 10], "texture": "#0", "cullface": "west"},
				"up": {"uv": [0.3, 4, 15.7, 5], "texture": "#0"},
				"down": {"uv": [0.3, 11, 15.7, 12], "texture": "#0"}
			}
		},
		{
			"from": [0.3, 13, 1],
			"to": [15.7, 14, 2],
			"rotation": {"angle": 0, "axis": "y", "origin": [9, 19, 7]},
			"faces": {
				"east": {"uv": [14, 2, 15, 3], "texture": "#0", "cullface": "east"},
				"south": {"uv": [0.3, 2, 15.7, 3], "texture": "#0"},
				"west": {"uv": [1, 2, 2, 3], "texture": "#0", "cullface": "west"},
				"up": {"uv": [0.3, 1, 15.7, 2], "texture": "#0"},
				"down": {"uv": [0.3, 14, 15.7, 15], "texture": "#0"}
			}
		},
		{
			"from": [0.3, 14, 2],
			"to": [15.7, 15, 3],
			"rotation": {"angle": 0, "axis": "y", "origin": [9, 20, 8]},
			"faces": {
				"north": {"uv": [0.3, 1, 15.7, 2], "texture": "#0"},
				"east": {"uv": [13, 1, 14, 2], "texture": "#0", "cullface": "east"},
				"south": {"uv": [0.3, 1, 15.7, 2], "texture": "#0"},
				"west": {"uv": [2, 1, 3, 2], "texture": "#0", "cullface": "west"},
				"down": {"uv": [0.3, 13, 15.7, 14], "texture": "#0"}
			}
		},
		{
			"from": [0.3, 14, 13],
			"to": [15.7, 15, 14],
			"rotation": {"angle": 0, "axis": "y", "origin": [9, 20, 19]},
			"faces": {
				"north": {"uv": [0.3, 1, 15.7, 2], "texture": "#0"},
				"east": {"uv": [2, 1, 3, 2], "texture": "#0", "cullface": "east"},
				"south": {"uv": [0.3, 1, 15.7, 2], "texture": "#0"},
				"west": {"uv": [13, 1, 14, 2], "texture": "#0", "cullface": "west"},
				"down": {"uv": [0.3, 2, 15.7, 3], "texture": "#0"}
			}
		},
		{
			"from": [0.3, 13, 14],
			"to": [15.7, 14, 15],
			"rotation": {"angle": 0, "axis": "y", "origin": [9, 19, 20]},
			"faces": {
				"north": {"uv": [0.3, 2, 15.7, 3], "texture": "#0"},
				"east": {"uv": [1, 2, 2, 3], "texture": "#0", "cullface": "east"},
				"west": {"uv": [14, 2, 15, 3], "texture": "#0", "cullface": "west"},
				"up": {"uv": [0.3, 14, 15.7, 15], "texture": "#0"},
				"down": {"uv": [0.3, 1, 15.7, 2], "texture": "#0"}
			}
		},
		{
			"from": [0.3, 2, 14],
			"to": [15.7, 3, 15],
			"rotation": {"angle": 0, "axis": "y", "origin": [9, 8, 20]},
			"faces": {
				"north": {"uv": [0.3, 13, 15.7, 14], "texture": "#0"},
				"east": {"uv": [1, 13, 2, 14], "texture": "#0", "cullface": "east"},
				"west": {"uv": [14, 13, 15, 14], "texture": "#0", "cullface": "west"},
				"up": {"uv": [0.3, 14, 15.7, 15], "texture": "#0"},
				"down": {"uv": [0.3, 1, 15.7, 2], "texture": "#0"}
			}
		},
		{
			"from": [0.3, 1, 13],
			"to": [15.7, 2, 14],
			"rotation": {"angle": 0, "axis": "y", "origin": [9, 7, 19]},
			"faces": {
				"north": {"uv": [0.3, 14, 15.7, 15], "texture": "#0"},
				"east": {"uv": [2, 14, 3, 15], "texture": "#0", "cullface": "east"},
				"south": {"uv": [0.3, 14, 15.7, 15], "texture": "#0"},
				"west": {"uv": [13, 14, 14, 15], "texture": "#0", "cullface": "west"},
				"up": {"uv": [0.3, 13, 15.7, 14], "texture": "#0"}
			}
		},
		{
			"from": [0.3, 1, 2],
			"to": [15.7, 2, 3],
			"rotation": {"angle": 0, "axis": "y", "origin": [9, 7, 8]},
			"faces": {
				"north": {"uv": [0.3, 14, 15.7, 15], "texture": "#0"},
				"east": {"uv": [13, 14, 14, 15], "texture": "#0", "cullface": "east"},
				"south": {"uv": [0.3, 14, 15.7, 15], "texture": "#0"},
				"west": {"uv": [2, 14, 3, 15], "texture": "#0", "cullface": "west"},
				"up": {"uv": [0.3, 2, 15.7, 3], "texture": "#0"}
			}
		},
		{
			"from": [0.3, 2, 1],
			"to": [15.7, 3, 2],
			"rotation": {"angle": 0, "axis": "y", "origin": [9, 8, 7]},
			"faces": {
				"east": {"uv": [14, 13, 15, 14], "texture": "#0", "cullface": "east"},
				"south": {"uv": [0.3, 13, 15.7, 14], "texture": "#0"},
				"west": {"uv": [1, 13, 2, 14], "texture": "#0", "cullface": "west"},
				"up": {"uv": [0.3, 1, 15.7, 2], "texture": "#0"},
				"down": {"uv": [0.3, 14, 15.7, 15], "texture": "#0"}
			}
		},
		{
			"from": [0.3, 12, 7],
			"to": [15.7, 15, 9],
			"rotation": {"angle": 0, "axis": "y", "origin": [9, 20, 15]},
			"faces": {
				"north": {"uv": [0.3, 1, 15.7, 4], "texture": "#0"},
				"east": {"uv": [7, 1, 9, 4], "texture": "#0", "cullface": "east"},
				"south": {"uv": [0.3, 1, 15.7, 4], "texture": "#0"},
				"west": {"uv": [7, 1, 9, 4], "texture": "#0", "cullface": "west"},
				"down": {"uv": [0.3, 7, 15.7, 9], "texture": "#0"}
			}
		},
		{
			"from": [1, 0.3, 7],
			"to": [4, 15.7, 9],
			"rotation": {"angle": 0, "axis": "y", "origin": [9, 22, 15]},
			"faces": {
				"north": {"uv": [12, 0.3, 15, 15.7], "texture": "#0"},
				"east": {"uv": [7, 0.3, 9, 15.7], "texture": "#0"},
				"south": {"uv": [1, 0.3, 4, 15.7], "texture": "#0"},
				"up": {"uv": [1, 7, 4, 9], "texture": "#0", "cullface": "up"},
				"down": {"uv": [1, 7, 4, 9], "texture": "#0", "cullface": "down"}
			}
		},
		{
			"from": [12, 0.3, 7],
			"to": [15, 15.7, 9],
			"rotation": {"angle": 0, "axis": "y", "origin": [20, 22, 15]},
			"faces": {
				"north": {"uv": [1, 0.3, 4, 15.7], "texture": "#0"},
				"south": {"uv": [12, 0.3, 15, 15.7], "texture": "#0"},
				"west": {"uv": [7, 0.3, 9, 15.7], "texture": "#0"},
				"up": {"uv": [12, 7, 15, 9], "texture": "#0", "cullface": "up"},
				"down": {"uv": [12, 7, 15, 9], "texture": "#0", "cullface": "down"}
			}
		},
		{
			"from": [7, 0.3, 1],
			"to": [9, 15.7, 4],
			"rotation": {"angle": 0, "axis": "y", "origin": [15, 22, 10]},
			"faces": {
				"east": {"uv": [12, 0.3, 15, 15.7], "texture": "#0"},
				"south": {"uv": [7, 0.3, 9, 15.7], "texture": "#0"},
				"west": {"uv": [1, 0.3, 4, 15.7], "texture": "#0"},
				"up": {"uv": [7, 1, 9, 4], "texture": "#0", "cullface": "up"},
				"down": {"uv": [7, 12, 9, 15], "texture": "#0", "cullface": "down"}
			}
		},
		{
			"from": [7, 0.3, 12],
			"to": [9, 15.7, 15],
			"rotation": {"angle": 0, "axis": "y", "origin": [15, 22, 21]},
			"faces": {
				"north": {"uv": [7, 0.3, 9, 15.7], "texture": "#0"},
				"east": {"uv": [1, 0.3, 4, 15.7], "texture": "#0"},
				"west": {"uv": [12, 0.3, 15, 15.7], "texture": "#0"},
				"up": {"uv": [7, 12, 9, 15], "texture": "#0", "cullface": "up"},
				"down": {"uv": [7, 1, 9, 4], "texture": "#0", "cullface": "down"}
			}
		},
		{
			"from": [9, 0.3, 11],
			"to": [10, 15.7, 12],
			"rotation": {"angle": 0, "axis": "y", "origin": [16, 22, 20]},
			"faces": {
				"north": {"uv": [6, 0.3, 7, 15.7], "texture": "#0"},
				"east": {"uv": [4, 0.3, 5, 15.7], "texture": "#0"},
				"south": {"uv": [9, 0.3, 10, 15.7], "texture": "#0"},
				"west": {"uv": [11, 0.3, 12, 15.7], "texture": "#0"},
				"up": {"uv": [9, 11, 10, 12], "texture": "#0", "cullface": "up"},
				"down": {"uv": [9, 4, 10, 5], "texture": "#0", "cullface": "down"}
			}
		},
		{
			"from": [10, 0.3, 10],
			"to": [11, 15.7, 11],
			"rotation": {"angle": 0, "axis": "y", "origin": [17, 22, 19]},
			"faces": {
				"north": {"uv": [5, 0.3, 6, 15.7], "texture": "#0"},
				"east": {"uv": [5, 0.3, 6, 15.7], "texture": "#0"},
				"south": {"uv": [10, 0.3, 11, 15.7], "texture": "#0"},
				"west": {"uv": [10, 0.3, 11, 15.7], "texture": "#0"},
				"up": {"uv": [10, 10, 11, 11], "texture": "#0", "cullface": "up"},
				"down": {"uv": [10, 5, 11, 6], "texture": "#0", "cullface": "down"}
			}
		},
		{
			"from": [11, 0.3, 9],
			"to": [12, 15.7, 10],
			"rotation": {"angle": 0, "axis": "y", "origin": [18, 22, 18]},
			"faces": {
				"north": {"uv": [4, 0.3, 5, 15.7], "texture": "#0"},
				"east": {"uv": [6, 0.3, 7, 15.7], "texture": "#0"},
				"south": {"uv": [11, 0.3, 12, 15.7], "texture": "#0"},
				"west": {"uv": [9, 0.3, 10, 15.7], "texture": "#0"},
				"up": {"uv": [11, 9, 12, 10], "texture": "#0", "cullface": "up"},
				"down": {"uv": [11, 6, 12, 7], "texture": "#0", "cullface": "down"}
			}
		},
		{
			"from": [11, 0.3, 6],
			"to": [12, 15.7, 7],
			"rotation": {"angle": 0, "axis": "y", "origin": [18, 22, 15]},
			"faces": {
				"north": {"uv": [4, 0.3, 5, 15.7], "texture": "#0"},
				"east": {"uv": [9, 0.3, 10, 15.7], "texture": "#0"},
				"south": {"uv": [11, 0.3, 12, 15.7], "texture": "#0"},
				"west": {"uv": [6, 0.3, 7, 15.7], "texture": "#0"},
				"up": {"uv": [11, 6, 12, 7], "texture": "#0", "cullface": "up"},
				"down": {"uv": [11, 9, 12, 10], "texture": "#0", "cullface": "down"}
			}
		},
		{
			"from": [10, 0.3, 5],
			"to": [11, 15.7, 6],
			"rotation": {"angle": 0, "axis": "y", "origin": [17, 22, 14]},
			"faces": {
				"north": {"uv": [5, 0.3, 6, 15.7], "texture": "#0"},
				"east": {"uv": [10, 0.3, 11, 15.7], "texture": "#0"},
				"south": {"uv": [10, 0.3, 11, 15.7], "texture": "#0"},
				"west": {"uv": [5, 0.3, 6, 15.7], "texture": "#0"},
				"up": {"uv": [10, 5, 11, 6], "texture": "#0", "cullface": "up"},
				"down": {"uv": [10, 10, 11, 11], "texture": "#0", "cullface": "down"}
			}
		},
		{
			"from": [9, 0.3, 4],
			"to": [10, 15.7, 5],
			"rotation": {"angle": 0, "axis": "y", "origin": [16, 22, 13]},
			"faces": {
				"north": {"uv": [6, 0.3, 7, 15.7], "texture": "#0"},
				"east": {"uv": [11, 0.3, 12, 15.7], "texture": "#0"},
				"south": {"uv": [9, 0.3, 10, 15.7], "texture": "#0"},
				"west": {"uv": [4, 0.3, 5, 15.7], "texture": "#0"},
				"up": {"uv": [9, 4, 10, 5], "texture": "#0", "cullface": "up"},
				"down": {"uv": [9, 11, 10, 12], "texture": "#0", "cullface": "down"}
			}
		},
		{
			"from": [6, 0.3, 4],
			"to": [7, 15.7, 5],
			"rotation": {"angle": 0, "axis": "y", "origin": [13, 22, 13]},
			"faces": {
				"north": {"uv": [9, 0.3, 10, 15.7], "texture": "#0"},
				"east": {"uv": [11, 0.3, 12, 15.7], "texture": "#0"},
				"south": {"uv": [6, 0.3, 7, 15.7], "texture": "#0"},
				"west": {"uv": [4, 0.3, 5, 15.7], "texture": "#0"},
				"up": {"uv": [6, 4, 7, 5], "texture": "#0", "cullface": "up"},
				"down": {"uv": [6, 11, 7, 12], "texture": "#0", "cullface": "down"}
			}
		},
		{
			"from": [5, 0.3, 5],
			"to": [6, 15.7, 6],
			"rotation": {"angle": 0, "axis": "y", "origin": [12, 22, 14]},
			"faces": {
				"north": {"uv": [10, 0.3, 11, 15.7], "texture": "#0"},
				"east": {"uv": [10, 0.3, 11, 15.7], "texture": "#0"},
				"south": {"uv": [5, 0.3, 6, 15.7], "texture": "#0"},
				"west": {"uv": [5, 0.3, 6, 15.7], "texture": "#0"},
				"up": {"uv": [5, 5, 6, 6], "texture": "#0", "cullface": "up"},
				"down": {"uv": [5, 10, 6, 11], "texture": "#0", "cullface": "down"}
			}
		},
		{
			"from": [4, 0.3, 6],
			"to": [5, 15.7, 7],
			"rotation": {"angle": 0, "axis": "y", "origin": [11, 22, 15]},
			"faces": {
				"north": {"uv": [11, 0.3, 12, 15.7], "texture": "#0"},
				"east": {"uv": [9, 0.3, 10, 15.7], "texture": "#0"},
				"south": {"uv": [4, 0.3, 5, 15.7], "texture": "#0"},
				"west": {"uv": [6, 0.3, 7, 15.7], "texture": "#0"},
				"up": {"uv": [4, 6, 5, 7], "texture": "#0", "cullface": "up"},
				"down": {"uv": [4, 9, 5, 10], "texture": "#0", "cullface": "down"}
			}
		},
		{
			"from": [4, 0.3, 9],
			"to": [5, 15.7, 10],
			"rotation": {"angle": 0, "axis": "y", "origin": [11, 22, 18]},
			"faces": {
				"north": {"uv": [11, 0.3, 12, 15.7], "texture": "#0"},
				"east": {"uv": [6, 0.3, 7, 15.7], "texture": "#0"},
				"south": {"uv": [4, 0.3, 5, 15.7], "texture": "#0"},
				"west": {"uv": [9, 0.3, 10, 15.7], "texture": "#0"},
				"up": {"uv": [4, 9, 5, 10], "texture": "#0", "cullface": "up"},
				"down": {"uv": [4, 6, 5, 7], "texture": "#0", "cullface": "down"}
			}
		},
		{
			"from": [5, 0.3, 10],
			"to": [6, 15.7, 11],
			"rotation": {"angle": 0, "axis": "y", "origin": [12, 22, 19]},
			"faces": {
				"north": {"uv": [10, 0.3, 11, 15.7], "texture": "#0"},
				"east": {"uv": [5, 0.3, 6, 15.7], "texture": "#0"},
				"south": {"uv": [5, 0.3, 6, 15.7], "texture": "#0"},
				"west": {"uv": [10, 0.3, 11, 15.7], "texture": "#0"},
				"up": {"uv": [5, 10, 6, 11], "texture": "#0", "cullface": "up"},
				"down": {"uv": [5, 5, 6, 6], "texture": "#0", "cullface": "down"}
			}
		},
		{
			"from": [6, 0.3, 11],
			"to": [7, 15.7, 12],
			"rotation": {"angle": 0, "axis": "y", "origin": [13, 22, 20]},
			"faces": {
				"north": {"uv": [9, 0.3, 10, 15.7], "texture": "#0"},
				"east": {"uv": [4, 0.3, 5, 15.7], "texture": "#0"},
				"south": {"uv": [6, 0.3, 7, 15.7], "texture": "#0"},
				"west": {"uv": [11, 0.3, 12, 15.7], "texture": "#0"},
				"up": {"uv": [6, 11, 7, 12], "texture": "#0", "cullface": "up"},
				"down": {"uv": [6, 4, 7, 5], "texture": "#0", "cullface": "down"}
			}
		},
		{
			"from": [14, 0.3, 13],
			"to": [15, 15.7, 14],
			"rotation": {"angle": 0, "axis": "y", "origin": [21, 22, 22]},
			"faces": {
				"north": {"uv": [1, 0.3, 2, 15.7], "texture": "#0"},
				"south": {"uv": [14, 0.3, 15, 15.7], "texture": "#0"},
				"west": {"uv": [13, 0.3, 14, 15.7], "texture": "#0"},
				"up": {"uv": [14, 13, 15, 14], "texture": "#0", "cullface": "up"},
				"down": {"uv": [14, 2, 15, 3], "texture": "#0", "cullface": "down"}
			}
		},
		{
			"from": [13, 0.3, 14],
			"to": [14, 15.7, 15],
			"rotation": {"angle": 0, "axis": "y", "origin": [20, 22, 23]},
			"faces": {
				"north": {"uv": [2, 0.3, 3, 15.7], "texture": "#0"},
				"east": {"uv": [1, 0.3, 2, 15.7], "texture": "#0"},
				"west": {"uv": [14, 0.3, 15, 15.7], "texture": "#0"},
				"up": {"uv": [13, 14, 14, 15], "texture": "#0", "cullface": "up"},
				"down": {"uv": [13, 1, 14, 2], "texture": "#0", "cullface": "down"}
			}
		},
		{
			"from": [2, 0.3, 14],
			"to": [3, 15.7, 15],
			"rotation": {"angle": 0, "axis": "y", "origin": [9, 22, 23]},
			"faces": {
				"north": {"uv": [13, 0.3, 14, 15.7], "texture": "#0"},
				"east": {"uv": [1, 0.3, 2, 15.7], "texture": "#0"},
				"west": {"uv": [14, 0.3, 15, 15.7], "texture": "#0"},
				"up": {"uv": [2, 14, 3, 15], "texture": "#0", "cullface": "up"},
				"down": {"uv": [2, 1, 3, 2], "texture": "#0", "cullface": "down"}
			}
		},
		{
			"from": [1, 0.3, 13],
			"to": [2, 15.7, 14],
			"rotation": {"angle": 0, "axis": "y", "origin": [8, 22, 22]},
			"faces": {
				"north": {"uv": [14, 0.3, 15, 15.7], "texture": "#0"},
				"east": {"uv": [2, 0.3, 3, 15.7], "texture": "#0"},
				"south": {"uv": [1, 0.3, 2, 15.7], "texture": "#0"},
				"up": {"uv": [1, 13, 2, 14], "texture": "#0", "cullface": "up"},
				"down": {"uv": [1, 2, 2, 3], "texture": "#0", "cullface": "down"}
			}
		},
		{
			"from": [1, 0.3, 2],
			"to": [2, 15.7, 3],
			"rotation": {"angle": 0, "axis": "y", "origin": [8, 22, 11]},
			"faces": {
				"north": {"uv": [14, 0.3, 15, 15.7], "texture": "#0"},
				"east": {"uv": [13, 0.3, 14, 15.7], "texture": "#0"},
				"south": {"uv": [1, 0.3, 2, 15.7], "texture": "#0"},
				"up": {"uv": [1, 2, 2, 3], "texture": "#0", "cullface": "up"},
				"down": {"uv": [1, 13, 2, 14], "texture": "#0", "cullface": "down"}
			}
		},
		{
			"from": [2, 0.3, 1],
			"to": [3, 15.7, 2],
			"rotation": {"angle": 0, "axis": "y", "origin": [9, 22, 10]},
			"faces": {
				"east": {"uv": [14, 0.3, 15, 15.7], "texture": "#0"},
				"south": {"uv": [2, 0.3, 3, 15.7], "texture": "#0"},
				"west": {"uv": [1, 0.3, 2, 15.7], "texture": "#0"},
				"up": {"uv": [2, 1, 3, 2], "texture": "#0", "cullface": "up"},
				"down": {"uv": [2, 14, 3, 15], "texture": "#0", "cullface": "down"}
			}
		},
		{
			"from": [13, 0.3, 1],
			"to": [14, 15.7, 2],
			"rotation": {"angle": 0, "axis": "y", "origin": [20, 22, 10]},
			"faces": {
				"east": {"uv": [14, 0.3, 15, 15.7], "texture": "#0"},
				"south": {"uv": [13, 0.3, 14, 15.7], "texture": "#0"},
				"west": {"uv": [1, 0.3, 2, 15.7], "texture": "#0"},
				"up": {"uv": [13, 1, 14, 2], "texture": "#0", "cullface": "up"},
				"down": {"uv": [13, 14, 14, 15], "texture": "#0", "cullface": "down"}
			}
		},
		{
			"from": [14, 0.3, 2],
			"to": [15, 15.7, 3],
			"rotation": {"angle": 0, "axis": "y", "origin": [21, 22, 11]},
			"faces": {
				"north": {"uv": [1, 0.3, 2, 15.7], "texture": "#0"},
				"south": {"uv": [14, 0.3, 15, 15.7], "texture": "#0"},
				"west": {"uv": [2, 0.3, 3, 15.7], "texture": "#0"},
				"up": {"uv": [14, 2, 15, 3], "texture": "#0", "cullface": "up"},
				"down": {"uv": [14, 13, 15, 14], "texture": "#0", "cullface": "down"}
			}
		}
	],
	"display": {
		"thirdperson_righthand": {
			"rotation": [75, 45, 0],
			"translation": [0, 2.5, 0],
			"scale": [0.375, 0.375, 0.375]
		},
		"thirdperson_lefthand": {
			"rotation": [75, 45, 0],
			"translation": [0, 2.5, 0],
			"scale": [0.375, 0.375, 0.375]
		},
		"firstperson_righthand": {
			"rotation": [0, 45, 0],
			"scale": [0.4, 0.4, 0.4]
		},
		"firstperson_lefthand": {
			"rotation": [0, 225, 0],
			"scale": [0.4, 0.4, 0.4]
		},
		"ground": {
			"translation": [0, 3, 0],
			"scale": [0.25, 0.25, 0.25]
		},
		"gui": {
			"rotation": [30, 225, 0],
			"scale": [0.625, 0.625, 0.625]
		},
		"fixed": {
			"scale": [0.5, 0.5, 0.5]
		}
	},
	"groups": [
		0,
		{
			"name": "1",
			"origin": [8, 8, 8],
			"color": 0,
			"children": [1, 2, 3, 4, 5, 6, 7, 8, 9, 10, 11, 12]
		},
		{
			"name": "2",
			"origin": [8, 8, 8],
			"color": 0,
			"children": [
				13,
				14,
				15,
				16,
				17,
				18,
				19,
				20,
				21,
				22,
				23,
				24,
				25,
				26,
				27,
				28,
				29,
				30,
				31,
				32,
				33,
				34,
				35,
				36,
				{
					"name": "2-1",
					"origin": [8, 8, 8],
					"color": 0,
					"children": [37, 38, 39, 40, 41, 42, 43, 44, 45, 46, 47, 48, 49, 50, 51, 52, 53, 54, 55, 56, 57, 58, 59, 60]
				},
				{
					"name": "2-2",
					"origin": [8, 8, 8],
					"color": 0,
					"children": [61, 62, 63, 64, 65, 66, 67, 68, 69, 70, 71, 72, 73, 74, 75, 76, 77, 78, 79, 80, 81, 82, 83, 84]
				}
			]
		}
	]
}