{
	"credit": "Made with Blockbench",
	"parent": "block/block",
	"textures": {
		"bottom": "block/stonecutter_bottom",
		"top": "block/stonecutter_top",
		"particle": "block/stonecutter_side",
		"side": "block/stonecutter_side",
		"saw": "block/stonecutter_saw"
	},
	"elements": [
		{
			"name": "base",
			"from": [0, 0, 0],
			"to": [16, 9, 16],
			"faces": {
				"north": {"uv": [0, 7, 16, 16], "texture": "#side", "cullface": "north"},
				"east": {"uv": [0, 7, 16, 16], "texture": "#side", "cullface": "east"},
				"south": {"uv": [0, 7, 16, 16], "texture": "#side", "cullface": "south"},
				"west": {"uv": [0, 7, 16, 16], "texture": "#side", "cullface": "west"},
				"up": {"uv": [0, 0, 16, 16], "texture": "#top"},
				"down": {"uv": [0, 0, 16, 16], "texture": "#bottom", "cullface": "down"}
			}
		},
		{
			"from": [1, 9, 7.5],
			"to": [2, 12, 8.5],
			"rotation": {"angle": 0, "axis": "y", "origin": [9, 17, 15.5]},
			"faces": {
				"north": {"uv": [14, 13, 15, 16], "texture": "#saw"},
				"south": {"uv": [15, 13, 14, 16], "texture": "#saw"},
				"west": {"uv": [14, 13, 15, 16], "texture": "#saw"},
				"up": {"uv": [14, 13, 15, 14], "rotation": 180, "texture": "#saw"}
			}
		},
		{
			"from": [2, 9, 7.5],
			"to": [3, 14, 8.5],
			"rotation": {"angle": 0, "axis": "y", "origin": [10, 17, 15.5]},
			"faces": {
				"north": {"uv": [13, 11, 14, 16], "texture": "#saw"},
				"south": {"uv": [14, 11, 13, 16], "texture": "#saw"},
				"west": {"uv": [13, 11, 14, 16], "texture": "#saw"},
				"up": {"uv": [13, 11, 14, 12], "rotation": 180, "texture": "#saw"}
			}
		},
		{
			"from": [3, 9, 7.5],
			"to": [13, 15, 8.5],
			"rotation": {"angle": 0, "axis": "y", "origin": [11, 17, 15.5]},
			"faces": {
				"north": {"uv": [3, 10, 13, 16], "texture": "#saw"},
				"east": {"uv": [3, 10, 4, 16], "texture": "#saw"},
				"south": {"uv": [13, 10, 3, 16], "texture": "#saw"},
				"west": {"uv": [3, 10, 4, 16], "texture": "#saw"},
				"up": {"uv": [3, 10, 13, 11], "rotation": 180, "texture": "#saw"}
			}
		},
		{
			"from": [13, 9, 7.5],
			"to": [14, 14, 8.5],
			"rotation": {"angle": 0, "axis": "y", "origin": [12, 17, 15.5]},
			"faces": {
				"north": {"uv": [2, 11, 3, 16], "texture": "#saw"},
				"east": {"uv": [2, 11, 3, 16], "texture": "#saw"},
				"south": {"uv": [3, 11, 2, 16], "texture": "#saw"},
				"up": {"uv": [2, 11, 3, 12], "rotation": 180, "texture": "#saw"}
			}
		},
		{
			"from": [14, 9, 7.5],
			"to": [15, 12, 8.5],
			"rotation": {"angle": 0, "axis": "y", "origin": [13, 17, 15.5]},
			"faces": {
				"north": {"uv": [1, 13, 2, 16], "texture": "#saw"},
				"east": {"uv": [1, 13, 2, 16], "texture": "#saw"},
				"south": {"uv": [2, 13, 1, 16], "texture": "#saw"},
				"up": {"uv": [1, 13, 2, 14], "rotation": 180, "texture": "#saw"}
			}
		},
		{
			"from": [5, 15, 7.5],
			"to": [11, 16, 8.5],
			"rotation": {"angle": 0, "axis": "y", "origin": [9, 21, 15.5]},
			"faces": {
				"north": {"uv": [5, 9, 11, 10], "texture": "#saw"},
				"east": {"uv": [5, 9, 6, 10], "texture": "#saw"},
				"south": {"uv": [11, 9, 5, 10], "texture": "#saw"},
				"west": {"uv": [5, 9, 6, 10], "texture": "#saw"},
				"up": {"uv": [5, 9, 11, 10], "rotation": 180, "texture": "#saw", "cullface": "up"}
			}
		},
		{
			"from": [-1, -0.5, 13],
			"to": [3, 9.5, 17],
			"rotation": {"angle": 0, "axis": "y", "origin": [7.5, 8, 21.5]},
			"faces": {
				"north": {"uv": [13, 7, 16, 16], "texture": "#side"},
				"east": {"uv": [0, 7, 3, 16], "texture": "#side"},
				"south": {"uv": [0, 7, 3, 16], "texture": "#side", "cullface": "south"},
				"west": {"uv": [13, 7, 16, 16], "texture": "#side", "cullface": "west"},
				"up": {"uv": [0, 13, 3, 16], "texture": "#top"},
				"down": {"uv": [0, 0, 3, 3], "texture": "#top", "cullface": "down"}
			}
		},
		{
			"from": [-1, -0.5, -1],
			"to": [3, 9.5, 3],
			"rotation": {"angle": 0, "axis": "y", "origin": [7.5, 8, 7.5]},
			"faces": {
				"north": {"uv": [13, 7, 16, 16], "texture": "#side", "cullface": "north"},
				"east": {"uv": [13, 7, 16, 16], "texture": "#side"},
				"south": {"uv": [0, 7, 3, 16], "texture": "#side"},
				"west": {"uv": [0, 7, 3, 16], "texture": "#side", "cullface": "west"},
				"up": {"uv": [0, 0, 3, 3], "texture": "#top"},
				"down": {"uv": [0, 13, 3, 16], "texture": "#top", "cullface": "down"}
			}
		},
		{
			"from": [13, -0.5, -1],
			"to": [17, 9.5, 3],
			"rotation": {"angle": 0, "axis": "y", "origin": [21.5, 8, 7.5]},
			"faces": {
				"north": {"uv": [0, 7, 3, 16], "texture": "#side", "cullface": "north"},
				"east": {"uv": [13, 7, 16, 16], "texture": "#side", "cullface": "east"},
				"south": {"uv": [13, 7, 16, 16], "texture": "#side"},
				"west": {"uv": [0, 7, 3, 16], "texture": "#side"},
				"up": {"uv": [13, 0, 16, 3], "texture": "#top"},
				"down": {"uv": [13, 13, 16, 16], "texture": "#top", "cullface": "down"}
			}
		},
		{
			"from": [13, -0.5, 13],
			"to": [17, 9.5, 17],
			"rotation": {"angle": 0, "axis": "y", "origin": [21.5, 8, 21.5]},
			"faces": {
				"north": {"uv": [0, 7, 3, 16], "texture": "#side"},
				"east": {"uv": [0, 7, 3, 16], "texture": "#side", "cullface": "east"},
				"south": {"uv": [13, 7, 16, 16], "texture": "#side", "cullface": "south"},
				"west": {"uv": [13, 7, 16, 16], "texture": "#side"},
				"up": {"uv": [13, 13, 16, 16], "texture": "#top"},
				"down": {"uv": [13, 0, 16, 3], "texture": "#top", "cullface": "down"}
			}
		},
		{
			"from": [3, 5, -0.5],
			"to": [13, 7, 0],
			"rotation": {"angle": 0, "axis": "y", "origin": [11, 13, 8]},
			"faces": {
				"north": {"uv": [3, 9, 13, 11], "texture": "#side", "cullface": "north"},
				"up": {"uv": [3, 9, 13, 9.5], "texture": "#side", "cullface": "north"},
				"down": {"uv": [3, 9, 13, 9.5], "texture": "#side", "cullface": "north"}
			}
		},
		{
			"from": [-0.5, 5, 3],
			"to": [0, 7, 13],
			"rotation": {"angle": 0, "axis": "y", "origin": [7, 13, 11]},
			"faces": {
				"west": {"uv": [3, 9, 13, 11], "texture": "#side", "cullface": "west"},
				"up": {"uv": [3, 9, 13, 9.5], "rotation": 90, "texture": "#side", "cullface": "west"},
				"down": {"uv": [3, 9, 13, 9.5], "rotation": 90, "texture": "#side", "cullface": "west"}
			}
		},
		{
			"from": [16, 5, 3],
			"to": [16.5, 7, 13],
			"rotation": {"angle": 0, "axis": "y", "origin": [24, 14, 11]},
			"faces": {
				"east": {"uv": [3, 9, 13, 11], "texture": "#side", "cullface": "east"},
				"up": {"uv": [3, 9, 13, 9.5], "rotation": 90, "texture": "#side", "cullface": "east"},
				"down": {"uv": [3, 9, 13, 9.5], "rotation": 90, "texture": "#side", "cullface": "east"}
			}
		},
		{
			"from": [3, 5, 16],
			"to": [13, 7, 16.5],
			"rotation": {"angle": 0, "axis": "y", "origin": [11, 13, 24]},
			"faces": {
				"south": {"uv": [3, 9, 13, 11], "texture": "#side", "cullface": "south"},
				"up": {"uv": [3, 9, 13, 9.5], "texture": "#side", "cullface": "south"},
				"down": {"uv": [3, 9, 13, 9.5], "texture": "#side", "cullface": "south"}
			}
		}
	],
	"display": {
		"thirdperson_righthand": {
			"rotation": [75, 45, 0],
			"translation": [0, 2.5, 0],
			"scale": [0.375, 0.375, 0.375]
		},
		"thirdperson_lefthand": {
			"rotation": [75, 45, 0],
			"translation": [0, 2.5, 0],
			"scale": [0.375, 0.375, 0.375]
		},
		"firstperson_righthand": {
			"rotation": [0, 45, 0],
			"scale": [0.4, 0.4, 0.4]
		},
		"firstperson_lefthand": {
			"rotation": [0, 225, 0],
			"scale": [0.4, 0.4, 0.4]
		},
		"ground": {
			"translation": [0, 3, 0],
			"scale": [0.25, 0.25, 0.25]
		},
		"gui": {
			"rotation": [30, 225, 0],
			"scale": [0.625, 0.625, 0.625]
		},
		"fixed": {
			"scale": [0.5, 0.5, 0.5]
		}
	},
	"groups": [0,
		{
			"name": "serra",
			"origin": [9, 21, 15.5],
			"children": [1, 2, 3, 4, 5, 6]
		},
		{
			"name": "madeira",
			"origin": [8, 8, 8],
			"children": [7, 8, 9, 10, 11, 12, 13, 14]
		}
	]
}