{
	"credit": "Made with Blockbench",
	"textures": {
		"0": "item/netherite_shovel",
		"particle": "item/netherite_shovel"
	},
	"elements": [
		{
			"from": [3, 1, 7.5],
			"to": [5, 2, 8.5],
			"rotation": {"angle": 0, "axis": "y", "origin": [11, 9, 15.5]},
			"faces": {
				"north": {"uv": [4.968, 14.032, 3.032, 14.968], "texture": "#0"},
				"east": {"uv": [3.032, 14.032, 4.968, 14.968], "texture": "#0"},
				"south": {"uv": [3.032, 14.032, 4.968, 14.968], "texture": "#0"},
				"west": {"uv": [3.032, 14.032, 4.968, 14.968], "texture": "#0"},
				"down": {"uv": [3.032, 14.032, 4.968, 14.968], "texture": "#0"}
			}
		},
		{
			"from": [2, 3, 7.5],
			"to": [4, 4, 8.5],
			"rotation": {"angle": 0, "axis": "y", "origin": [10, 11, 15.5]},
			"faces": {
				"north": {"uv": [3.968, 12.032, 2.032, 12.968], "texture": "#0"},
				"south": {"uv": [2.032, 12.032, 3.968, 12.968], "texture": "#0"},
				"west": {"uv": [2.032, 12.032, 3.968, 12.968], "texture": "#0"},
				"up": {"uv": [2.032, 12.032, 3.968, 12.968], "texture": "#0"}
			}
		},
		{
			"from": [2, 2, 7.5],
			"to": [3, 3, 8.5],
			"rotation": {"angle": 0, "axis": "y", "origin": [10, 10, 15.5]},
			"faces": {
				"north": {"uv": [2.968, 13.032, 2.032, 13.968], "texture": "#0"},
				"south": {"uv": [2.032, 13.032, 2.968, 13.968], "texture": "#0"},
				"west": {"uv": [2.032, 13.032, 2.968, 13.968], "texture": "#0"},
				"down": {"uv": [2.032, 13.032, 2.968, 13.968], "texture": "#0"}
			}
		},
		{
			"from": [4, 2, 7.5],
			"to": [5, 3, 8.5],
			"rotation": {"angle": 0, "axis": "y", "origin": [12, 10, 15.5]},
			"faces": {
				"north": {"uv": [4.968, 13.032, 4.032, 13.968], "texture": "#0"},
				"east": {"uv": [4.032, 13.032, 4.968, 13.968], "texture": "#0"},
				"south": {"uv": [4.032, 13.032, 4.968, 13.968], "texture": "#0"}
			}
		},
		{
			"from": [5, 3, 7.5],
			"to": [6, 4, 8.5],
			"rotation": {"angle": 0, "axis": "y", "origin": [13, 11, 15.5]},
			"faces": {
				"north": {"uv": [5.968, 12.032, 5.032, 12.968], "texture": "#0"},
				"east": {"uv": [5.032, 12.032, 5.968, 12.968], "texture": "#0"},
				"south": {"uv": [5.032, 12.032, 5.968, 12.968], "texture": "#0"},
				"down": {"uv": [5.032, 12.032, 5.968, 12.968], "texture": "#0"}
			}
		},
		{
			"from": [6, 4, 7.5],
			"to": [7, 5, 8.5],
			"rotation": {"angle": 0, "axis": "y", "origin": [14, 12, 15.5]},
			"faces": {
				"north": {"uv": [6.968, 11.032, 6.032, 11.968], "texture": "#0"},
				"east": {"uv": [6.032, 11.032, 6.968, 11.968], "texture": "#0"},
				"south": {"uv": [6.032, 11.032, 6.968, 11.968], "texture": "#0"},
				"down": {"uv": [6.032, 11.032, 6.968, 11.968], "texture": "#0"}
			}
		},
		{
			"from": [7, 5, 7.5],
			"to": [8, 6, 8.5],
			"rotation": {"angle": 0, "axis": "y", "origin": [15, 13, 15.5]},
			"faces": {
				"north": {"uv": [7.968, 10.032, 7.032, 10.968], "texture": "#0"},
				"east": {"uv": [7.032, 10.032, 7.968, 10.968], "texture": "#0"},
				"south": {"uv": [7.032, 10.032, 7.968, 10.968], "texture": "#0"},
				"down": {"uv": [7.032, 10.032, 7.968, 10.968], "texture": "#0"}
			}
		},
		{
			"from": [8, 6, 7.5],
			"to": [9, 7, 8.5],
			"rotation": {"angle": 0, "axis": "y", "origin": [16, 14, 15.5]},
			"faces": {
				"north": {"uv": [8.968, 9.032, 8.032, 9.968], "texture": "#0"},
				"east": {"uv": [8.032, 9.032, 8.968, 9.968], "texture": "#0"},
				"south": {"uv": [8.032, 9.032, 8.968, 9.968], "texture": "#0"},
				"down": {"uv": [8.032, 9.032, 8.968, 9.968], "texture": "#0"}
			}
		},
		{
			"from": [9, 7, 7.5],
			"to": [10, 8, 8.5],
			"rotation": {"angle": 0, "axis": "y", "origin": [17, 15, 15.5]},
			"faces": {
				"north": {"uv": [9.968, 8.032, 9.032, 8.968], "texture": "#0"},
				"east": {"uv": [9.032, 8.032, 9.968, 8.968], "texture": "#0"},
				"south": {"uv": [9.032, 8.032, 9.968, 8.968], "texture": "#0"},
				"down": {"uv": [9.032, 8.032, 9.968, 8.968], "texture": "#0"}
			}
		},
		{
			"from": [10, 8, 7.5],
			"to": [11, 9, 8.5],
			"rotation": {"angle": 0, "axis": "y", "origin": [18, 16, 15.5]},
			"faces": {
				"north": {"uv": [10.968, 7.032, 10.032, 7.968], "texture": "#0"},
				"south": {"uv": [10.032, 7.032, 10.968, 7.968], "texture": "#0"},
				"down": {"uv": [10.032, 7.032, 10.968, 7.968], "texture": "#0"}
			}
		},
		{
			"from": [9, 9, 7.5],
			"to": [10, 10, 8.5],
			"rotation": {"angle": 0, "axis": "y", "origin": [17, 17, 15.5]},
			"faces": {
				"north": {"uv": [9.968, 6.032, 9.032, 6.968], "texture": "#0"},
				"south": {"uv": [9.032, 6.032, 9.968, 6.968], "texture": "#0"},
				"west": {"uv": [9.032, 6.032, 9.968, 6.968], "texture": "#0"}
			}
		},
		{
			"from": [8, 8, 7.5],
			"to": [9, 9, 8.5],
			"rotation": {"angle": 0, "axis": "y", "origin": [16, 16, 15.5]},
			"faces": {
				"north": {"uv": [8.968, 7.032, 8.032, 7.968], "texture": "#0"},
				"south": {"uv": [8.032, 7.032, 8.968, 7.968], "texture": "#0"},
				"west": {"uv": [8.032, 7.032, 8.968, 7.968], "texture": "#0"},
				"up": {"uv": [8.032, 7.032, 8.968, 7.968], "texture": "#0"}
			}
		},
		{
			"from": [7, 7, 7.5],
			"to": [8, 8, 8.5],
			"rotation": {"angle": 0, "axis": "y", "origin": [15, 15, 15.5]},
			"faces": {
				"north": {"uv": [7.968, 8.032, 7.032, 8.968], "texture": "#0"},
				"south": {"uv": [7.032, 8.032, 7.968, 8.968], "texture": "#0"},
				"west": {"uv": [7.032, 8.032, 7.968, 8.968], "texture": "#0"},
				"up": {"uv": [7.032, 8.032, 7.968, 8.968], "texture": "#0"}
			}
		},
		{
			"from": [6, 6, 7.5],
			"to": [7, 7, 8.5],
			"rotation": {"angle": 0, "axis": "y", "origin": [14, 14, 15.5]},
			"faces": {
				"north": {"uv": [6.968, 9.032, 6.032, 9.968], "texture": "#0"},
				"south": {"uv": [6.032, 9.032, 6.968, 9.968], "texture": "#0"},
				"west": {"uv": [6.032, 9.032, 6.968, 9.968], "texture": "#0"},
				"up": {"uv": [6.032, 9.032, 6.968, 9.968], "texture": "#0"}
			}
		},
		{
			"from": [5, 5, 7.5],
			"to": [6, 6, 8.5],
			"rotation": {"angle": 0, "axis": "y", "origin": [13, 13, 15.5]},
			"faces": {
				"north": {"uv": [5.968, 10.032, 5.032, 10.968], "texture": "#0"},
				"south": {"uv": [5.032, 10.032, 5.968, 10.968], "texture": "#0"},
				"west": {"uv": [5.032, 10.032, 5.968, 10.968], "texture": "#0"},
				"up": {"uv": [5.032, 10.032, 5.968, 10.968], "texture": "#0"}
			}
		},
		{
			"from": [4, 4, 7.5],
			"to": [5, 5, 8.5],
			"rotation": {"angle": 0, "axis": "y", "origin": [12, 12, 15.5]},
			"faces": {
				"north": {"uv": [4.968, 11.032, 4.032, 11.968], "texture": "#0"},
				"south": {"uv": [4.032, 11.032, 4.968, 11.968], "texture": "#0"},
				"west": {"uv": [4.032, 11.032, 4.968, 11.968], "texture": "#0"},
				"up": {"uv": [4.032, 11.032, 4.968, 11.968], "texture": "#0"}
			}
		},
		{
			"from": [8, 10, 7.5],
			"to": [9, 11, 8.5],
			"rotation": {"angle": 0, "axis": "y", "origin": [16, 18, 15.5]},
			"faces": {
				"north": {"uv": [8.968, 5.032, 8.032, 5.968], "texture": "#0"},
				"south": {"uv": [8.032, 5.032, 8.968, 5.968], "texture": "#0"},
				"west": {"uv": [8.032, 5.032, 8.968, 5.968], "texture": "#0"},
				"up": {"uv": [8.032, 5.032, 8.968, 5.968], "texture": "#0"},
				"down": {"uv": [8.032, 5.032, 8.968, 5.968], "texture": "#0"}
			}
		},
		{
			"from": [9, 11, 7.5],
			"to": [10, 12, 8.5],
			"rotation": {"angle": 0, "axis": "y", "origin": [17, 19, 15.5]},
			"faces": {
				"north": {"uv": [9.968, 4.032, 9.032, 4.968], "texture": "#0"},
				"south": {"uv": [9.032, 4.032, 9.968, 4.968], "texture": "#0"},
				"west": {"uv": [9.032, 4.032, 9.968, 4.968], "texture": "#0"},
				"up": {"uv": [9.032, 4.032, 9.968, 4.968], "texture": "#0"}
			}
		},
		{
			"from": [10, 12, 7.5],
			"to": [11, 13, 8.5],
			"rotation": {"angle": 0, "axis": "y", "origin": [18, 20, 15.5]},
			"faces": {
				"north": {"uv": [10.968, 3.032, 10.032, 3.968], "texture": "#0"},
				"south": {"uv": [10.032, 3.032, 10.968, 3.968], "texture": "#0"},
				"west": {"uv": [10.032, 3.032, 10.968, 3.968], "texture": "#0"},
				"up": {"uv": [10.032, 3.032, 10.968, 3.968], "texture": "#0"}
			}
		},
		{
			"from": [11, 7, 7.5],
			"to": [12, 8, 8.5],
			"rotation": {"angle": 0, "axis": "y", "origin": [19, 15, 15.5]},
			"faces": {
				"north": {"uv": [11.968, 8.032, 11.032, 8.968], "texture": "#0"},
				"east": {"uv": [11.032, 8.032, 11.968, 8.968], "texture": "#0"},
				"south": {"uv": [11.032, 8.032, 11.968, 8.968], "texture": "#0"},
				"west": {"uv": [11.032, 8.032, 11.968, 8.968], "texture": "#0"},
				"down": {"uv": [11.032, 8.032, 11.968, 8.968], "texture": "#0"}
			}
		},
		{
			"from": [12, 8, 7.5],
			"to": [13, 9, 8.5],
			"rotation": {"angle": 0, "axis": "y", "origin": [20, 16, 15.5]},
			"faces": {
				"north": {"uv": [12.968, 7.032, 12.032, 7.968], "texture": "#0"},
				"east": {"uv": [12.032, 7.032, 12.968, 7.968], "texture": "#0"},
				"south": {"uv": [12.032, 7.032, 12.968, 7.968], "texture": "#0"},
				"down": {"uv": [12.032, 7.032, 12.968, 7.968], "texture": "#0"}
			}
		},
		{
			"from": [13, 9, 7.5],
			"to": [14, 10, 8.5],
			"rotation": {"angle": 0, "axis": "y", "origin": [21, 17, 15.5]},
			"faces": {
				"north": {"uv": [13.968, 6.032, 13.032, 6.968], "texture": "#0"},
				"east": {"uv": [13.032, 6.032, 13.968, 6.968], "texture": "#0"},
				"south": {"uv": [13.032, 6.032, 13.968, 6.968], "texture": "#0"},
				"down": {"uv": [13.032, 6.032, 13.968, 6.968], "texture": "#0"}
			}
		},
		{
			"from": [14, 10, 7.5],
			"to": [15, 13, 8.5],
			"rotation": {"angle": 0, "axis": "y", "origin": [22, 18, 15.5]},
			"faces": {
				"north": {"uv": [14.968, 3.032, 14.032, 5.968], "texture": "#0"},
				"east": {"uv": [14.032, 3.032, 14.968, 5.968], "texture": "#0"},
				"south": {"uv": [14.032, 3.032, 14.968, 5.968], "texture": "#0"},
				"up": {"uv": [14.032, 3.032, 14.968, 5.968], "texture": "#0"},
				"down": {"uv": [14.032, 3.032, 14.968, 5.968], "texture": "#0"}
			}
		},
		{
			"from": [11, 13, 7.5],
			"to": [14, 14, 8.5],
			"rotation": {"angle": 0, "axis": "y", "origin": [21, 19, 15.5]},
			"faces": {
				"north": {"uv": [13.968, 2.032, 11.032, 2.968], "texture": "#0"},
				"east": {"uv": [13.032, 2.032, 13.968, 2.968], "texture": "#0"},
				"south": {"uv": [11.032, 2.032, 13.968, 2.968], "texture": "#0"},
				"west": {"uv": [11.032, 2.032, 11.968, 2.968], "texture": "#0"},
				"up": {"uv": [11.032, 2.032, 13.968, 2.968], "texture": "#0"}
			}
		},
		{
			"from": [3, 2, 7.2],
			"to": [4, 3, 8.8],
			"rotation": {"angle": 0, "axis": "y", "origin": [11, 10, 15.5]},
			"faces": {
				"north": {"uv": [3.968, 13.032, 3.032, 13.968], "texture": "#0"},
				"east": {"uv": [3.032, 13.032, 3.968, 13.968], "texture": "#0"},
				"south": {"uv": [3.032, 13.032, 3.968, 13.968], "texture": "#0"},
				"west": {"uv": [3.032, 13.032, 3.968, 13.968], "texture": "#0"},
				"up": {"uv": [3.032, 13.032, 3.968, 13.968], "texture": "#0"},
				"down": {"uv": [3.032, 13.032, 3.968, 13.968], "texture": "#0"}
			}
		},
		{
			"from": [4, 3, 7.2],
			"to": [5, 4, 8.8],
			"rotation": {"angle": 0, "axis": "y", "origin": [12, 11, 15.5]},
			"faces": {
				"north": {"uv": [4.968, 12.032, 4.032, 12.968], "texture": "#0"},
				"east": {"uv": [4.032, 12.032, 4.968, 12.968], "texture": "#0"},
				"south": {"uv": [4.032, 12.032, 4.968, 12.968], "texture": "#0"},
				"west": {"uv": [4.032, 12.032, 4.968, 12.968], "texture": "#0"},
				"up": {"uv": [4.032, 12.032, 4.968, 12.968], "texture": "#0"},
				"down": {"uv": [4.032, 12.032, 4.968, 12.968], "texture": "#0"}
			}
		},
		{
			"from": [5, 4, 7.2],
			"to": [6, 5, 8.8],
			"rotation": {"angle": 0, "axis": "y", "origin": [13, 12, 15.5]},
			"faces": {
				"north": {"uv": [5.968, 11.032, 5.032, 11.968], "texture": "#0"},
				"east": {"uv": [5.032, 11.032, 5.968, 11.968], "texture": "#0"},
				"south": {"uv": [5.032, 11.032, 5.968, 11.968], "texture": "#0"},
				"west": {"uv": [5.032, 11.032, 5.968, 11.968], "texture": "#0"},
				"up": {"uv": [5.032, 11.032, 5.968, 11.968], "texture": "#0"},
				"down": {"uv": [5.032, 11.032, 5.968, 11.968], "texture": "#0"}
			}
		},
		{
			"from": [6, 5, 7.2],
			"to": [7, 6, 8.8],
			"rotation": {"angle": 0, "axis": "y", "origin": [14, 13, 15.5]},
			"faces": {
				"north": {"uv": [6.968, 10.032, 6.032, 10.968], "texture": "#0"},
				"east": {"uv": [6.032, 10.032, 6.968, 10.968], "texture": "#0"},
				"south": {"uv": [6.032, 10.032, 6.968, 10.968], "texture": "#0"},
				"west": {"uv": [6.032, 10.032, 6.968, 10.968], "texture": "#0"},
				"up": {"uv": [6.032, 10.032, 6.968, 10.968], "texture": "#0"},
				"down": {"uv": [6.032, 10.032, 6.968, 10.968], "texture": "#0"}
			}
		},
		{
			"from": [7, 6, 7.2],
			"to": [8, 7, 8.8],
			"rotation": {"angle": 0, "axis": "y", "origin": [15, 14, 15.5]},
			"faces": {
				"north": {"uv": [7.968, 9.032, 7.032, 9.968], "texture": "#0"},
				"east": {"uv": [7.032, 9.032, 7.968, 9.968], "texture": "#0"},
				"south": {"uv": [7.032, 9.032, 7.968, 9.968], "texture": "#0"},
				"west": {"uv": [7.032, 9.032, 7.968, 9.968], "texture": "#0"},
				"up": {"uv": [7.032, 9.032, 7.968, 9.968], "texture": "#0"},
				"down": {"uv": [7.032, 9.032, 7.968, 9.968], "texture": "#0"}
			}
		},
		{
			"from": [8, 7, 7.2],
			"to": [9, 8, 8.8],
			"rotation": {"angle": 0, "axis": "y", "origin": [16, 15, 15.5]},
			"faces": {
				"north": {"uv": [8.968, 8.032, 8.032, 8.968], "texture": "#0"},
				"east": {"uv": [8.032, 8.032, 8.968, 8.968], "texture": "#0"},
				"south": {"uv": [8.032, 8.032, 8.968, 8.968], "texture": "#0"},
				"west": {"uv": [8.032, 8.032, 8.968, 8.968], "texture": "#0"},
				"up": {"uv": [8.032, 8.032, 8.968, 8.968], "texture": "#0"},
				"down": {"uv": [8.032, 8.032, 8.968, 8.968], "texture": "#0"}
			}
		},
		{
			"from": [9, 8, 7.2],
			"to": [10, 9, 8.8],
			"rotation": {"angle": 0, "axis": "y", "origin": [17, 16, 15.5]},
			"faces": {
				"north": {"uv": [9.968, 7.032, 9.032, 7.968], "texture": "#0"},
				"east": {"uv": [9.032, 7.032, 9.968, 7.968], "texture": "#0"},
				"south": {"uv": [9.032, 7.032, 9.968, 7.968], "texture": "#0"},
				"west": {"uv": [9.032, 7.032, 9.968, 7.968], "texture": "#0"},
				"up": {"uv": [9.032, 7.032, 9.968, 7.968], "texture": "#0"},
				"down": {"uv": [9.032, 7.032, 9.968, 7.968], "texture": "#0"}
			}
		},
		{
			"from": [9, 10, 7.2],
			"to": [10, 11, 8.8],
			"rotation": {"angle": 0, "axis": "y", "origin": [17, 18, 15.5]},
			"faces": {
				"north": {"uv": [9.968, 5.032, 9.032, 5.968], "texture": "#0"},
				"south": {"uv": [9.032, 5.032, 9.968, 5.968], "texture": "#0"},
				"west": {"uv": [9.032, 5.032, 9.968, 5.968], "texture": "#0"},
				"up": {"uv": [9.032, 5.032, 9.968, 5.968], "texture": "#0"},
				"down": {"uv": [9.032, 5.032, 9.968, 5.968], "texture": "#0"}
			}
		},
		{
			"from": [10, 11, 7.2],
			"to": [11, 12, 8.8],
			"rotation": {"angle": 0, "axis": "y", "origin": [18, 19, 15.5]},
			"faces": {
				"north": {"uv": [10.968, 4.032, 10.032, 4.968], "texture": "#0"},
				"south": {"uv": [10.032, 4.032, 10.968, 4.968], "texture": "#0"},
				"west": {"uv": [10.032, 4.032, 10.968, 4.968], "texture": "#0"},
				"up": {"uv": [10.032, 4.032, 10.968, 4.968], "texture": "#0"}
			}
		},
		{
			"from": [11, 8, 7.2],
			"to": [12, 9, 8.8],
			"rotation": {"angle": 0, "axis": "y", "origin": [19, 16, 15.5]},
			"faces": {
				"north": {"uv": [11.968, 7.032, 11.032, 7.968], "texture": "#0"},
				"east": {"uv": [11.032, 7.032, 11.968, 7.968], "texture": "#0"},
				"south": {"uv": [11.032, 7.032, 11.968, 7.968], "texture": "#0"},
				"west": {"uv": [11.032, 7.032, 11.968, 7.968], "texture": "#0"},
				"down": {"uv": [11.032, 7.032, 11.968, 7.968], "texture": "#0"}
			}
		},
		{
			"from": [12, 9, 7.2],
			"to": [13, 10, 8.8],
			"rotation": {"angle": 0, "axis": "y", "origin": [20, 17, 15.5]},
			"faces": {
				"north": {"uv": [12.968, 6.032, 12.032, 6.968], "texture": "#0"},
				"east": {"uv": [12.032, 6.032, 12.968, 6.968], "texture": "#0"},
				"south": {"uv": [12.032, 6.032, 12.968, 6.968], "texture": "#0"},
				"down": {"uv": [12.032, 6.032, 12.968, 6.968], "texture": "#0"}
			}
		},
		{
			"from": [10, 9, 7.2],
			"to": [12, 11, 8.8],
			"rotation": {"angle": 0, "axis": "y", "origin": [19, 17, 15.5]},
			"faces": {
				"north": {"uv": [11.968, 5.032, 10.032, 6.968], "texture": "#0"},
				"south": {"uv": [10.032, 5.032, 11.968, 6.968], "texture": "#0"},
				"west": {"uv": [10.032, 5.032, 11.968, 6.968], "texture": "#0"},
				"down": {"uv": [10.032, 5.032, 11.968, 6.968], "texture": "#0"}
			}
		},
		{
			"from": [12, 11, 7.2],
			"to": [14, 13, 8.8],
			"rotation": {"angle": 0, "axis": "y", "origin": [21, 19, 15.5]},
			"faces": {
				"north": {"uv": [13.968, 3.032, 12.032, 4.968], "texture": "#0"},
				"east": {"uv": [12.032, 3.032, 13.968, 3.968], "rotation": 270, "texture": "#0"},
				"south": {"uv": [12.032, 3.032, 13.968, 4.968], "texture": "#0"},
				"up": {"uv": [12.032, 3.032, 13.968, 3.968], "texture": "#0"}
			}
		},
		{
			"from": [12, 10, 7.2],
			"to": [14, 11, 8.8],
			"rotation": {"angle": 0, "axis": "y", "origin": [21, 18, 15.5]},
			"faces": {
				"north": {"uv": [13.968, 5.032, 12.032, 5.968], "texture": "#0"},
				"east": {"uv": [12.032, 5.032, 13.968, 5.968], "texture": "#0"},
				"south": {"uv": [12.032, 5.032, 13.968, 5.968], "texture": "#0"},
				"down": {"uv": [12.032, 5.032, 13.968, 5.968], "texture": "#0"}
			}
		},
		{
			"from": [11, 11, 7.2],
			"to": [12, 13, 8.8],
			"rotation": {"angle": 0, "axis": "y", "origin": [20, 19, 15.5]},
			"faces": {
				"north": {"uv": [11.968, 3.032, 11.032, 4.968], "texture": "#0"},
				"south": {"uv": [11.032, 3.032, 11.968, 4.968], "texture": "#0"},
				"west": {"uv": [11.032, 3.032, 11.968, 4.968], "texture": "#0"},
				"up": {"uv": [11.032, 3.032, 11.968, 4.968], "texture": "#0"}
			}
		}
	],
	"gui_light": "front",
	"display": {
		"thirdperson_righthand": {
			"rotation": [0, -90, 55],
			"translation": [0, 4, 0.5],
			"scale": [0.85, 0.85, 0.85]
		},
		"thirdperson_lefthand": {
			"rotation": [0, 90, -55],
			"translation": [0, 4, 0.5],
			"scale": [0.85, 0.85, 0.85]
		},
		"firstperson_righthand": {
			"rotation": [0, -90, 25],
			"translation": [1.13, 3.2, 1.13],
			"scale": [0.68, 0.68, 0.68]
		},
		"firstperson_lefthand": {
			"rotation": [0, 90, -25],
			"translation": [1.13, 3.2, 1.13],
			"scale": [0.68, 0.68, 0.68]
		},
		"ground": {
			"translation": [0, 2, 0],
			"scale": [0.5, 0.5, 0.5]
		},
		"head": {
			"rotation": [0, 180, 0],
			"translation": [0, 13, 7]
		},
		"fixed": {
			"rotation": [0, 180, 0]
		}
	},
	"groups": [
		{
			"name": "1",
			"origin": [8, 8, 8],
			"children": [0, 1, 2, 3, 4, 5, 6, 7, 8, 9, 10, 11, 12, 13, 14, 15, 16, 17, 18, 19, 20, 21, 22, 23]
		},
		{
			"name": "2",
			"origin": [8, 8, 8],
			"children": [24, 25, 26, 27, 28, 29, 30, 31, 32, 33, 34, 35, 36, 37, 38]
		}
	]
}